pyroCb_id,time,pixel_latitude,pixel_longitude,latitude_vegetation,longitude_vegetation,cvh,cvl,tvh,tvl,dist_km,fire_proxy,cloud_height_proxy,raw_fire_bt,raw_cloud_bt,simulated_green,t2m,sp,u10,v10,z,blh,cape,tp,cin,slhf,sshf,fg10,wind_speed10,wind_dir_deg,cin_filled,injection_potential,PII,capped_flag,elevation,slope,aspect_sin,aspect_cos,tpi,tri,rh_650,rh_750,rh_850,u_250,v_250,step,age_h,hour_utc,doy,diurnal_sin,diurnal_cos,season_sin,season_cos,wind250,wind_dir250,dir_shear_deg,speed_shear,gust_factor,ventilation,bowen,net_hflux,buoy_forcing,trigger_idx,rh_colmean,rh_lapse,dry_air_entrain,upslope_idx,d_fire_proxy,d_cloud_height_proxy,d_raw_cloud_bt,d_raw_fire_bt,d_blh,d_cape,d_ventilation,phase,phase_name,dry_spell,y_fire_proxy_p1,y_chp_p1,y_cbt_chg_p1,y_intensify_p1,y_pii_p1
179,2021-05-27 06:00:00,33.287441579264026,-108.5884828,33.25,-108.5,0.88882446,0.093578815,3,16,1.759520275503201,-90.97516,2.1214066,0.08201026,0.4504775,91.42564,285.41797,78444.81,1.8000793,-0.9734497,21641.742,29.842527,0.0,0.0,,-9385.0,30882.0,4.455146,2.046433435203447,118.4037054072623,0.0,-0.214815894,-0.019455698,0.0,3040.0,29.0,0.37460658,0.92718387,4.5675673,1.0,21.704833984375,13.238544464111328,16.76616668701172,30.14497375488281,18.56298828125,0,0.0,6,147,1.0,6.123233995736766e-17,0.5751899607119775,-0.8180198708443175,35.40203350956549,238.37563335192942,119.97192794466713,33.355600074362044,2.1770295204139343,61.07074504376162,3.2905700586041555,21497.0,0.0,0.0,17.236515045166016,-4.938667297363281,78.295166015625,0.1115332185983778,,,,,,,,1,mature,1.0,-97.58934,1.5844574,0.06726715999999999,0.0,-0.215181818
179,2021-05-27 12:00:00,33.287441579264026,-108.5884828,33.25,-108.5,0.88882446,0.093578815,3,16,1.759520275503201,-97.58934,1.5844574,0.0344326,0.51774466,98.107086,283.81982,78381.625,-0.6374512,-1.7632446,21641.742,19.02275,0.0,0.0,,-11440.0,53303.0,3.6936464,1.8749334793028256,199.87602326509148,0.0,-0.405667962,-0.215181818,0.0,3040.0,29.0,0.37460658,0.92718387,4.5675673,1.0,27.561798095703125,16.804243087768555,29.028404235839844,31.93148803710937,23.41680908203125,1,6.0,12,147,1.2246467991473532e-16,-1.0,0.5751899607119775,-0.8180198708443175,39.5975614886619,233.74571359154413,33.869690326452655,37.72262800935908,1.9700146382651633,35.666390843407825,4.659353146853147,41863.0,0.0,0.0,24.464815139770508,1.4666061401367188,72.43820190429688,0.9993129725518386,-6.614180000000005,-0.5369491999999998,0.06726715999999999,-0.04757766,-10.819777000000002,0.0,-25.404354200353794,1,mature,2.0,-98.93545,0.5549164,0.08916794000000006,0.0,-0.223115053
179,2021-05-27 18:00:00,33.287441579264026,-108.5884828,33.25,-108.5,0.88882446,0.093578815,3,16,1.759520275503201,-98.93545,0.5549164,32.590084,0.6069126,99.54236,296.2649,78424.69,2.9282074,2.4809418,21641.742,3220.694,0.0,0.0,,-257449.0,-1756259.0,11.259994,3.837899268141622,49.72685537694895,0.0,-0.183974973,-0.223115053,0.0,3040.0,29.0,0.37460658,0.92718387,4.5675673,1.0,27.39344787597656,14.19509506225586,11.27602195739746,31.07945251464844,21.67584228515625,2,12.0,18,147,-1.0,-1.8369701987210297e-16,0.5751899607119775,-0.8180198708443175,37.8916152648743,235.10680109849238,174.62005427845656,34.05371599673268,2.9338951372353987,12360.699145508113,-6.821774409688909,-2013708.0,0.0,0.0,17.62152163187663,-16.1174259185791,72.60655212402344,-0.885175641704531,-1.346109999999996,-1.029541,0.08916794000000006,32.555651399999995,3201.67125,0.0,12325.032754664706,1,mature,3.0,-99.40178,0.95085144,-0.07039574999999998,1.0,-0.20452987
179,2021-05-28 00:00:00,33.287441579264026,-108.5884828,33.25,-108.5,0.88882446,0.093578815,3,16,1.759520275503201,-99.40178,0.95085144,24.936518,0.53651685,99.93829,297.21753,78231.0,3.6202393,2.4089966,21641.742,3189.0579,0.0,0.0,,-181576.0,-773753.0,13.473206,4.348493671155111,56.3592255,0.0,-0.199941493,-0.20452987,0.0,3040.0,29.0,0.37460658,0.92718387,4.5675673,1.0,22.14858055114746,12.047037124633787,10.058138847351074,21.766632080078125,8.594024658203125,3,18.0,0,148,0.0,1.0,0.5610336262283677,-0.8277930117131022,23.401784802345514,248.4546218625165,167.90460363748355,19.053291131190402,3.098361644026734,13867.59809509721,-4.2613175750099135,-955329.0,0.0,0.0,14.751252174377441,-12.090441703796387,77.85141944885254,-0.8255153373828371,-0.46632999999999925,0.39593504,-0.07039574999999998,-7.653565999999998,-31.63610000000017,0.0,1506.8989495890964,1,mature,4.0,-99.15588,2.1118546,-0.0015643499999999921,1.0,-0.247898664
179,2021-05-28 06:00:00,33.287441579264026,-108.5884828,33.25,-108.5,0.88882446,0.093578815,3,16,1.759520275503201,-99.15588,2.1118546,0.002714154,0.5349525,99.690834,285.9912,78377.31,1.2045593,-2.0355377,21641.742,33.441696,0.0,0.0,,-7218.0,30642.0,4.0980616,2.365243504448914,149.38445249735696,0.0,-0.449489531,-0.247898664,0.0,3040.0,29.0,0.37460658,0.92718387,4.5675673,1.0,15.003979682922363,13.651347160339355,16.103185653686523,23.59017944335937,-3.886917114257813,4,24.0,6,148,1.0,6.123233995736766e-17,0.5610336262283677,-0.8277930117131022,23.90825570431698,279.3564689512901,129.97201645393312,21.543012199868066,1.7326172093028624,79.09775424175524,4.245220282626766,23424.0,0.0,0.0,14.919504165649414,1.0992059707641602,84.99602031707764,0.607160263373854,0.245900000000006,1.16100316,-0.0015643499999999921,-24.933803846,-3155.616204,0.0,-13788.500340855455,1,mature,5.0,-91.44462,-3.9968185,-0.15799950000000007,0.0,-0.13005477
179,2021-05-28 12:00:00,33.287441579264026,-108.5884828,33.25,-108.5,0.88882446,0.093578815,3,16,1.759520275503201,-91.44462,-3.9968185,0.018573377,0.376953,91.82157,281.1328,78327.625,-0.24627686,-0.86535645,21641.742,12.567247,0.0,0.0,,-10618.0,66418.0,2.7695112,0.8997188879467087,195.88613345876607,0.0,-0.22970451,-0.13005477,0.0,3040.0,29.0,0.37460658,0.92718387,4.5675673,1.0,18.87051010131836,12.622864723205566,29.0842399597168,30.164459228515625,-1.4835662841796875,5,30.0,12,148,1.2246467991473532e-16,-1.0,0.5610336262283677,-0.8277930117131022,30.20092001029664,272.8156860831635,76.92955262439739,29.301201122349934,3.0781961311498454,11.306989495391612,6.255226973064607,55800.0,0.0,0.0,20.192538261413574,10.213729858398441,81.12948989868164,0.9943121992632258,7.711259999999996,-6.1086731,-0.15799950000000007,0.015859223,-20.874449,0.0,-67.79076474636364,0,growth,6.0,-93.91057,0.4087677,0.35510773000000007,1.0,-0.226666381
179,2021-05-28 18:00:00,33.287441579264026,-108.5884828,33.25,-108.5,0.88882446,0.093578815,3,16,1.759520275503201,-93.91057,0.4087677,48.273067,0.73206073,94.64263,297.99243,78371.625,1.7767639,2.7120972,21641.742,2775.8953,0.0,0.0,,-240049.0,-1740756.0,10.420496,3.2422771594345616,33.22982836469083,0.0,-0.075821043,-0.226666381,0.0,3040.0,29.0,0.37460658,0.92718387,4.5675673,1.0,17.18170738220215,8.637378692626953,7.299050331115723,30.76409912109375,-6.3924407958984375,6,36.0,18,148,-1.0,-1.8369701987210297e-16,0.5610336262283677,-0.8277930117131022,31.421220441948908,281.738393956199,111.49143440849184,28.178943282514346,3.2139436228262754,9000.22192817175,-7.251669450820457,-1980805.0,0.0,0.0,11.039378801981607,-9.882657051086426,82.81829261779785,-0.9808538998526263,-2.4659500000000065,4.4055862,0.35510773000000007,48.254493622999995,2763.328053,0.0,8988.914938676358,2,decay,7.0,-96.23272,-0.10394287,-0.19397956000000005,0.0,-0.17805383
179,2021-05-29 00:00:00,33.287441579264026,-108.5884828,33.25,-108.5,0.88882446,0.093578815,3,16,1.759520275503201,-96.23272,-0.10394287,32.22951,0.53808117,96.7708,298.1809,78161.94,3.772461,1.8978729,21641.742,2030.7688,0.0,0.0,,-161469.0,-749174.0,13.078024,4.222959097727021,63.29366458696484,0.0,-0.2031105,-0.17805383,0.0,3040.0,29.0,0.37460658,0.92718387,4.5675673,1.0,10.01084327697754,6.143734931945801,5.27065372467041,29.71592712402344,-7.84515380859375,7,42.0,0,149,0.0,1.0,0.5467112728685939,-0.8373211953118121,30.734065190286252,284.78894627116387,138.50471831580097,26.51110609255923,3.096886258509858,8575.853579340184,-4.639738897249627,-910643.0,0.0,0.0,7.141743977864583,-4.740189552307131,89.98915672302246,-0.7513370957903016,-2.3221499999999935,-0.51271057,-0.19397956000000005,-16.043557,-745.1265000000001,0.0,-424.3683488315655,0,growth,8.0,-92.70482,-3.2381973,-0.13453417,0.0,-0.157289776
179,2021-05-29 06:00:00,33.287441579264026,-108.5884828,33.25,-108.5,0.88882446,0.093578815,3,16,1.759520275503201,-92.70482,-3.2381973,0.066151045,0.403547,93.10837,285.56177,78207.44,0.7910614,-1.1779938,21641.742,18.379013,0.0,0.0,,-7246.0,33170.0,4.7547913,1.4189600175510233,146.11734669921395,0.0,-0.265427319,-0.157289776,0.0,3040.0,29.0,0.37460658,0.92718387,4.5675673,1.0,7.315901756286621,9.308744430541992,11.111135482788086,28.43955993652344,-0.00244140625,8,48.0,6,149,1.0,6.123233995736766e-17,0.5467112728685939,-0.8373211953118121,28.439560041315225,270.00491858081386,123.88757188159991,27.020600023764203,3.350898715388946,26.079084609050486,4.577698040298095,25924.0,0.0,0.0,9.2452605565389,3.795233726501465,92.68409824371338,0.5608896850249937,3.5279000000000025,-3.13425443,-0.13453417,-32.163358955,-2012.389787,0.0,-8549.774494731133,1,mature,8.0,-89.85205,-1.2285995,-0.06726709999999997,1.0,0.000677072
179,2021-05-29 12:00:00,33.287441579264026,-108.5884828,33.25,-108.5,0.88882446,0.093578815,3,16,1.759520275503201,-89.85205,-1.2285995,0.066151045,0.3362799,90.18833,283.22217,78209.5,-0.2683258,-0.63638306,21641.742,12.213965,0.0,0.0,,-5715.0,34130.0,2.292245,0.690638932,202.86232934007083,0.0,-0.183991505,0.000677072,0.0,3040.0,29.0,0.37460658,0.92718387,4.5675673,1.0,17.384876251220703,10.654973983764648,17.152751922607422,29.74263000488281,-1.0910491943359375,9,54.0,12,149,1.2246467991473532e-16,-1.0,0.5467112728685939,-0.8373211953118121,29.76263476159018,272.10083966470324,69.23851032463241,29.071995829590183,3.319020828093137,8.43543974308538,5.972003499562555,28415.0,0.0,0.0,15.064200719197592,-0.23212432861328125,82.6151237487793,0.9998867432959443,2.8527699999999925,2.0095978,-0.06726709999999997,0.0,-6.1650480000000005,0.0,-17.643644865965108,1,mature,8.0,-86.21325,-5.199318,0.37231555,0.0,-0.215092509
179,2021-05-29 18:00:00,33.287441579264026,-108.5884828,33.25,-108.5,0.88882446,0.093578815,3,16,1.759520275503201,-86.21325,-5.199318,223.4281,0.70859545,86.921844,298.31152,78213.94,2.0518036,3.9845123,21641.742,2897.0276,0.0,0.0,,-201891.0,-1776936.0,11.914996,4.481767093661188,27.245964346130734,0.0,0.1551114065031101,-0.215092509,0.0,3040.0,29.0,0.37460658,0.92718387,4.5675673,1.0,17.942153930664062,8.72636604309082,7.213080406188965,33.05213928222656,4.672271728515625,10,60.0,18,149,-1.0,-1.8369701987210297e-16,0.5467112728685939,-0.8373211953118121,33.38074346441059,261.95394334338926,125.29202100274148,28.898976370749406,2.6585486820259003,12983.802967108246,-8.801462175134107,-1978827.0,0.0,0.0,11.293866793314615,-10.729073524475098,82.05784606933594,-0.9958113683960248,3.6388000000000034,-3.9707185,0.37231555,223.361948955,2884.813635,0.0,12975.36752736516,2,decay,8.0,-80.617775,-4.046547,-0.29409801,1.0,0.1108644730574453
179,2021-05-30 00:00:00,33.287441579264026,-108.5884828,33.25,-108.5,0.88882446,0.093578815,3,16,1.759520275503201,-80.617775,-4.046547,46.711792,0.41449744,81.03227,298.01465,77983.75,3.01445,3.5148468,21641.742,3221.0112,0.0,0.0,,-126056.0,-818487.0,14.147328,4.630448879965121,40.61749291245923,0.0,0.3421703607223673,0.1108644730574453,0.0,3040.0,29.0,0.37460658,0.92718387,4.5675673,1.0,15.15499210357666,8.544112205505371,6.691652297973633,35.49259948730469,8.578567504882812,11,66.0,0,150,0.0,1.0,0.5322271388474397,-0.8466016020976267,36.51460582838123,256.4121948630955,144.2052980493637,31.884156948416106,3.055282191152614,14914.727703395109,-6.493042774639843,-944543.0,0.0,0.0,10.130252202351889,-8.463339805603027,84.84500789642334,-0.9476709789001743,5.5954750000000075,1.1527709999999995,-0.29409801,-176.716308,323.9836,0.0,1930.9247362868628,0,growth,8.0,-92.48282,-1.0979156,0.06257405999999999,1.0,-0.153785286
179,2021-05-30 06:00:00,33.287441579264026,-108.5884828,33.25,-108.5,0.88882446,0.093578815,3,16,1.759520275503201,-92.48282,-1.0979156,0.08201026,0.4770715,92.95989,290.36694,78055.125,2.0494232,-0.39343262,21641.742,38.347446,0.0,0.0,,-4957.0,30097.0,4.590004,2.086845628976495,100.8669982955944,0.0,-0.257427235,-0.153785286,0.0,3040.0,29.0,0.37460658,0.92718387,4.5675673,1.0,19.144105911254883,11.774088859558104,12.203606605529783,35.68048095703125,8.31072998046875,12,72.0,6,150,1.0,6.123233995736766e-17,0.5322271388474397,-0.8466016020976267,36.63556952107244,256.88838992593253,156.02139163033814,34.54872389209594,2.199493789222537,80.02520006751217,6.07161589671172,25140.0,0.0,0.0,14.373933792114258,-6.940499305725099,80.85589408874512,-0.19308712987343668,-11.86504500000001,2.9486314,0.06257405999999999,-46.629781740000006,-3182.6637539999997,0.0,-14834.702503327597,1,mature,8.0,-89.54259,-1.8776627,-0.12827679999999997,0.0,-0.019032101
179,2021-05-30 12:00:00,33.287441579264026,-108.5884828,33.25,-108.5,0.88882446,0.093578815,3,16,1.759520275503201,-89.54259,-1.8776627,0.018573377,0.3487947,89.89138,282.18115,78063.31,-0.41885376,-1.4301605,21641.742,14.865415,0.0,0.0,,-5600.0,32975.0,2.8622398,1.4902340514249388,196.3238226372932,0.0,-0.174887595,-0.019032101,0.0,3040.0,29.0,0.37460658,0.92718387,4.5675673,1.0,19.16660690307617,14.742630958557127,25.898881912231445,35.6619873046875,15.8853759765625,13,78.0,12,150,1.2246467991473532e-16,-1.0,0.5322271388474397,-0.8466016020976267,39.040011634686294,245.98976180986284,49.66593917256964,37.54977758326135,1.9206646078602017,22.152947621563058,5.888392857142857,27375.0,0.0,0.0,19.936039924621582,6.732275009155277,80.83339309692383,0.9950967812605134,2.9402299999999997,-0.7797470999999998,-0.12827679999999997,-0.063436883,-23.482031,0.0,-57.872252445949115,1,mature,8.0,-89.73132,-4.452812,0.4051669,0.0,-0.311336684
179,2021-05-30 18:00:00,33.287441579264026,-108.5884828,33.25,-108.5,0.88882446,0.093578815,3,16,1.759520275503201,-89.73132,-4.452812,215.2174,0.7539616,90.48528,297.16895,78035.75,1.417038,3.9412537,21641.742,3273.3606,0.0,0.0,,-177892.0,-1812059.0,12.020689,4.188254698702992,19.77553615610145,0.0,0.084668468,-0.311336684,0.0,3040.0,29.0,0.37460658,0.92718387,4.5675673,1.0,15.4947509765625,9.17485809326172,7.354660034179687,32.84831237792969,16.749465942382812,14,84.0,18,150,-1.0,-1.8369701987210297e-16,0.5322271388474397,-0.8466016020976267,36.87216071012235,242.98281121761798,136.7927249384835,32.68390601141936,2.87009503116478,13709.667913499245,-10.186287185483327,-1989951.0,0.0,0.0,10.674756368001303,-8.140090942382812,84.5052490234375,-0.999246435411518,-0.18872999999999251,-2.5751492999999996,0.4051669,215.198826623,3258.4951849999998,0.0,13687.51496587768,2,decay,8.0,-98.4755,0.8907852,-0.2315239,1.0,-0.196854845
179,2021-05-31 00:00:00,33.287441579264026,-108.5884828,33.25,-108.5,0.88882446,0.093578815,3,16,1.759520275503201,-98.4755,0.8907852,25.932178,0.5224377,98.99794,296.33618,77927.0,2.9732819,3.5689545,21641.742,3534.8179,0.0,0.0,,-137799.0,-803930.0,13.143349,4.645195526556214,39.797546712770895,0.0,-0.145220144,-0.196854845,0.0,3040.0,29.0,0.37460658,0.92718387,4.5675673,1.0,17.450115203857422,9.691485404968262,8.48215389251709,26.3004150390625,23.10009765625,15,90.0,0,151,0.0,1.0,0.5175855102531889,-0.8556314858488706,35.00466173176412,228.70661750843843,171.0909292043325,30.35946620520791,2.829450111380784,16419.92029627083,-5.834077170371338,-941729.0,0.0,0.0,11.874584833780924,-8.967961311340332,82.54988479614258,-0.9521424755432988,-8.74418,5.3435972,-0.2315239,-189.285222,261.45730000000003,0.0,2710.252382771585,0,growth,8.0,-94.31148,-0.37254333,-0.09229675999999998,0.0,-0.137820004
179,2021-05-31 06:00:00,33.287441579264026,-108.5884828,33.25,-108.5,0.88882446,0.093578815,3,16,1.759520275503201,-94.31148,-0.37254333,0.0344326,0.43014094,94.741615,290.96777,78136.69,0.7147217,-0.7749176,21641.742,16.45337,0.0,0.0,,-3508.0,15145.0,4.125349,1.054193718080624,137.31404711491632,0.0,-0.311730335,-0.137820004,0.0,3040.0,29.0,0.37460658,0.92718387,4.5675673,1.0,24.465591430664062,16.691734313964844,15.2437162399292,23.704864501953125,31.91851806640625,16,96.0,6,151,1.0,6.123233995736766e-17,0.5175855102531889,-0.8556314858488706,39.75817395972128,216.60009370938192,79.28604659446557,38.70398024164066,3.913274125282253,17.345039295256196,4.3172748004561,11637.0,0.0,0.0,18.800347328186035,-9.221875190734863,75.53440856933594,0.42757951948940914,4.164019999999994,-1.2633285300000001,-0.09229675999999998,-25.8977454,-3518.36453,0.0,-16402.575256975575,1,mature,8.0,-92.75275,-6.885933,-0.02502960000000004,0.0,-0.249471442
179,2021-05-31 12:00:00,33.287441579264026,-108.5884828,33.25,-108.5,0.88882446,0.093578815,3,16,1.759520275503201,-92.75275,-6.885933,0.018573377,0.40511134,93.15786,283.55835,78288.56,-0.048675537,-1.0738068,21641.742,19.187153,91.75,6.67572e-06,,-9264.0,37816.0,4.4854136,1.0749094620610975,182.5954342776388,0.0,-0.193653645,-0.249471442,0.0,3040.0,29.0,0.37460658,0.92718387,4.5675673,1.0,34.72425842285156,19.07192611694336,26.331954956054688,22.389205932617188,1.9487457275390625,17,102.0,12,151,1.2246467991473532e-16,-1.0,0.5175855102531889,-0.8556314858488706,22.473854858562703,265.0255395692757,82.43010529163689,21.398945396501606,4.172829208703208,20.62445230971397,4.082037996545768,28552.0,91.75,91.75,26.70937983194987,-8.392303466796875,65.27574157714844,0.9431961921194821,1.558729999999997,-6.51338967,-0.02502960000000004,-0.015859223000000002,2.733782999999999,91.75,3.2794130144577736,1,mature,8.0,-99.08449,1.8863068,0.15174206000000007,1.0,-0.179048405
179,2021-05-31 18:00:00,33.287441579264026,-108.5884828,33.25,-108.5,0.88882446,0.093578815,3,16,1.759520275503201,-99.08449,1.8863068,28.728853,0.5568534,99.64134,297.55713,78361.06,2.764328,1.2377014,21641.742,3661.088,0.0,1.0967255e-05,,-196204.0,-1803240.0,9.634043,3.0287644423338635,65.88000802033503,0.0,-0.152443404,-0.179048405,0.0,3040.0,29.0,0.37460658,0.92718387,4.5675673,1.0,35.09626770019531,19.13804054260254,14.550777435302734,26.51251220703125,11.712936401367188,18,108.0,18,151,-1.0,-1.8369701987210297e-16,0.5175855102531889,-0.8556314858488706,28.9845852595902,246.1646854384855,179.71532258184953,25.95582081725634,3.180849215390396,11088.5731546552,-9.190638315222932,-1999444.0,0.0,0.0,22.928361892700195,-20.545490264892578,64.90373229980469,-0.7207930010182596,-6.331739999999996,8.7722398,0.15174206000000007,28.710279623,3641.9008470000003,-91.75,11067.948702345486,2,decay,8.0,-99.93993,1.1431503,-0.014079140000000101,0.0,-0.176225484
179,2021-06-01 00:00:00,33.287441579264026,-108.5884828,33.25,-108.5,0.88882446,0.093578815,3,16,1.759520275503201,-99.93993,1.1431503,24.88894,0.54277426,100.48271,294.5547,78313.31,1.8695221,-1.8700714,21641.742,3455.7727,0.0,8.9645386e-05,,-201189.0,-601750.0,10.230412,2.644291951257722,135.008416,0.0,-0.193709302,-0.176225484,0.0,3040.0,29.0,0.37460658,0.92718387,4.5675673,1.0,25.66490173339844,15.576061248779297,13.5933837890625,20.319839477539062,3.895919799804688,19,114.0,0,152,0.0,1.0,0.5027907197793043,-0.8644081744776648,20.68995088151408,259.1464034827324,124.1379874827324,18.04565893025636,3.868866293350869,9138.071935986165,-2.9909686911312248,-802939.0,0.0,0.0,18.27811559041341,-12.071517944335941,74.33509826660156,0.39086635115797036,-0.8554400000000015,-0.7431565,-0.014079140000000101,-3.8399129999999992,-205.3153000000002,0.0,-1950.5012186690346,1,mature,8.0,-97.5727,1.0067902,-0.057881029999999944,0.0,-0.207249798
179,2021-06-01 06:00:00,33.287441579264026,-108.5884828,33.25,-108.5,0.88882446,0.093578815,3,16,1.759520275503201,-97.5727,1.0067902,0.002714154,0.48489323,98.057594,284.42065,78561.06,-0.6882019,-1.3041382,21641.742,23.073507,8.375,4.7683716e-07,,-6592.0,32803.0,3.549862,1.4745841108132318,207.82089162865685,0.0,-0.398189416,-0.207249798,0.0,3040.0,29.0,0.37460658,0.92718387,4.5675673,1.0,31.97621154785156,24.066970825195312,42.70341873168945,18.056793212890625,2.869140625,20,120.0,6,152,1.0,6.123233995736766e-17,0.5027907197793043,-0.8644081744776648,18.283318874294086,260.9714451921532,53.15055356349637,16.808734763480853,2.407364879336896,34.023826802937876,4.976183252427185,26211.0,8.375,8.375,32.915533701578774,10.727207183837894,68.02378845214844,0.9948437929195055,2.3672300000000064,-0.1363601000000001,-0.057881029999999944,-24.886225846000002,-3432.699193,8.375,-9104.048109183228,1,mature,8.0,-96.513596,1.6785507,-0.029722660000000012,1.0,-0.14857732
179,2021-06-01 12:00:00,33.287441579264026,-108.5884828,33.25,-108.5,0.88882446,0.093578815,3,16,1.759520275503201,-96.513596,1.6785507,0.0344326,0.45517057,96.968765,281.35132,78598.56,-0.6209259,-0.9793854,21641.742,16.235973,176.875,0.0,523.5625,-2845.0,26287.0,3.9558792,1.1596312927064232,212.3745119265235,523.5625,-0.768970626,-0.14857732,0.0,3040.0,29.0,0.37460658,0.92718387,4.5675673,1.0,36.36822509765625,45.10954284667969,41.703033447265625,13.091094970703123,1.29736328125,21,126.0,12,152,1.2246467991473532e-16,-1.0,0.5027907197793043,-0.8644081744776648,13.15522401996653,264.3403120135804,51.96580008705689,11.995592727260107,3.4113249831052,18.827742358336586,9.239718804920914,23442.0,-346.6875,176.875,41.06026713053385,5.334808349609375,63.63177490234375,0.9836516742955704,1.0591039999999907,0.6717605,-0.029722660000000012,0.031718446,-6.837533999999998,168.5,-15.19608444460129,1,mature,8.0,-98.23516,2.4258194,0.25811793,1.0,-0.261944848
179,2021-06-01 18:00:00,33.287441579264026,-108.5884828,33.25,-108.5,0.88882446,0.093578815,3,16,1.759520275503201,-98.23516,2.4258194,38.086872,0.7132885,98.94845,295.5957,78543.69,2.1080322,1.0288391,21641.742,3595.1604,255.5,1.859665e-05,46.50009,-195931.0,-1806320.0,7.7790546,2.3457002472450843,63.98500337526957,46.50009,0.022607599,-0.261944848,0.0,3040.0,29.0,0.37460658,0.92718387,4.5675673,1.0,60.12123107910156,31.932296752929688,23.05106735229492,10.631881713867188,1.4447174072265625,22,132.0,18,152,-1.0,-1.8369701987210297e-16,0.5027907197793043,-0.8644081744776648,10.729590726789485,262.26173689544305,161.72326647982652,8.383890479544402,3.3163037814128797,8433.168639165737,-9.219163889328385,-2002251.0,208.99991,255.5,38.36819839477539,-37.07016372680664,39.87876892089844,-0.743319926396308,-1.7215639999999865,0.7472687,0.25811793,38.0524394,3578.9244270000004,78.625,8414.3408968074,2,decay,8.0,-100.570816,3.8992462,-0.15799947000000003,1.0,-0.162722807
179,2021-06-02 00:00:00,33.287441579264026,-108.5884828,33.25,-108.5,0.88882446,0.093578815,3,16,1.759520275503201,-100.570816,3.8992462,25.513662,0.55528903,101.12611,295.23242,78444.625,2.037918,0.6943512,21641.742,978.08057,645.5,7.724762e-05,1.6093922,-133339.0,-397975.0,7.3486137,2.152959210868948,71.18520371256358,1.6093922,0.099224479,-0.162722807,0.0,3040.0,29.0,0.37460658,0.92718387,4.5675673,1.0,58.98779678344727,40.3602294921875,43.71846389770508,4.6414642333984375,-0.17132568359375,23,138.0,0,153,0.0,1.0,0.4878471454423119,-0.8729290708206411,4.644625143084833,272.1139415381883,159.07126217437525,2.491665932215885,3.413261924750563,2105.767572153451,-2.9846856508598383,-531314.0,643.8906078,645.5,47.688830057779946,-15.269332885742195,41.01220321655273,-0.653616057790278,-2.335656,1.4734268,-0.15799947000000003,-12.57321,-2617.07983,390.0,-6327.401067012286,0,growth,8.0,,,,,
180,2021-06-12 07:00:00,33.20271459,-111.082459,33.25,-111.0,0.19525707,0.80474293,3,2,0.990305522,-98.88652,0.6319885,0.002714154,0.5568534,99.443375,299.84033,89480.19,0.29034424,-1.641983,10253.24,25.46304,0.0,0.0,,-1191.0,20878.0,4.395612,1.6674555316380038,169.9723082055907,0.0,-0.442401798,-0.299296191,0.0,1000.0,14.0,-0.25881904,-0.9659258,-13.216216,1.8888888,5.557783126831055,4.75026798248291,4.7214555740356445,19.828643798828125,3.4658660888671875,0,0.0,7,163,0.9659258262890683,-0.25881904510252063,0.3312212278016865,-0.9435531242349544,20.129265824832373,260.08538059152085,90.11307238593014,18.461810293194368,2.6361194746117316,42.458486900319755,17.52980688497061,19687.0,0.0,0.0,5.009835561116536,-0.8363275527954102,94.44221687316895,-0.906103423503347,,,,,,,,1,mature,1.0,-100.30928,-1.6299667,0.012514839999999916,0.0,-0.394510284
180,2021-06-12 13:00:00,33.20271459,-111.082459,33.25,-111.0,0.19525707,0.80474293,3,2,0.990305522,-100.30928,-1.6299667,6.300048,0.56936824,100.87865,293.49512,89448.94,-1.559082,-0.78282166,10253.24,19.015541,0.0,0.0,,-2250.0,43554.0,3.1666565,1.7445762907047533,243.33857943777355,0.0,-0.483790558,-0.394510284,0.0,1000.0,14.0,-0.25881904,-0.9659258,-13.216216,1.8888888,8.856626510620117,6.293519020080566,5.161612510681152,22.31480407714844,-0.556610107421875,1,6.0,13,163,-0.2588190451025208,-0.9659258262890683,0.3312212278016865,-0.9435531242349544,22.32174490968851,271.42886302214094,28.0902835843674,20.577168618983755,1.8151436064287976,33.174061983524155,19.357333333333333,41304.0,0.0,0.0,6.770586013793945,-3.695013999938965,91.14337348937988,-0.6647274652717603,-1.4227599999999967,-2.2619552,0.012514839999999916,6.297333846,-6.4474990000000005,0.0,-9.2844249167956,1,mature,2.0,-100.73224,0.44947815,0.07196016000000005,1.0,-0.391040745
180,2021-06-12 19:00:00,33.20271459,-111.082459,33.25,-111.0,0.19525707,0.80474293,3,2,0.990305522,-100.73224,0.44947815,35.77843,0.6413284,101.373566,310.10632,89490.44,2.1244812,1.2075806,10253.24,1806.5083,0.0,0.0,,-29318.0,-1455336.0,7.665718,2.4437003242316355,60.38558053145704,0.0,-0.35058212,-0.391040745,0.0,1000.0,14.0,-0.25881904,-0.9659258,-13.216216,1.8888888,9.06912612915039,6.830400466918945,4.307158470153809,17.473739624023438,0.911651611328125,2,12.0,19,163,-0.9659258262890684,0.2588190451025203,0.3312212278016865,-0.9435531242349544,17.49750511097522,267.0134341672873,153.37214636416974,15.053804786743584,3.1369304672864526,4414.5649184371405,-49.639675284807964,-1484654.0,0.0,0.0,6.735561688741048,-4.761967658996582,90.93087387084961,0.7023322256954707,-0.42296000000000333,2.07944485,0.07196016000000005,29.478382,1787.492759,0.0,4381.390856453616,1,mature,3.0,-99.84764,1.1431503,-0.0062573999999999685,1.0,-0.358704326
180,2021-06-13 01:00:00,33.20271459,-111.082459,33.25,-111.0,0.19525707,0.80474293,3,2,0.990305522,-99.84764,1.1431503,31.350904,0.635071,100.48271,311.0193,89287.375,3.7807465,-0.2832489,10253.24,1257.4651,0.0,0.0,,-12089.0,-337611.0,9.856937,3.791341983600722,94.28452553735252,0.0,-0.369822181,-0.358704326,0.0,1000.0,14.0,-0.25881904,-0.9659258,-13.216216,1.8888888,8.115297317504883,4.732871055603027,3.434554100036621,17.200759887695312,0.756134033203125,3,18.0,1,164,0.25881904510252074,0.9659258262890683,0.31494162072895193,-0.9491110448902284,17.217371442537797,267.4829359208875,173.19841038353496,13.426029458937075,2.5998543636094382,4767.48022654268,-27.92712383158243,-349700.0,0.0,0.0,5.427574157714844,-4.680743217468262,91.88470268249512,0.18593199483517447,0.884600000000006,0.69367215,-0.0062573999999999685,-4.427526,-549.0432000000001,0.0,352.9153081055392,1,mature,4.0,-99.52266,-0.35863495,-0.12045505000000001,0.0,-0.306127322
180,2021-06-13 07:00:00,33.20271459,-111.082459,33.25,-111.0,0.19525707,0.80474293,3,2,0.990305522,-99.52266,-0.35863495,0.09786949,0.51461595,100.03728,302.39746,89416.44,-0.75372314,-1.1521606,10253.24,18.298382,0.0,0.0,,-972.0,18769.0,3.812521,1.3767979590207924,213.19200378376823,0.0,-0.461255608,-0.306127322,0.0,1000.0,14.0,-0.25881904,-0.9659258,-13.216216,1.8888888,20.793048858642575,6.248866081237793,4.474372863769531,10.660385131835938,0.2837982177734375,4,24.0,7,164,0.9659258262890683,-0.25881904510252063,0.31494162072895193,-0.9491110448902284,10.664162066823632,268.4750456773228,55.283041893554554,9.28736410780284,2.7691216238521625,25.193174990982804,19.309670781893004,17797.0,0.0,0.0,10.505429267883299,-16.318675994873043,79.20695114135742,-0.9500156324139162,0.3249799999999965,-1.5017852500000002,-0.12045505000000001,-31.25303451,-1239.166718,0.0,-4742.287051551697,1,mature,5.0,-94.14793,-4.2677383,-0.11889073000000006,0.0,-0.209058656
180,2021-06-13 13:00:00,33.20271459,-111.082459,33.25,-111.0,0.19525707,0.80474293,3,2,0.990305522,-94.14793,-4.2677383,9.780005,0.39572522,94.54365,296.5664,89540.06,-1.315567,-0.66311646,10253.24,17.82289,0.0,0.0,,-2271.0,51716.0,3.4780426,1.4732413145890022,243.2494407467636,0.0,-0.306921491,-0.209058656,0.0,1000.0,14.0,-0.25881904,-0.9659258,-13.216216,1.8888888,25.295166015625,6.654191017150879,4.719891548156738,7.138442993164063,-0.0067596435546875,5,30.0,13,164,-0.2588190451025208,-0.9659258262890683,0.31494162072895193,-0.9491110448902284,7.138446193635846,270.05425537912197,26.804814632358358,5.6652048790468434,2.360809845310568,26.257417893375184,22.772346983707617,49445.0,0.0,0.0,12.223082860310873,-20.57527446746826,74.704833984375,-0.6658889494928301,5.37473,-3.9091033500000005,-0.11889073000000006,9.682135509999998,-0.47549199999999914,0.0,1.0642429023923796,1,mature,6.0,-95.726135,-0.92907715,0.35197898000000005,1.0,-0.403788291
180,2021-06-13 19:00:00,33.20271459,-111.082459,33.25,-111.0,0.19525707,0.80474293,3,2,0.990305522,-95.726135,-0.92907715,174.58688,0.7477042,96.47384,312.44946,89617.0,3.0308533,0.2544403,10253.24,1721.2009,0.0,0.0,,-31148.0,-1426649.0,8.501084,3.041514687188766,85.20126827255427,0.0,-0.21373406,-0.403788291,0.0,1000.0,14.0,-0.25881904,-0.9659258,-13.216216,1.8888888,16.442718505859375,6.705043792724609,4.12969970703125,4.27056884765625,2.1298980712890625,6,36.0,19,164,-0.9659258262890684,0.2588190451025203,0.31494162072895193,-0.9491110448902284,4.77223470469055,243.492790473792,158.29152220123774,1.7307200175017834,2.7950165869024444,5235.057816952523,-45.802266598176445,-1457797.0,0.0,0.0,9.092487335205078,-12.313018798828125,83.55728149414062,0.33871709503063824,-1.578204999999997,3.3386611500000005,0.35197898000000005,164.80687500000002,1703.3780100000001,0.0,5208.800399059148,2,decay,7.0,-95.83051,-2.7886505,-0.20336560000000004,0.0,-0.310525291
180,2021-06-14 01:00:00,33.20271459,-111.082459,33.25,-111.0,0.19525707,0.80474293,3,2,0.990305522,-95.83051,-2.7886505,75.77252,0.5443386,96.374855,312.68042,89436.125,4.4493713,-1.8721619,10253.24,1589.5466,0.0,0.0,,-13164.0,-345663.0,12.043108,4.827203656888251,112.81989707894252,0.0,-0.227437878,-0.310525291,0.0,1000.0,14.0,-0.25881904,-0.9659258,-13.216216,1.8888888,22.60291862487793,7.869881629943848,4.314882278442383,2.1301422119140625,1.235321044921875,7,42.0,1,165,0.25881904510252074,0.9659258262890683,0.2985688173637202,-0.9543881083175908,2.4624223697418377,239.8895162072103,127.06961912826779,-2.3647812871464136,2.4948414974816537,7673.065160314286,-26.25820419325433,-358827.0,0.0,0.0,11.59589417775472,-18.288036346435547,77.39708137512207,-0.13605961893188917,-0.10437500000000455,-1.8595733500000002,-0.20336560000000004,-98.81436000000001,-131.65430000000015,0.0,2438.0073433617627,0,growth,8.0,-86.15521,-2.250145,-0.17364298,1.0,0.021532538
180,2021-06-14 07:00:00,33.20271459,-111.082459,33.25,-111.0,0.19525707,0.80474293,3,2,0.990305522,-86.15521,-2.250145,-0.02900429,0.37069562,86.52591,302.33716,89570.875,1.7317352,-1.8686371,10253.24,74.9702,0.0,0.0,,-1729.0,29048.0,7.4284744,2.547687464037818,137.17758701721004,0.0,-0.072707754,0.021532538,0.0,1000.0,14.0,-0.25881904,-0.9659258,-13.216216,1.8888888,23.124290466308597,9.43028450012207,5.705165863037109,-0.5339508056640625,2.3726348876953125,8,48.0,7,165,0.9659258262890683,-0.25881904510252063,0.2985688173637202,-0.9543881083175908,2.431974459812078,167.31713516821208,30.13954815100203,-0.11571300422574016,2.9157714613183536,191.00063871640805,16.80046269519954,27319.0,0.0,0.0,12.753246943155924,-17.419124603271488,76.8757095336914,-0.5325452195863124,9.675300000000007,0.5385055000000003,-0.17364298,-75.80152429,-1514.5764,0.0,-7482.064521597878,0,growth,8.0,-94.38756,-2.4357529,0.032851379999999986,0.0,-0.173143706
180,2021-06-14 13:00:00,33.20271459,-111.082459,33.25,-111.0,0.19525707,0.80474293,3,2,0.990305522,-94.38756,-2.4357529,10.087508,0.403547,94.79111,297.42896,89684.19,-1.0546417,-0.68637085,10253.24,18.432766,0.0,0.0,,-1683.0,20256.0,2.947503,1.2583219218898685,236.9435387993721,0.0,-0.31375454,-0.173143706,0.0,1000.0,14.0,-0.25881904,-0.9659258,-13.216216,1.8888888,23.20252990722656,7.884079933166504,6.912877082824707,-0.178314208984375,5.380218505859375,9,54.0,13,165,-0.2588190451025208,-0.9659258262890683,0.2985688173637202,-0.9543881083175908,5.383172589460365,178.10176607174185,58.84177272763026,4.124850667570497,2.342407732651719,23.194353538866224,12.035650623885918,18573.0,0.0,0.0,12.666495641072592,-16.289652824401852,76.79747009277344,-0.7438038497477322,-8.232349999999997,-0.18560790000000038,0.032851379999999986,10.11651229,-56.537434000000005,0.0,-167.80628517754184,1,mature,8.0,-92.85432,-1.2634048,0.59288906,1.0,-0.541418965
180,2021-06-14 19:00:00,33.20271459,-111.082459,33.25,-111.0,0.19525707,0.80474293,3,2,0.990305522,-92.85432,-1.2634048,202.87457,0.99643606,93.85075,311.60425,89667.75,2.4780731,1.0325775,10253.24,1862.0215,0.0,0.0,,-26530.0,-1436114.0,8.009247,2.6845972849665665,67.37920829879062,0.0,-0.119798548,-0.541418965,0.0,1000.0,14.0,-0.25881904,-0.9659258,-13.216216,1.8888888,27.2474365234375,9.048345565795898,6.984437942504883,-3.720367431640625,2.938095092773437,10,60.0,19,165,-0.9659258262890684,0.2588190451025203,0.2985688173637202,-0.9543881083175908,4.740626182329884,128.29929753634394,60.92008923755333,2.056028897363318,2.9834072487709253,4998.777863449373,-54.131699962306826,-1462644.0,0.0,0.0,14.426740010579428,-20.262998580932617,72.7525634765625,0.6104326341593502,1.5332399999999922,1.1723481000000002,0.59288906,192.787062,1843.5887340000002,0.0,4975.583509910507,2,decay,8.0,-92.83127,-2.0609512,-0.42237475999999996,0.0,-0.254661789
180,2021-06-15 01:00:00,33.20271459,-111.082459,33.25,-111.0,0.19525707,0.80474293,3,2,0.990305522,-92.83127,-2.0609512,83.68312,0.5740613,93.40533,312.9641,89325.06,3.9970245,-2.3395996,10253.24,1848.1714,0.0,0.0,,-11058.0,-316163.0,11.313014,4.631407036951127,120.34194572971228,0.0,-0.120262779,-0.254661789,0.0,1000.0,14.0,-0.25881904,-0.9659258,-13.216216,1.8888888,18.212890625,7.694487571716309,5.598942756652832,-1.82232666015625,5.4464263916015625,11,66.0,1,166,0.25881904510252074,0.9659258262890683,0.2821076626819194,-0.9593827529490743,5.743207718292126,161.50020925704712,41.15826352733484,1.1118006813409993,2.4426732329377385,8559.634027451815,-28.59133658889492,-327221.0,0.0,0.0,10.50210698445638,-12.613947868347168,81.787109375,-0.2645791212737802,0.023049999999997794,-0.7975463999999999,-0.42237475999999996,-119.19145,-13.850100000000111,0.0,3560.856164002442,0,growth,8.0,-92.53288,-2.1542664,-0.14704907,0.0,-0.145998649
180,2021-06-15 07:00:00,33.20271459,-111.082459,33.25,-111.0,0.19525707,0.80474293,3,2,0.990305522,-92.53288,-2.1542664,0.09786949,0.42701223,92.95989,301.88696,89537.0,1.6966858,1.5818481,10253.24,120.649124,0.0,0.0,,-1884.0,24329.0,7.4479685,2.319695263476487,47.006087730561774,0.0,-0.252172387,-0.145998649,0.0,1000.0,14.0,-0.25881904,-0.9659258,-13.216216,1.8888888,16.378847122192383,11.984858512878418,13.608291625976562,3.561065673828125,1.5031280517578125,12,72.0,7,166,0.9659258262890683,-0.25881904510252063,0.2821076626819194,-0.9593827529490743,3.8653049909804267,247.1153614354322,159.89072629512958,1.5456097275039395,3.210752988665355,279.86920148538735,12.913481953290871,22445.0,0.0,0.0,13.990665753682455,-2.7705554962158203,83.62115287780762,0.8479917879424662,0.2983899999999977,-0.09331520000000015,-0.14704907,-83.58525051000001,-1727.522276,0.0,-8279.764825966427,1,mature,8.0,-70.58607,-5.56559,-0.12671241,0.0,0.3022528060187041
180,2021-06-15 13:00:00,33.20271459,-111.082459,33.25,-111.0,0.19525707,0.80474293,3,2,0.990305522,-70.58607,-5.56559,10.813528,0.30029982,70.88637,299.2876,89646.31,-1.6351776,-0.7145386,10253.24,29.795155,0.0,0.0,,-2009.0,47136.0,4.5422487,1.7844806511788578,246.3956727762643,0.0,0.370794894,0.3022528060187041,1.0,1000.0,14.0,-0.25881904,-0.9659258,-13.216216,1.8888888,18.369319915771484,8.475502014160156,11.398600578308104,0.4233551025390625,-2.7637481689453125,13,78.0,13,166,-0.2588190451025208,-0.9659258262890683,0.2821076626819194,-0.9593827529490743,2.7959852439157165,351.29104255229186,104.89536977602756,1.0115045927368587,2.5454177365270474,53.168877596375005,23.462419113987057,45127.0,0.0,0.0,12.747807502746582,-6.970719337463381,81.63068008422852,-0.6239386201835803,21.94681,-3.4113236000000002,-0.12671241,10.715658509999999,-90.853969,0.0,-226.70032388901234,1,mature,8.0,-94.27778,0.5020752,0.50997848,1.0,-0.38957695
180,2021-06-15 19:00:00,33.20271459,-111.082459,33.25,-111.0,0.19525707,0.80474293,3,2,0.990305522,-94.27778,0.5020752,177.46071,0.8102783,95.08806,312.48047,89621.19,-2.661911,2.237671,10253.24,2708.2131,0.0,0.0,,-20127.0,-1530324.0,10.358687,3.4774907154674044,310.05127432531685,0.0,-0.091871866,-0.38957695,0.0,1000.0,14.0,-0.25881904,-0.9659258,-13.216216,1.8888888,19.853946685791016,21.83557891845703,13.557559967041016,-3.9311370849609375,-1.8148651123046875,14,84.0,19,166,-0.9659258262890684,0.2588190451025203,0.2821076626819194,-0.9593827529490743,4.329846897595328,65.21892231799109,115.16764799267423,0.8523561821279233,2.9787820723506098,9417.785910757197,-76.03338798628708,-1550451.0,0.0,0.0,18.415695190429688,-6.29638671875,80.14605331420898,0.4234291507990175,-23.69171,6.0676652,0.50997848,166.64718200000002,2678.417945,0.0,9364.617033160821,2,decay,8.0,-80.42081,-2.2583847,-0.34728596,0.0,0.077234724
180,2021-06-16 01:00:00,33.20271459,-111.082459,33.25,-111.0,0.19525707,0.80474293,3,2,0.990305522,-80.42081,-2.2583847,32.235516,0.46299234,80.8838,314.32715,89364.19,-1.4717102,1.7501221,10253.24,5062.715,0.0,7.6293945e-06,,-16312.0,-211842.0,7.534333,2.286669691427349,319.93889689482177,0.0,0.4975926342788335,0.077234724,0.0,1000.0,14.0,-0.25881904,-0.9659258,-13.216216,1.8888888,26.67567443847656,14.735912322998049,8.780792236328125,-10.026824951171877,-0.609466552734375,15,90.0,1,167,0.25881904510252074,0.9659258262890683,0.26556302780405594,-0.9640935007889755,10.045330660577822,86.52163561593596,126.5827387211142,7.758660969150473,3.2948934549865125,11576.756946834612,-12.986880823933301,-228154.0,0.0,0.0,16.730792999267578,-17.894882202148434,73.32432556152344,0.5727025238107653,13.856970000000004,-2.7604599000000003,-0.34728596,-145.22519400000002,2354.5019,0.0,2158.971036077415,0,growth,8.0,-97.71748,0.67658234,0.07508883,1.0,-0.256329418
180,2021-06-16 07:00:00,33.20271459,-111.082459,33.25,-111.0,0.19525707,0.80474293,3,2,0.990305522,-97.71748,0.67658234,0.05029182,0.53808117,98.25556,305.69434,89674.0,-2.9251556,-0.21324158,10253.24,126.43741,5.25,0.0,,-10844.0,90562.0,8.244325,2.932917874,265.8305575,0.0,-0.396431615,-0.256329418,0.0,1000.0,14.0,-0.25881904,-0.9659258,-13.216216,1.8888888,28.101318359375,18.66378402709961,13.298057556152344,-2.7435455322265625,4.06494140625,16,96.0,7,167,0.9659258262890683,-0.25881904510252063,0.26556302780405594,-0.9640935007889755,4.904160552392842,145.98345742681732,119.84710007318267,1.9712426783928416,2.810963468525679,370.83053973126636,8.35134636665437,79718.0,5.25,5.25,20.021053314208984,-14.803260803222656,71.898681640625,-0.3283629384704337,-17.29666999999999,2.93496704,0.07508883,-32.18522418,-4936.27759,5.25,-11205.926407103345,1,mature,8.0,-94.45839,-2.6888885,-0.10637586999999998,0.0,-0.20213374
180,2021-06-16 13:00:00,33.20271459,-111.082459,33.25,-111.0,0.19525707,0.80474293,3,2,0.990305522,-94.45839,-2.6888885,10.3150625,0.4317053,94.89009,300.14453,89765.125,-1.9522552,-1.0296173,10253.24,50.157547,43.25,0.0,,-1275.0,5826.0,2.5387707,2.2071275790915057,242.19288370132483,0.0,-0.278757773,-0.20213374,0.0,1000.0,14.0,-0.25881904,-0.9659258,-13.216216,1.8888888,30.26789283752441,18.66254425048828,17.2972412109375,-1.4840545654296875,1.154449462890625,17,102.0,13,167,-0.2588190451025208,-0.9659258262890683,0.26556302780405594,-0.9640935007889755,1.880205179107097,127.87942886106447,114.31345484026036,-0.32692239998440864,1.1502600592961667,110.70410528327842,4.569411764705882,4551.0,43.25,43.25,22.07589276631673,-12.97065162658691,69.73210716247559,-0.6795324317313054,3.2590900000000005,-3.36547084,-0.10637586999999998,10.26477068,-76.279863,38.0,-260.12643444798795,1,mature,8.0,-96.16817,-0.010635376,0.6163543,1.0,-0.612996343
180,2021-06-16 19:00:00,33.20271459,-111.082459,33.25,-111.0,0.19525707,0.80474293,3,2,0.990305522,-96.16817,-0.010635376,192.98842,1.0480596,97.216225,312.3136,89723.25,0.8025665,1.5374146,10253.24,2862.1304,0.0,0.0,,-29570.0,-1489881.0,7.130151,1.7342885109506463,27.565615574681715,0.0,-0.13365121,-0.612996343,0.0,1000.0,14.0,-0.25881904,-0.9659258,-13.216216,1.8888888,29.659423828125,25.501842498779297,15.256806373596191,-5.623214721679688,2.5654296875,18,108.0,19,167,-0.9659258262890684,0.2588190451025203,0.26556302780405594,-0.9640935007889755,6.180774489303224,114.52347638408014,86.95786080939843,4.446485978352578,4.111283073709359,4963.7598695625775,-50.38488332769699,-1519451.0,0.0,0.0,23.47269090016683,-14.402617454528809,70.340576171875,0.9760474990374566,-1.7097800000000092,2.678253124,0.6163543,182.67335749999998,2811.972853,-43.25,4853.055764279299,2,decay,8.0,-97.70227,2.5361557,-0.39578075999999995,1.0,-0.141265712
180,2021-06-17 01:00:00,33.20271459,-111.082459,33.25,-111.0,0.19525707,0.80474293,3,2,0.990305522,-97.70227,2.5361557,42.352028,0.65227884,98.354546,312.45508,89349.125,1.8871613,-0.6659546,10253.24,2100.4138,20.375,0.00026226,,-152775.0,-224656.0,9.962381,2.001217954516412,109.43727211397275,0.0,-0.223425454,-0.141265712,0.0,1000.0,14.0,-0.25881904,-0.9659258,-13.216216,1.8888888,37.89567565917969,21.67442321777344,13.359095573425291,-8.033584594726562,2.7100372314453125,19,114.0,1,168,0.25881904510252074,0.9659258262890683,0.24893980855376657,-0.9685189578512204,8.47837149672316,108.64123037265176,0.7960417413210052,6.477153542206747,4.978158914433375,4203.385808474044,-1.470502372770414,-377431.0,20.375,20.375,24.309731483459473,-24.536580085754395,62.10432434082031,-0.0773676138394645,-1.5340999999999951,2.5467910760000003,-0.39578075999999995,-150.636392,-761.7166000000002,20.375,-760.3740610885334,0,growth,7.0,-97.0179,0.41287994,-0.20649439000000003,0.0,-0.184567498
180,2021-06-17 07:00:00,33.20271459,-111.082459,33.25,-111.0,0.19525707,0.80474293,3,2,0.990305522,-97.0179,0.41287994,-0.071740955,0.44578445,97.463684,305.76733,89437.75,-1.5395355,-0.7858887,10253.24,24.987959,0.0,0.0,,-1781.0,17556.0,4.9871445,1.7285226653266483,242.95699249570524,0.0,-0.388770001,-0.184567498,0.0,1000.0,14.0,-0.25881904,-0.9659258,-13.216216,1.8888888,33.744354248046875,18.24053192138672,10.998075485229492,-5.979583740234375,3.5386199951171875,20,120.0,7,168,0.9659258262890683,-0.25881904510252063,0.24893980855376657,-0.9685189578512204,6.948183444348492,120.61635356074174,122.3406389349635,5.219660779021844,2.8852063094339306,43.19225349175301,9.857383492419988,15775.0,0.0,0.0,20.994320551554363,-22.746278762817383,66.25564575195312,-0.6696882404598926,0.6843700000000013,-2.1232757600000003,-0.20649439000000003,-42.423768955,-2075.4258409999998,-20.375,-4160.193554982291,0,growth,7.0,-94.967384,0.6229706,-0.02815831000000002,1.0,-0.116887678
180,2021-06-17 13:00:00,33.20271459,-111.082459,33.25,-111.0,0.19525707,0.80474293,3,2,0.990305522,-94.967384,0.6229706,12.079447,0.41762614,95.38501,301.47876,89500.56,-1.9395142,-0.49687195,10253.24,60.130463,0.0,0.0,,-2161.0,63407.0,6.0837564,2.0021481130771623,255.6307852917941,0.0,-0.327017417,-0.116887678,0.0,1000.0,14.0,-0.25881904,-0.9659258,-13.216216,1.8888888,34.800140380859375,21.70428466796875,15.874924659729004,-6.7221527099609375,3.049072265625,21,126.0,13,168,-0.2588190451025208,-0.9659258262890683,0.24893980855376657,-0.9685189578512204,7.381339901199426,114.39836395503983,141.23242133675427,5.379191788122263,3.0386145561677202,120.39009303390613,29.34150856085146,61246.0,0.0,0.0,24.126449902852375,-18.92521572113037,65.19985961914062,-0.4904355771329949,2.050516000000002,0.21009066000000004,-0.02815831000000002,12.151187955,35.142504,0.0,77.19783954215312,1,mature,7.0,-95.701836,-0.40657043,0.70082926,0.0,-0.6720516
180,2021-06-17 19:00:00,33.20271459,-111.082459,33.25,-111.0,0.19525707,0.80474293,3,2,0.990305522,-95.701836,-0.40657043,168.16962,1.1184554,96.82029,313.698,89474.69,-1.6566467,2.862442,10253.24,3404.3481,2.25,0.0,,-16280.0,-1487648.0,10.900184,3.3072726667126933,329.93976161760764,0.0,-0.074372452,-0.6720516,0.0,1000.0,14.0,-0.25881904,-0.9659258,-13.216216,1.8888888,34.49198913574219,19.39120483398437,11.815932273864746,-2.197509765625,5.12493896484375,22,132.0,19,168,-0.9659258262890684,0.2588190451025203,0.24893980855376657,-0.9685189578512204,5.576203777068318,156.7909513624345,173.14881025517315,2.2689311103556244,3.295822600207433,11259.10741910529,-91.37886977886978,-1503928.0,2.25,2.25,21.89970874786377,-22.67605686187744,65.50801086425781,0.7063629667461869,-0.7344520000000045,-1.02954103,0.70082926,156.09017300000002,3344.217637,2.25,11138.717326071384,2,decay,7.0,,,,,
181,2021-06-16 06:00:00,37.71200303,-113.7922025,37.75,-113.75,0.13192701,0.868073,3,11,1.500639229,-96.44789,-0.96232605,0.0344326,0.5208733,96.968765,299.27905,83106.94,0.9459839,0.35510254,16898.396,17.275368,0.0,0.0,,-2688.0,14647.0,2.8772287,1.0104372088228253,69.42491662350994,0.0,-0.373025375,-0.263601181,0.0,1626.0,1.0,0.0,1.0,-3.108108,0.44444445,19.214859008789062,10.293407440185549,10.185367584228516,10.701583862304688,10.840805053710938,0,0.0,6,167,1.0,6.123233995736766e-17,0.26556302780405594,-0.9640935007889755,15.233087388133264,224.62972186290963,155.20480523939966,14.222650179310438,2.8475086575166952,17.455674623307154,5.449032738095238,11959.0,0.0,0.0,13.231211344401041,-9.029491424560547,80.78514099121094,-0.3514345442738592,,,,,,,,1,mature,1.0,-74.682976,-3.5704346,-0.20962303,0.0,0.2625556945787862
181,2021-06-16 12:00:00,37.71200303,-113.7922025,37.75,-113.75,0.13192701,0.868073,3,11,1.500639229,-74.682976,-3.5704346,-0.01314507,0.31125027,74.994225,294.2544,83120.5,-0.07066345,-0.4465332,16898.396,13.13774,0.0,0.0,,-1629.0,21009.0,2.3167257,0.4520898382712694,188.9924317945388,0.0,0.251769161,0.2625556945787862,1.0,1626.0,1.0,0.0,1.0,-3.108108,0.44444445,20.170669555664062,10.436284065246582,13.63144874572754,6.906463623046875,8.606521606445312,1,6.0,12,167,1.2246467991473532e-16,-1.0,0.26556302780405594,-0.9640935007889755,11.035010373292803,218.7459497105094,29.753517915970605,10.582920535021533,5.124480808634954,5.939438751849988,12.896869244935543,19380.0,0.0,0.0,14.746134122212728,-6.539220809936522,79.82933044433594,0.9877089954233053,21.764914000000005,-2.60810855,-0.20962303,-0.04757767,-4.137627999999999,0.0,-11.516235871457166,0,growth,2.0,-97.284,5.7384567,0.26437532999999996,1.0,-0.13580539
181,2021-06-16 18:00:00,37.71200303,-113.7922025,37.75,-113.75,0.13192701,0.868073,3,11,1.500639229,-97.284,5.7384567,36.65206,0.5756256,97.85962,308.09912,83194.94,0.083740234,-0.850235,16898.396,3320.4456,0.0,0.0,,-33663.0,-861658.0,5.7944975,0.8543488643495551,174.3750403336635,0.0,-0.128430416,-0.13580539,0.0,1626.0,1.0,0.0,1.0,-3.108108,0.44444445,20.603057861328125,10.499040603637695,6.50311279296875,3.2519683837890625,9.830429077148438,2,12.0,18,167,-1.0,-1.8369701987210297e-16,0.26556302780405594,-0.9640935007889755,10.354353394104777,198.30454337096575,23.929503037302254,9.500004529755222,6.782355243617662,2836.818927494477,-25.596589727594093,-895321.0,0.0,0.0,12.535070419311523,-14.099945068359375,79.39694213867188,0.9951847956716287,-22.60102400000001,9.3088913,0.26437532999999996,36.66520507,3307.30786,0.0,2830.879488742627,2,decay,3.0,-68.394066,-6.5659943,0.03598010000000007,0.0,0.097622513
181,2021-06-17 00:00:00,37.71200303,-113.7922025,37.75,-113.75,0.13192701,0.868073,3,11,1.500639229,-68.394066,-6.5659943,96.54804,0.6116057,69.00567,310.69678,82886.06,3.5235443,-0.124923706,16898.396,5212.901,0.0,0.0,,-19776.0,-500940.0,7.640229,3.525758126471988,92.03051352996926,0.0,0.8552372396473917,0.097622513,0.0,1626.0,1.0,0.0,1.0,-3.108108,0.44444445,12.799699783325195,6.747413635253906,4.577475547790527,0.0202789306640625,12.482437133789062,3,18.0,0,168,0.0,1.0,0.24893980855376657,-0.9685189578512204,12.482453606323757,180.09308247303255,88.0625689430633,8.956695479851769,2.1669747968914455,18379.42806324395,-25.330703883495147,-520716.0,0.0,0.0,8.041529655456543,-8.222224235534668,87.2003002166748,0.03543172887046655,28.88993400000001,-12.304451,0.03598010000000007,59.89598,1892.4553999999998,0.0,15542.609135749473,1,mature,4.0,-95.86237,0.33090973,-0.14861336000000003,1.0,-0.175855223
181,2021-06-17 06:00:00,37.71200303,-113.7922025,37.75,-113.75,0.13192701,0.868073,3,11,1.500639229,-95.86237,0.33090973,-0.11931863,0.46299234,96.32536,299.66382,82922.06,1.296936,-1.06987,16898.396,23.735025,0.0,0.0,,-2562.0,27235.0,4.105418,1.6812688080720466,129.5199446838377,0.0,-0.355682801,-0.175855223,0.0,1626.0,1.0,0.0,1.0,-3.108108,0.44444445,17.214641571044922,9.87338161468506,9.041935920715332,2.8650360107421875,14.70916748046875,4,24.0,6,168,1.0,6.123233995736766e-17,0.24893980855376657,-0.9685189578512204,14.985594392993857,191.02200651847303,61.50206183463533,13.304325584921811,2.441856995317594,39.90495719131023,10.630366900858704,24673.0,0.0,0.0,12.043319702148438,-8.17270565032959,82.78535842895508,0.6363467845613856,-27.468304000000003,6.89690403,-0.14861336000000003,-96.66735863,-5189.165975,0.0,-18339.523106052642,1,mature,5.0,-94.29327,-1.6544418,-0.06413840999999998,0.0,-0.147749343
181,2021-06-17 12:00:00,37.71200303,-113.7922025,37.75,-113.75,0.13192701,0.868073,3,11,1.500639229,-94.29327,-1.6544418,0.05029182,0.39885393,94.69212,296.10938,82862.81,0.40719604,-0.5066986,16898.396,13.247629,11.375,0.0,,-1793.0,15856.0,2.1540804,0.6500400650987919,141.2137449244309,0.0,-0.302407098,-0.147749343,0.0,1626.0,1.0,0.0,1.0,-3.108108,0.44444445,16.135658264160156,9.978147506713867,12.284760475158691,9.335433959960938,16.50885009765625,5,30.0,12,168,1.2246467991473532e-16,-1.0,0.24893980855376657,-0.9685189578512204,18.965559806335186,209.48731579512534,68.27357087069444,18.315519741236393,3.3137655902373138,8.611489617564644,8.843279419966537,14063.0,11.375,11.375,12.799522082010904,-3.850897789001465,83.86434173583984,0.7794882611166323,1.5690999999999917,-1.98535153,-0.06413840999999998,0.16961045,-10.487396,11.375,-31.293467573745588,1,mature,6.0,-94.007286,4.4029465,0.53344372,1.0,-0.372934193
181,2021-06-17 18:00:00,37.71200303,-113.7922025,37.75,-113.75,0.13192701,0.868073,3,11,1.500639229,-94.007286,4.4029465,190.17392,0.93229765,94.93958,308.656,82993.56,0.59843445,2.8236847,16898.396,2190.6064,5.0,0.0,,-24878.0,-642037.0,6.482383,2.8864024452527217,11.965860785110069,0.0,-0.122211066,-0.372934193,0.0,1626.0,1.0,0.0,1.0,-3.108108,0.44444445,21.743730545043945,13.263466835021973,8.844085693359375,7.7319793701171875,15.728897094726562,6,36.0,18,168,-1.0,-1.8369701987210297e-16,0.24893980855376657,-0.9685189578512204,17.52660003527254,206.17771496876296,165.78814581634708,14.640197590019818,2.2458347797832565,6322.971669546262,-25.807420210627864,-666915.0,5.0,5.0,14.617094357808432,-12.89964485168457,78.25626945495605,-0.9782713095480244,0.28598400000001334,6.0573882999999995,0.53344372,190.12362818,2177.358771,-6.375,6314.360179928697,2,decay,7.0,-96.25278,-1.3915176,-0.11732635000000002,0.0,-0.484721949
181,2021-06-18 00:00:00,37.71200303,-113.7922025,37.75,-113.75,0.13192701,0.868073,3,11,1.500639229,-96.25278,-1.3915176,97.07017,0.8149713,97.06775,304.7207,82725.375,-1.8050385,-2.7460632,16898.396,3295.4001,0.0,4.7683716e-07,,-11914.0,-295553.0,6.3958416,3.2861873173750293,213.31766390270573,0.0,-0.100848425,-0.484721949,0.0,1626.0,1.0,0.0,1.0,-3.108108,0.44444445,24.79835700988769,12.811505317687988,8.427124977111816,6.705123901367188,13.008941650390623,7,42.0,0,169,0.0,1.0,0.23224292400907015,-0.9726578145718654,14.635274148301884,207.26767597154313,6.049987931162605,11.349086830926854,1.946280288461745,10829.302014296403,-24.807201611549438,-307467.0,0.0,0.0,15.345662434895834,-16.371232032775875,75.2016429901123,0.8356380616165013,-2.245494000000008,-5.7944641,-0.11732635000000002,-93.10375,1104.7936999999997,-5.0,4506.330344750141,1,mature,8.0,-96.300545,-1.5619125,-0.39421644999999994,0.0,-0.201946964
181,2021-06-18 06:00:00,37.71200303,-113.7922025,37.75,-113.75,0.13192701,0.868073,3,11,1.500639229,-96.300545,-1.5619125,0.08201026,0.42075485,96.7213,299.35474,82799.19,0.94924927,-0.6387024,16898.396,56.348858,0.0,0.0,,-1927.0,9154.0,2.2310638,1.144121904502004,123.93463927121974,0.0,-0.36561593,-0.201946964,0.0,1626.0,1.0,0.0,1.0,-3.108108,0.44444445,22.32452392578125,14.639448165893556,14.516987800598145,4.043914794921875,15.948623657226562,8,48.0,6,169,1.0,6.123233995736766e-17,0.23224292400907015,-0.9726578145718654,16.453323172795056,194.22799514343686,70.29335587221712,15.309201268293052,1.9500228002112272,64.46996273147298,4.75038920601972,7227.0,0.0,0.0,17.160319964090984,-7.8075361251831055,77.67547607421875,0.5582468069938796,-0.04776499999999828,-0.17039490000000002,-0.39421644999999994,-96.98815974,-3239.051242,0.0,-10764.83205156493,0,growth,8.0,-94.877785,-3.1732407,-0.012514830000000032,0.0,-0.205339241
181,2021-06-18 12:00:00,37.71200303,-113.7922025,37.75,-113.75,0.13192701,0.868073,3,11,1.500639229,-94.877785,-3.1732407,0.0344326,0.40824002,95.286026,295.7898,82752.625,-0.16369629,-1.5852966,16898.396,24.568909,0.0,0.0,,-1660.0,18482.0,2.3725157,1.5937257559979772,185.89541633047668,0.0,-0.327335779,-0.205339241,0.0,1626.0,1.0,0.0,1.0,-3.108108,0.44444445,18.603609085083008,10.16419506072998,17.992103576660156,12.585739135742188,10.119964599609377,9,54.0,12,169,1.2246467991473532e-16,-1.0,0.23224292400907015,-0.9726578145718654,16.149752725360827,231.19786954020802,45.30245320973134,14.55602696936285,1.4886599473410351,39.15610307007051,11.133734939759035,16822.0,0.0,0.0,15.586635907491049,-0.6115055084228516,81.39639091491699,0.9947110373498991,1.4227599999999967,-1.6113282,-0.012514830000000032,-0.04757766,-31.779949,0.0,-25.313859661402468,1,mature,8.0,-94.940384,-4.2133484,0.48182018,0.0,-0.57766587
181,2021-06-18 18:00:00,37.71200303,-113.7922025,37.75,-113.75,0.13192701,0.868073,3,11,1.500639229,-94.940384,-4.2133484,225.56372,0.8900602,95.830444,308.1538,82718.125,2.0043945,1.1413879,16898.396,4762.288,0.0,0.0,,-31076.0,-884806.0,5.8177376,2.3065913486997776,60.34096442487749,0.0,0.056131653,-0.57766587,0.0,1626.0,1.0,0.0,1.0,-3.108108,0.44444445,21.59165954589844,12.103001594543455,8.096328735351562,13.676162719726562,7.221115112304687,10,60.0,18,169,-1.0,-1.8369701987210297e-16,0.23224292400907015,-0.9726578145718654,15.465507757639054,242.16561452822344,178.17534989665404,13.158916408939277,2.522222934409015,10984.652300816766,-28.472325910670612,-915882.0,0.0,0.0,13.930329958597818,-13.495330810546879,78.40834045410156,-0.4948375015120902,-0.06259899999999163,-1.0401077,0.48182018,225.5292874,4737.719091,0.0,10945.496197746696,2,decay,8.0,-96.01058,-2.2166443,-0.12984116,1.0,-0.456817016
181,2021-06-19 00:00:00,37.71200303,-113.7922025,37.75,-113.75,0.13192701,0.868073,3,11,1.500639229,-96.01058,-2.2166443,169.1527,0.76021904,96.7708,309.13623,82530.0,2.8200836,-2.8925934,16898.396,4051.0835,0.0,0.0,,-19875.0,-633775.0,9.088568,4.039798025732539,135.72720415112457,0.0,-0.032440736,-0.456817016,0.0,1626.0,1.0,0.0,1.0,-3.108108,0.44444445,19.89665985107422,11.036527633666992,7.515476226806641,11.368118286132812,5.775680541992188,11,66.0,0,170,0.0,1.0,0.21547731504673012,-0.976508846196619,12.75118030186439,243.06672053610248,107.33951638497791,8.71138227613185,2.2497580181256622,16365.559125377666,-31.88805031446541,-653650.0,0.0,0.0,12.816221237182617,-12.381183624267578,80.10334014892578,0.716024261998961,-1.07019600000001,1.9967041,-0.12984116,-56.41101999999998,-711.2044999999994,0.0,5380.9068245609,1,mature,8.0,-95.67748,-2.029251,-0.35980075999999994,1.0,-0.185810945
181,2021-06-19 06:00:00,37.71200303,-113.7922025,37.75,-113.75,0.13192701,0.868073,3,11,1.500639229,-95.67748,-2.029251,-0.01314507,0.40041828,96.0779,301.65552,82622.5,1.4988098,-1.4419556,16898.396,265.6533,0.0,0.0,,-2910.0,122840.0,8.108722,2.0798237350668445,133.89243122010413,0.0,-0.330699906,-0.185810945,0.0,1626.0,1.0,0.0,1.0,-3.108108,0.44444445,20.10595703125,13.82336711883545,12.617897987365724,16.816635131835938,0.692840576171875,12,72.0,6,170,1.0,6.123233995736766e-17,0.21547731504673012,-0.976508846196619,16.830901497581433,267.6407644730826,133.74833325297845,14.751077762514589,3.8987544296581413,552.5120386388329,42.213058419243985,119930.0,0.0,0.0,15.515740712483725,-7.488059043884276,79.89404296875,0.6933066373308104,0.33310000000000173,0.1873933000000001,-0.35980075999999994,-169.16584507000002,-3785.4302000000002,0.0,-15813.047086738832,0,growth,8.0,-94.727745,-2.617485,0.009386089999999958,0.0,-0.188665757
181,2021-06-19 12:00:00,37.71200303,-113.7922025,37.75,-113.75,0.13192701,0.868073,3,11,1.500639229,-94.727745,-2.617485,0.066151045,0.40980437,95.13755,295.56592,82594.5,1.0464935,-2.237732,16898.396,36.8883,0.0,0.0,,-3023.0,19447.0,3.2045345,2.470342719010107,154.9364777547537,0.0,-0.322024539,-0.188665757,0.0,1626.0,1.0,0.0,1.0,-3.108108,0.44444445,24.09286499023437,15.495097160339355,18.345054626464844,19.038238525390625,-0.180023193359375,13,78.0,12,170,1.2246467991473532e-16,-1.0,0.21547731504673012,-0.976508846196619,19.039089644723433,270.5417655512565,115.60528779650281,16.568746925713327,1.2972023984121892,91.12674332166054,6.433013562686074,16424.0,0.0,0.0,19.31100559234619,-5.747810363769528,75.90713500976562,0.9058386849646042,0.949735000000004,-0.5882339999999999,0.009386089999999958,0.079296115,-228.765,0.0,-461.38529531717234,1,mature,8.0,-94.474045,-7.4262314,0.55065158,0.0,-0.699550199
181,2021-06-19 18:00:00,37.71200303,-113.7922025,37.75,-113.75,0.13192701,0.868073,3,11,1.500639229,-94.474045,-7.4262314,244.86438,0.96045595,95.4345,307.28662,82631.25,1.0010986,0.2597046,16898.396,4230.6084,4.25,0.0,,-37937.0,-899564.0,6.4030304,1.034236378292274,75.45693692590942,0.0,0.029675693,-0.699550199,0.0,1626.0,1.0,0.0,1.0,-3.108108,0.44444445,26.29170227050781,14.198512077331545,9.20641803741455,22.41075134277344,-3.576156616210937,14,84.0,18,170,-1.0,-1.8369701987210297e-16,0.21547731504673012,-0.976508846196619,22.69428720826655,279.0664351541559,156.39050177175352,21.660050829974278,6.191070566066,4375.4491095888725,-23.7120489232148,-937501.0,4.25,4.25,16.56554412841797,-17.085284233093258,73.70829772949219,-0.25110758570378566,0.25369999999999493,-4.8087464,0.55065158,244.798228955,4193.7201000000005,4.25,4284.322366267212,2,decay,8.0,-95.69172,-3.7460175,-0.17833604999999997,1.0,-0.494952014
181,2021-06-20 00:00:00,37.71200303,-113.7922025,37.75,-113.75,0.13192701,0.868073,3,11,1.500639229,-95.69172,-3.7460175,173.1353,0.7821199,96.47384,309.54346,82372.0,6.019943,0.8934326,16898.396,4786.801,4.0,1.7166138e-05,,-31024.0,-796265.0,12.897602,6.085880013111642,81.55823098887919,0.0,0.039731427,-0.494952014,0.0,1626.0,1.0,0.0,1.0,-3.108108,0.44444445,20.990447998046875,11.218741416931152,7.922014236450195,21.715057373046875,-6.062911987304688,15,90.0,0,171,0.0,1.0,0.19864794288017112,-0.9800709131432666,22.545567601648894,285.59989971534367,155.95833127353552,16.459687588537253,2.1192665600065945,29131.896532642822,-25.66609721505931,-827289.0,4.0,4.0,13.377067883809408,-13.06843376159668,79.00955200195312,-0.14680417590802874,-1.2176749999999998,3.6802139,-0.17833604999999997,-71.72908000000001,556.1926000000003,-0.25,24756.44742305395,0,growth,8.0,-95.8645,-3.4158096,-0.37075116999999996,1.0,-0.233103076
181,2021-06-20 06:00:00,37.71200303,-113.7922025,37.75,-113.75,0.13192701,0.868073,3,11,1.500639229,-95.8645,-3.4158096,-0.11931863,0.41136873,96.27587,299.6062,82401.44,1.6031952,2.0568085,16898.396,108.31586,0.25,0.0,,-2973.0,96374.0,6.039831,2.607814421114986,37.93490713240874,0.0,-0.348666831,-0.233103076,0.0,1626.0,1.0,0.0,1.0,-3.108108,0.44444445,19.84457397460937,12.555218696594238,12.20134162902832,17.610549926757812,-5.593551635742188,16,96.0,6,171,1.0,6.123233995736766e-17,0.19864794288017112,-0.9800709131432666,18.477534700942755,287.62115129459465,110.31375583781409,15.869720279827769,2.316050924136556,282.46766174347187,32.41641439623276,93401.0,0.25,0.25,14.867044766743978,-7.643232345581051,80.15542602539062,-0.7887096885983933,-0.17278000000000304,0.3302079,-0.37075116999999996,-173.25461863,-4678.485140000001,-3.75,-28849.42887089935,0,growth,8.0,-94.87309,-6.694412,0.0015643499999999921,0.0,-0.298640403
181,2021-06-20 12:00:00,37.71200303,-113.7922025,37.75,-113.75,0.13192701,0.868073,3,11,1.500639229,-94.87309,-6.694412,0.05029182,0.41293308,95.286026,295.5879,82515.94,2.1524353,0.52641296,16898.396,34.381687,0.0,0.0,,-1790.0,76641.0,5.008769,2.215871910815707,76.25714818610692,0.0,-0.326402967,-0.298640403,0.0,1626.0,1.0,0.0,1.0,-3.108108,0.44444445,19.94635009765625,12.425277709960938,16.878036499023438,14.368545532226562,-8.885360717773438,17,102.0,12,171,1.2246467991473532e-16,-1.0,0.19864794288017112,-0.9800709131432666,16.89392600305267,301.73222016904003,134.52492801706688,14.678054092236962,2.2604054754032115,76.18541446975755,42.816201117318435,74851.0,0.0,0.0,16.416554768880207,-3.0683135986328125,80.05364990234375,-0.23756470643928881,0.9914100000000019,-3.2786024,0.0015643499999999921,0.16961045,-73.934173,-0.25,-206.28224727371432,1,mature,8.0,-94.40705,-7.7231827,0.31756327,0.0,-0.538564493
181,2021-06-20 18:00:00,37.71200303,-113.7922025,37.75,-113.75,0.13192701,0.868073,3,11,1.500639229,-94.40705,-7.7231827,267.10107,0.73049635,95.13755,307.84497,82645.625,-0.4203949,-0.2864685,16898.396,3389.9568,0.0,0.0,,-30087.0,-926775.0,6.4385786,0.5087200344376659,235.72842012428003,0.0,-0.040146208,-0.538564493,0.0,1626.0,1.0,0.0,1.0,-3.108108,0.44444445,21.909912109375,14.092183113098145,9.167993545532228,14.658828735351562,-9.747482299804688,18,108.0,18,171,-1.0,-1.8369701987210297e-16,0.19864794288017112,-0.9800709131432666,17.60382546713567,303.6221748555264,67.89375473124636,17.095105432698006,12.65642822012532,1724.5389400381996,-30.80317080466647,-956862.0,0.0,0.0,15.056696256001791,-12.741918563842772,78.090087890625,0.5631162144354306,0.46604000000000667,-1.0287707,0.31756327,267.05077818,3355.575113,0.0,1648.3535255684421,2,decay,8.0,-94.175804,-4.146843,-0.06570275000000003,1.0,-0.399806316
181,2021-06-21 00:00:00,37.71200303,-113.7922025,37.75,-113.75,0.13192701,0.868073,3,11,1.500639229,-94.175804,-4.146843,178.15086,0.6647936,94.8406,309.00806,82413.81,4.8733063,1.5251465,16898.396,5193.1055,3.0,0.0,,-16721.0,-627442.0,11.093542,5.106386798909964,72.62200412839314,0.0,0.1155151182087247,-0.399806316,0.0,1626.0,1.0,0.0,1.0,-3.108108,0.44444445,17.84345817565918,10.061749458312988,6.893545150756836,15.36871337890625,-11.824615478515623,19,114.0,0,172,0.0,1.0,0.18175978759137534,-0.9833429613388902,19.391206309503367,307.57451319752465,125.04749093086849,14.284819510593405,2.1724836830551273,26518.005370546725,-37.52419113689373,-644163.0,3.0,3.0,11.599584261576334,-10.949913024902344,82.15654182434082,-0.2986742994724892,0.23124599999999873,3.5763397,-0.06570275000000003,-88.95021,1803.1486999999997,3.0,24793.466430508524,1,mature,8.0,-94.04424,-4.190666,-0.26437531999999997,0.0,-0.208269572
181,2021-06-21 06:00:00,37.71200303,-113.7922025,37.75,-113.75,0.13192701,0.868073,3,11,1.500639229,-94.04424,-4.190666,0.018573377,0.40041828,94.444664,301.05078,82533.25,2.0972748,2.8343048,16898.396,266.70587,0.0,0.0,,-2757.0,175409.0,8.650065,3.5258821996796885,36.49999442527076,0.0,-0.283704457,-0.208269572,0.0,1626.0,1.0,0.0,1.0,-3.108108,0.44444445,18.853290557861328,10.949604988098145,10.738906860351562,14.302886962890623,-7.421875,20,120.0,6,172,1.0,6.123233995736766e-17,0.18175978759137534,-0.9833429613388902,16.11386992590084,297.42513620938774,99.07485821588301,12.58798772622115,2.453305161694234,940.3734795830851,63.62314109539354,172652.0,0.0,0.0,13.513934135437012,-8.114383697509766,81.14670944213867,-0.8038569184919124,0.13156399999999735,-0.04382300000000061,-0.26437531999999997,-178.132286623,-4926.39963,-3.0,-25577.63189096364,0,growth,8.0,-92.3214,-7.155304,-0.009386119999999998,0.0,-0.243033023
181,2021-06-21 12:00:00,37.71200303,-113.7922025,37.75,-113.75,0.13192701,0.868073,3,11,1.500639229,-92.3214,-7.155304,-0.01314507,0.39103216,92.71243,295.35254,82771.44,-1.4634094,-1.7953644,16898.396,55.252728,0.0,0.0,,-1383.0,12757.0,2.8641653,2.316225464154066,219.1836277533653,0.0,-0.25141622,-0.243033023,0.0,1626.0,1.0,0.0,1.0,-3.108108,0.44444445,29.23011779785156,19.25941467285156,18.06780242919922,15.054946899414062,-3.774246215820313,21,126.0,12,172,1.2246467991473532e-16,-1.0,0.18175978759137534,-0.9833429613388902,15.520836338348879,284.0738813135025,64.89025356013721,13.204610874194813,1.2365658457373245,127.97777555757835,9.22415039768619,11374.0,0.0,0.0,22.18577829996745,-11.16231536865234,70.76988220214844,0.7751250591900838,1.722840000000005,-2.964638,-0.009386119999999998,-0.031718447,-211.453142,0.0,-812.3957040255068,1,mature,8.0,-92.04181,-1.0703278,0.378573,1.0,-0.352487756
181,2021-06-21 18:00:00,37.71200303,-113.7922025,37.75,-113.75,0.13192701,0.868073,3,11,1.500639229,-92.04181,-1.0703278,235.98633,0.76960516,92.81142,305.896,82846.06,0.7783661,3.4021149,16898.396,1978.2051,0.0,0.0,,-24760.0,-1143281.0,9.655208,3.490019996852628,12.886842124897669,0.0,-0.087013762,-0.352487756,0.0,1626.0,1.0,0.0,1.0,-3.108108,0.44444445,26.385957717895508,17.776065826416016,11.214109420776367,14.885391235351562,2.1492919921875,22,132.0,18,172,-1.0,-1.8369701987210297e-16,0.18175978759137534,-0.9833429613388902,15.039758252617043,261.7838828362002,111.10295928869749,11.549738255764414,2.7665193920686026,6903.975356875852,-46.17451534733441,-1168041.0,0.0,0.0,18.45871098836263,-15.17184829711914,73.61404228210449,-0.9748124374840538,0.2795899999999989,6.0849762,0.378573,235.99947507000002,1922.952372,0.0,6775.997581318274,2,decay,8.0,,,,,
189,2021-06-28 07:00:00,41.47398788,-122.333748,41.5,-122.25,0.47650146,0.50892174,3,1,1.712888648,-94.07653,-4.493286,-0.044863515,0.41762614,94.494156,297.90674,85251.56,-0.7132416,1.8284302,14274.158,28.6977,0.0,0.0,,-15405.0,27321.0,6.633169,1.9626182961143004,338.6900326858317,0.0,-0.303986417,-0.223690334,0.0,1213.0,5.0,0.0,1.0,8.594595,3.8888888,38.33990478515625,24.72381591796875,22.57080078125,-14.335098266601562,14.661834716796877,0,0.0,7,179,0.9659258262890683,-0.25881904510252063,0.062318379354325076,-0.998056320853012,20.505229566522615,135.64557956455974,156.95554687872806,18.542611270408315,3.3797550003139745,56.32263107639936,1.7735150925024343,11916.0,0.0,0.0,28.544840494791668,-15.76910400390625,61.66009521484375,-0.9316280214140602,,,,,,,,1,mature,1.0,-92.8038,-9.125206,-0.01407913999999999,0.0,-0.305717064
189,2021-06-28 13:00:00,41.47398788,-122.333748,41.5,-122.25,0.47650146,0.50892174,3,1,1.712888648,-92.8038,-9.125206,0.802539,0.403547,93.20735,291.40137,85250.94,-1.40625,0.58958435,14274.158,22.488789,0.0,0.0,,-16017.0,40507.0,6.087371,1.5248438504531938,292.7463541366868,0.0,-0.267936017,-0.305717064,0.0,1213.0,5.0,0.0,1.0,8.594595,3.8888888,37.9434814453125,24.052566528320312,29.815902709960938,-12.009689331054688,12.295730590820312,1,6.0,13,179,-0.2588190451025208,-0.9659258262890683,0.062318379354325076,-0.998056320853012,17.187717375803082,135.67426115001865,157.07209298666817,15.662873525349887,3.9921274550117327,34.29189161078943,2.52900043703565,24490.0,0.0,0.0,30.603983561197918,-8.127578735351562,62.0565185546875,-0.38665227906763755,1.27273000000001,-4.63192,-0.01407913999999999,0.847402515,-6.2089110000000005,0.0,-22.030739465609933,1,mature,2.0,-94.33026,-2.11689,0.5522159,1.0,-0.353735575
189,2021-06-28 19:00:00,41.47398788,-122.333748,41.5,-122.25,0.47650146,0.50892174,3,1,1.712888648,-94.33026,-2.11689,236.03455,0.9557629,95.286026,305.95728,85213.31,-0.86782837,3.094101,14274.158,2863.5356,0.0,0.0,,-486901.0,-1312367.0,11.595155,3.213500751202317,344.33234133337066,0.0,-0.080748563,-0.353735575,0.0,1213.0,5.0,0.0,1.0,8.594595,3.8888888,37.17558288574219,24.7830810546875,14.475411415100098,-16.294281005859375,7.9593505859375,2,12.0,19,179,-0.9659258262890684,0.2588190451025203,0.062318379354325076,-0.998056320853012,18.134355661224173,116.03435742267084,131.70201608930017,14.920854910021855,3.608262732056846,9201.973801694578,-2.6953466926541534,-1799268.0,0.0,0.0,25.47802511850993,-22.70017147064209,62.82441711425781,-0.9628443369251916,-1.5264600000000002,7.008316000000001,0.5522159,235.232011,2841.046811,0.0,9167.681910083787,2,decay,3.0,-94.27849,-3.217064,-0.34415719999999994,0.0,-0.218771148
189,2021-06-29 01:00:00,41.47398788,-122.333748,41.5,-122.25,0.47650146,0.50892174,3,1,1.712888648,-94.27849,-3.217064,133.46022,0.6116057,94.89009,306.2351,85133.44,-0.18032837,3.342514,14274.158,1084.0945,0.0,0.0,,-280752.0,-454438.0,14.71536,3.347374816363243,356.9118909126759,0.0,-0.223963554,-0.218771148,0.0,1213.0,5.0,0.0,1.0,8.594595,3.8888888,30.99591064453125,19.80443954467773,13.340728759765623,-12.41064453125,6.999191284179688,3,18.0,1,180,0.25881904510252074,0.9659258262890683,0.04514101777397193,-0.9989806246941579,14.248255202430311,119.42155441004661,122.5096634973707,10.900880386067069,4.396089714263762,3628.8706278579016,-1.6186456374309,-735190.0,0.0,0.0,21.380359649658203,-17.655181884765625,69.00408935546875,-0.9985478720998073,0.051769999999990546,-1.100174,-0.34415719999999994,-102.57433,-1779.4411000000002,0.0,-5573.103173836676,0,growth,4.0,-93.71344,-4.0089417,-0.22683093000000004,0.0,-0.18026909
189,2021-06-29 07:00:00,41.47398788,-122.333748,41.5,-122.25,0.47650146,0.50892174,3,1,1.712888648,-93.71344,-4.0089417,0.05029182,0.38477477,94.09821,296.71997,85277.375,-0.6425781,1.7591095,14274.158,34.713753,0.0,0.0,,-13967.0,15091.0,7.5667305,1.872798133165948,339.9334582642793,0.0,-0.293068542,-0.18026909,0.0,1213.0,5.0,0.0,1.0,8.594595,3.8888888,31.96728515625,22.48968315124512,21.86856460571289,-7.53607177734375,7.608978271484375,4,24.0,7,180,0.9659258262890683,-0.25881904510252063,0.04514101777397193,-0.9989806246941579,10.709291674485215,135.27581303021998,155.34235476594068,8.836493541319268,4.040334281628374,65.01185181358382,1.0804754063148851,1124.0,0.0,0.0,25.441844304402668,-10.09872055053711,68.03271484375,-0.939294774405953,0.5650499999999994,-0.7918777000000001,-0.22683093000000004,-133.40992817999998,-1049.380747,0.0,-3563.858776044318,0,growth,5.0,,,,,
189,2021-06-29 19:00:00,,,41.5,-122.25,0.47650146,0.50892174,3,1,,,,,,,,,,,,,,,,,,,,,,,,,1213.0,5.0,0.0,1.0,8.594595,3.8888888,,,,,,5,36.0,19,180,-0.9659258262890684,0.2588190451025203,0.04514101777397193,-0.9989806246941579,,,,,,,,,,,,,,,,,,,,,,1,mature,6.0,-96.06276,-1.5619125,,0.0,-0.248833838
189,2021-06-30 01:00:00,41.47398788,-122.333748,41.5,-122.25,0.47650146,0.50892174,3,1,1.712888648,-96.06276,-1.5619125,124.9159,0.65853626,96.7213,307.3374,85140.56,1.699295,1.8639832,14274.158,1957.9421,0.0,0.0,,-277172.0,-531425.0,12.860358,2.5223078453882746,42.35377702754772,0.0,-0.204151092,-0.248833838,0.0,1213.0,5.0,0.0,1.0,8.594595,3.8888888,22.664703369140625,16.436906814575195,9.6837158203125,-5.3822784423828125,4.68896484375,6,42.0,1,181,0.25881904510252074,0.9659258262890683,0.02795029824021032,-0.999609314096404,7.138298994666882,131.06191924405402,88.7081422165063,4.615991149278607,5.098647266039933,4938.532719645994,-1.9173112724228998,-808597.0,0.0,0.0,16.261775334676106,-12.980987548828125,77.33529663085938,-0.7389990890319201,,,,,,,,1,mature,7.0,-95.58163,-1.2479401,-0.26124669,1.0,-0.158534144
189,2021-06-30 07:00:00,41.47398788,-122.333748,41.5,-122.25,0.47650146,0.50892174,3,1,1.712888648,-95.58163,-1.2479401,-0.01314507,0.39728957,95.97892,296.74463,85347.25,1.501358,-0.48190308,14274.158,34.957443,0.0,0.0,,-9658.0,7671.0,5.030649,1.5768025947078748,107.7954940785096,0.0,-0.346706805,-0.158534144,0.0,1213.0,5.0,0.0,1.0,8.594595,3.8888888,25.184947967529297,34.43394088745117,36.17524719238281,-0.5823211669921875,1.9164276123046875,7,48.0,7,181,0.9659258262890683,-0.25881904510252063,0.02795029824021032,-0.999609314096404,2.0029460139332236,163.0981952031484,55.302701124638816,0.4261434192253488,3.1904114166757824,55.12098682675263,0.7942638227376269,-1987.0,0.0,0.0,31.931378682454426,10.990299224853516,74.8150520324707,0.30562042554812063,0.4811299999999932,0.31397239999999993,-0.26124669,-124.92904506999999,-1922.984657,0.0,-4883.4117328192415,0,growth,8.0,-93.646736,-1.7696686,0.004693070000000021,0.0,-0.137704424
189,2021-06-30 13:00:00,41.47398788,-122.333748,41.5,-122.25,0.47650146,0.50892174,3,1,1.712888648,-93.646736,-1.7696686,0.78667974,0.40198264,94.04872,291.17163,85381.0,-1.2305145,0.5002594,14274.158,20.157707,0.0,0.0,,-6891.0,7704.0,2.5373974,1.3283167551448751,292.1239500469254,0.0,-0.292336352,-0.137704424,0.0,1213.0,5.0,0.0,1.0,8.594595,3.8888888,28.095592498779297,31.807159423828125,40.61187744140625,-1.044097900390625,-1.2521514892578125,8,54.0,13,181,-0.2588190451025208,-0.9659258262890683,0.02795029824021032,-0.999609314096404,1.6303446806275872,39.82280453643284,107.69885448950743,0.30202792548271207,1.9102351831158333,26.775819953401133,1.1179799738789726,813.0,0.0,0.0,33.504876454671226,12.516284942626953,71.9044075012207,-0.3766115258746685,1.934894,-0.5217284999999998,0.004693070000000021,0.7998248099999999,-14.799736,0.0,-28.345166873351495,1,mature,8.0,-93.07546,-1.8410721,0.32382066000000004,0.0,-0.220494393
189,2021-06-30 19:00:00,41.47398788,-122.333748,41.5,-122.25,0.47650146,0.50892174,3,1,1.712888648,-93.07546,-1.8410721,270.88794,0.7258033,93.80126,302.79773,85370.0,0.99002075,1.5699768,14274.158,2078.7834,0.0,0.0,,-333067.0,-1508487.0,7.590831,1.8560625630535204,32.23535803240793,0.0,-0.108523315,-0.220494393,0.0,1213.0,5.0,0.0,1.0,8.594595,3.8888888,29.58578491210937,38.74993896484375,22.431716918945312,4.808837890625,-7.1466064453125,9,60.0,19,181,-0.9659258262890684,0.2588190451025203,0.02795029824021032,-0.999609314096404,8.613878658449565,326.0640167862355,66.1713412461724,6.757816095396045,4.089749532748436,3858.352045437111,-4.529079734708032,-1841554.0,0.0,0.0,30.255813598632812,-7.154067993164059,70.41421508789062,-0.8458641595664406,0.5712759999999975,-0.07140350000000018,0.32382066000000004,270.10126026,2058.625693,0.0,3831.57622548371,2,decay,8.0,-93.37667,-5.8685074,-0.10324715000000007,0.0,-0.308693659
189,2021-07-01 01:00:00,41.47398788,-122.333748,41.5,-122.25,0.47650146,0.50892174,3,1,1.712888648,-93.37667,-5.8685074,138.35306,0.62255615,93.99923,306.417,85248.25,2.5619507,0.65567017,14274.158,2485.2847,0.0,0.0,,-209866.0,-518448.0,8.758761,2.644521650707046,75.64463476486173,0.0,-0.084118479,-0.308693659,0.0,1213.0,5.0,0.0,1.0,8.594595,3.8888888,44.01475143432617,27.28353881835937,16.854686737060547,4.2498626708984375,-8.28558349609375,10,66.0,1,182,0.25881904510252074,0.9659258262890683,0.01075130776352193,-0.9999422030204416,9.311940001537657,332.8456892336081,102.79894553125365,6.66741835083061,3.312039815464636,6572.389197320967,-2.4703763353759065,-728314.0,0.0,0.0,29.3843256632487,-27.160064697265625,55.98524856567383,-0.24793526263046406,-0.30120999999999754,-4.0274353000000005,-0.10324715000000007,-132.53488000000002,406.50130000000036,0.0,2714.0371518838556,1,mature,8.0,-94.788185,-2.0398178,-0.22370221999999995,1.0,-0.164847669
189,2021-07-01 07:00:00,41.47398788,-122.333748,41.5,-122.25,0.47650146,0.50892174,3,1,1.712888648,-94.788185,-2.0398178,-0.01314507,0.39885393,95.18704,296.4978,85465.19,0.39494324,0.0703125,14274.158,22.513615,0.0,0.0,,-7739.0,2472.0,3.7999525,0.4011533503262157,79.90528792837904,0.0,-0.324929426,-0.164847669,0.0,1213.0,5.0,0.0,1.0,8.594595,3.8888888,48.1685791015625,49.0777587890625,42.466217041015625,4.8709259033203125,-4.458999633789063,11,72.0,7,182,0.9659258262890683,-0.25881904510252063,0.01075130776352193,-0.9999422030204416,6.603680556308565,312.4719713639178,127.43331656446122,6.202527205982349,9.472568275722736,9.031412085204545,0.3194211138389973,-5267.0,0.0,0.0,46.57085164388021,-5.702362060546875,51.8314208984375,-0.17527586381323293,-1.4115149999999943,3.8286896000000006,-0.22370221999999995,-138.36620507,-2462.7710850000003,0.0,-6563.357785235762,0,growth,8.0,-93.20914,-2.2150955,-0.004693060000000027,0.0,-0.134569514
189,2021-07-01 13:00:00,41.47398788,-122.333748,41.5,-122.25,0.47650146,0.50892174,3,1,1.712888648,-93.20914,-2.2150955,0.58535045,0.39416087,93.603294,289.5686,85458.5,-1.1110535,0.5636749,14274.158,22.800507,0.0,0.0,,-6690.0,9873.0,4.065811,1.2458608560960007,296.90021688452083,0.0,-0.279552828,-0.134569514,0.0,1213.0,5.0,0.0,1.0,8.594595,3.8888888,35.08649826049805,49.18452453613281,51.72125244140625,5.095993041992188,-7.236221313476562,12,78.0,13,182,-0.2588190451025208,-0.9659258262890683,0.01075130776352193,-0.9999422030204416,8.85053919157727,324.84549134994364,27.945274465422813,7.60467833548127,3.26345512832029,28.40625917044286,1.4757847533632287,3183.0,0.0,0.0,45.33075841267904,16.634754180908203,64.91350173950195,-0.45243808507341476,1.5790449999999936,-0.1752777000000001,-0.004693060000000027,0.59849552,0.28689199999999815,0.0,19.374847085238315,1,mature,8.0,-93.55686,-1.2195892,0.2956624,1.0,-0.193845708
189,2021-07-01 19:00:00,41.47398788,-122.333748,41.5,-122.25,0.47650146,0.50892174,3,1,1.712888648,-93.55686,-1.2195892,245.13812,0.68982327,94.24669,301.0952,85464.625,0.7160492,2.2655487,14274.158,2282.07,0.0,0.0,,-319244.0,-1566808.0,9.42167,2.3760129142940976,17.53965894377535,0.0,-0.105819055,-0.193845708,0.0,1213.0,5.0,0.0,1.0,8.594595,3.8888888,18.46630859375,37.770469665527344,22.640838623046875,4.234649658203125,-3.848541259765625,13,84.0,19,182,-0.9659258262890684,0.2588190451025203,0.01075130776352193,-0.9999422030204416,5.722196043114761,312.2652409721269,65.27441797164846,3.3461831288206634,3.965327773817734,5422.227791323132,-4.9078698425029135,-1886052.0,0.0,0.0,26.29253896077474,4.174530029296875,81.53369140625,-0.9535085800125309,-0.34771999999999537,0.9955063,0.2956624,244.55276955,2259.2694930000002,0.0,5393.821532152689,2,decay,8.0,-94.05819,0.18321991,-0.15487076999999994,1.0,-0.102141681
189,2021-07-02 01:00:00,41.47398788,-122.333748,41.5,-122.25,0.47650146,0.50892174,3,1,1.712888648,-94.05819,0.18321991,142.91895,0.5349525,94.59314,304.59766,85332.625,1.9210205,0.4799347,14274.158,2021.6921,0.0,0.0,,-211110.0,-568178.0,8.75738,1.9800649175429423,75.97275161411426,0.0,-0.141391841,-0.102141681,0.0,1213.0,5.0,0.0,1.0,8.594595,3.8888888,52.63220977783203,31.081388473510746,19.67268943786621,2.9618072509765625,-1.493438720703125,14,90.0,1,183,0.25881904510252074,0.9659258262890683,-0.00645086419810515,-0.9999791929590823,3.317025987904335,296.75871442713475,139.2140371869795,1.3369610703613926,4.422774184023729,4003.081601283718,-2.6913836388612573,-779288.0,0.0,0.0,34.46209589640299,-32.95952033996582,47.36779022216797,-0.2423833156922705,-0.5013299999999958,1.40280911,-0.15487076999999994,-102.21916999999999,-260.3779000000002,0.0,-1419.1461900394138,0,growth,8.0,-92.26878,-0.8666916,-0.14079163000000006,0.0,-0.080895759
189,2021-07-02 07:00:00,41.47398788,-122.333748,41.5,-122.25,0.47650146,0.50892174,3,1,1.712888648,-92.26878,-0.8666916,0.018573377,0.39416087,92.66294,295.21948,85577.0,0.10560608,-0.94436646,14274.158,45.798565,0.0,0.0,,-7383.0,2963.0,3.2182178,0.9502529425926016,173.6192695641232,0.0,-0.250673671,-0.080895759,0.0,1213.0,5.0,0.0,1.0,8.594595,3.8888888,21.181411743164062,54.49122619628906,43.24067687988281,1.7302093505859375,2.949554443359375,15,96.0,7,183,0.9659258262890683,-0.25881904510252063,-0.00645086419810515,-0.9999791929590823,3.4195753846341863,210.39589627530856,36.77662671118537,2.4693224420415847,3.3866959582568055,43.52022115776854,0.4013273736963294,-4420.0,0.0,0.0,39.63777160644531,22.05926513671875,78.81858825683594,0.9938053518923696,1.7894099999999895,-1.04991151,-0.14079163000000006,-142.900376623,-1975.893535,0.0,-3959.5613801259497,1,mature,8.0,-89.82702,-4.045532,-0.03285136999999999,0.0,-0.088799046
189,2021-07-02 13:00:00,41.47398788,-122.333748,41.5,-122.25,0.47650146,0.50892174,3,1,1.712888648,-89.82702,-4.045532,0.7232429,0.3613095,90.18833,288.9541,85563.625,-1.0380554,0.5887451,14274.158,19.16457,0.0,0.0,,-7004.0,7562.0,2.925168,1.1933900478230788,299.56024008757174,0.0,-0.18270738,-0.088799046,0.0,1213.0,5.0,0.0,1.0,8.594595,3.8888888,17.024871826171875,30.854324340820312,42.60133361816406,2.2220611572265625,2.609375,16,102.0,13,183,-0.2588190451025208,-0.9659258262890683,-0.00645086419810515,-0.9999791929590823,3.4273012235693625,220.41666440281136,79.14357568476038,2.2339111757462837,2.4511416073361283,22.87080710880874,1.0796687607081668,558.0,0.0,0.0,30.160176595052082,25.576461791992188,82.97512817382812,-0.49333836918948554,2.441760000000002,-3.1788403999999995,-0.03285136999999999,0.7046695230000001,-26.633995000000002,0.0,-20.649414048959798,1,mature,8.0,-91.104294,-1.3778534,0.15799950000000001,1.0,-0.018848729
189,2021-07-02 19:00:00,41.47398788,-122.333748,41.5,-122.25,0.47650146,0.50892174,3,1,1.712888648,-91.104294,-1.3778534,147.13959,0.519309,91.623604,301.56323,85570.06,0.9971161,1.9309998,14274.158,2303.175,0.0,0.0,,-326055.0,-1508494.0,8.971768,2.1732465908127523,27.31060765,0.0,-0.033660318,-0.018848729,0.0,1213.0,5.0,0.0,1.0,8.594595,3.8888888,25.40513229370117,26.15594482421875,16.309261322021484,-3.2323455810546875,1.4859619140625,17,108.0,19,183,-0.9659258262890684,0.2588190451025203,-0.00645086419810515,-0.9999791929590823,3.557547015206975,114.68901225528055,87.37840460528054,1.3843004243942225,4.128278879132963,5005.367216795161,-4.626501663829722,-1834549.0,0.0,0.0,22.623446146647137,-9.095870971679684,74.59486770629883,-0.8885323037730911,-1.2772739999999914,2.6676785999999995,0.15799950000000001,146.4163471,2284.0104300000003,0.0,4982.496409686352,2,decay,8.0,-94.74012,0.3479309,0.026593969999999967,1.0,-0.108096976
189,2021-07-03 01:00:00,41.47398788,-122.333748,41.5,-122.25,0.47650146,0.50892174,3,1,1.712888648,-94.74012,0.3479309,39.587242,0.54590297,95.286026,306.2837,85410.0,1.1485748,2.3640747,14274.158,2449.2234,0.0,0.0,,-236842.0,-727400.0,10.355761,2.6283213765396214,25.912585638627604,0.0,-0.126211896,-0.108096976,0.0,1213.0,5.0,0.0,1.0,8.594595,3.8888888,28.45458984375,17.505016326904297,11.223960876464844,-5.8565521240234375,3.8962249755859375,18,114.0,1,184,0.25881904510252074,0.9659258262890683,-0.023651127245231586,-0.9997202729664083,7.034185940233815,123.63487902722045,97.72229338859285,4.405864563694194,3.940066497360426,6437.346218141051,-3.071245809442582,-964242.0,0.0,0.0,19.06118901570638,-17.230628967285156,71.54541015625,-0.899461809009246,-3.6358260000000087,1.7257843,0.026593969999999967,-107.552348,146.04839999999967,0.0,1431.9790013458905,1,mature,8.0,-90.15469,-2.9948578,-0.16582126999999997,0.0,-0.082641681
189,2021-07-03 07:00:00,41.47398788,-122.333748,41.5,-122.25,0.47650146,0.50892174,3,1,1.712888648,-90.15469,-2.9948578,0.002714154,0.3800817,90.534775,298.21753,85614.0,-0.23487854,-0.31352234,14274.158,16.604927,0.0,0.0,,-6655.0,5801.0,3.026475,0.3917450525936571,216.83909984154567,0.0,-0.192326852,-0.082641681,0.0,1213.0,5.0,0.0,1.0,8.594595,3.8888888,38.14802551269531,29.97832489013672,30.245086669921875,-0.1750030517578125,7.799102783203125,19,120.0,7,184,0.9659258262890683,-0.25881904510252063,-0.023651127245231586,-0.9997202729664083,7.8010659714612895,178.71456317594846,38.12453666559722,7.409320918867633,7.72562405054609,6.504898000928837,0.8716754320060105,-854.0,0.0,0.0,32.790479024251304,-7.9029388427734375,61.85197448730469,0.8003223982644788,4.585430000000002,-3.3427887000000003,-0.16582126999999997,-39.584527846,-2432.618473,0.0,-6430.841320140123,0,growth,8.0,-88.2511,-5.9813995,-0.026593940000000038,0.0,-0.099431427
189,2021-07-03 13:00:00,41.47398788,-122.333748,41.5,-122.25,0.47650146,0.50892174,3,1,1.712888648,-88.2511,-5.9813995,0.26747996,0.35348776,88.60458,290.29395,85634.19,-1.0487366,0.9201813,14274.158,21.489803,0.0,0.0,,-9950.0,15699.0,3.6467009,1.395199656339282,311.26432571791986,0.0,-0.137254783,-0.099431427,0.0,1213.0,5.0,0.0,1.0,8.594595,3.8888888,22.70552062988281,19.638124465942383,33.63444519042969,6.7185821533203125,9.118972778320312,20,126.0,13,184,-0.2588190451025208,-0.9659258262890683,-0.023651127245231586,-0.9997202729664083,11.326738748759993,216.3816602187096,94.88266549921025,9.931539092420712,2.613748421905576,29.982565760398867,1.5777889447236182,5749.0,0.0,0.0,25.326030095418293,10.928924560546879,77.29447937011719,-0.6595337777063159,1.9035900000000083,-2.9865417,-0.026593940000000038,0.264765806,4.884875999999998,0.0,23.47766775947003,1,mature,8.0,-89.24536,-5.2227783,0.29253364,1.0,-0.180681519
189,2021-07-03 19:00:00,41.47398788,-122.333748,41.5,-122.25,0.47650146,0.50892174,3,1,1.712888648,-89.24536,-5.2227783,320.01254,0.6460214,89.89138,303.2068,85579.56,1.1762695,1.8715363,14274.158,2422.5867,0.0,0.0,,-310946.0,-1500090.0,8.773941,2.210488195,32.149557622675104,0.0,0.029442321,-0.180681519,0.0,1213.0,5.0,0.0,1.0,8.594595,3.8888888,16.09506607055664,22.078441619873047,13.57875919342041,5.63153076171875,10.39593505859375,21,132.0,19,184,-0.9659258262890684,0.2588190451025203,-0.023651127245231586,-0.9997202729664083,11.823265389167377,208.4446299473554,176.2950723246803,9.612777194167377,3.9692322355967167,5355.099301714006,-4.824278170486194,-1811036.0,0.0,0.0,17.25075562795003,-2.5163068771362305,83.90493392944336,-0.846661974716184,-0.9942600000000112,0.7586212000000003,0.29253364,319.74506004,2401.096897,0.0,5325.1167359536075,2,decay,8.0,,,,,
190,2021-06-28 07:00:00,57.51559354989936,-123.0038825,57.5,-123.0,1.0,0.0,3,0,1.7493641265811395,-88.63764,3.0414047,0.018573377,0.36287385,89.00052,298.36572,89435.56,1.3473053,0.12530518,10527.444,18.9477,439.375,0.0,,-10605.0,27641.0,2.2689114,1.3531197136775897,84.68653137,0.0,0.2014259152290412,0.1166640551824121,0.0,986.0,4.0,0.9063078,-0.42261827,2.2432432,0.8888889,50.17974853515625,40.40350341796875,35.83251953125,36.35435485839844,10.392303466796877,0,0.0,7,179,0.9659258262890683,-0.25881904510252063,0.062318379354325076,-0.998056320853012,37.81056847650345,254.04681634861592,169.36028497861594,36.457448762825855,1.6768001951825955,25.638506398848868,2.6064120697784063,17036.0,439.375,439.375,42.138590494791664,-14.34722900390625,49.82025146484375,-0.8632769254528754,,,,,,,,1,mature,1.0,-95.93007,6.0637665,0.1314055,1.0,-0.030204556
190,2021-06-28 13:00:00,57.51559354989936,-123.0038825,57.5,-123.0,1.0,0.0,3,0,1.7493641265811395,-95.93007,6.0637665,4.6369605,0.49427935,96.42435,290.77637,89602.94,1.7011719,-1.4123688,10527.444,48.36379,0.0,0.0,,-54929.0,45371.0,3.2582693,2.2110566389314976,129.70057176406942,0.0,-0.355624498,-0.030204556,0.0,986.0,4.0,0.9063078,-0.42261827,2.2432432,0.8888889,68.2872314453125,44.41975402832031,53.33543395996094,35.79109191894531,7.901199340820312,1,6.0,13,179,-0.2588190451025208,-0.9659258262890683,0.062318379354325076,-0.998056320853012,36.652847253300415,257.5511178617715,127.85054609770208,34.44179061436892,1.4736254343871409,106.93507896338878,0.8259935553168636,-9558.0,0.0,0.0,55.34747314453125,-14.951797485351562,31.7127685546875,-0.9672652209444658,-7.292429999999996,3.0223617999999997,0.1314055,4.618387123,29.41609,-439.375,81.2965725645399,1,mature,2.0,-89.08024,3.910347,0.11889064999999999,0.0,0.2401447901013709
190,2021-06-28 19:00:00,57.51559354989936,-123.0038825,57.5,-123.0,1.0,0.0,3,0,1.7493641265811395,-89.08024,3.910347,61.59812,0.61317,89.693405,300.35962,89502.31,-1.745758,-0.4098053,10527.444,1161.7856,391.125,0.0,972.46875,-662901.0,-1052591.0,6.010194,1.7932125859674557,256.7893781787925,972.46875,-0.75024943,0.2401447901013709,0.0,986.0,4.0,0.9063078,-0.42261827,2.2432432,0.8888889,62.93730163574219,45.1424560546875,51.43634033203125,29.477203369140625,11.4515380859375,2,12.0,19,179,-0.9659258262890684,0.2588190451025203,0.062318379354325076,-0.998056320853012,31.623460326146354,248.76945189384685,8.019926284945655,29.830247740178898,3.35163496343488,2083.3285601157518,-1.5878555018019282,-1715492.0,-581.34375,391.125,53.17203267415365,-11.500961303710938,37.06269836425781,0.7857422343247481,6.849829999999997,-2.1534195,0.11889064999999999,56.9611595,1113.4218099999998,391.125,1976.393481152363,1,mature,3.0,-68.57909,-5.5867157,-0.0876036,0.0,0.4598521184279007
190,2021-06-29 01:00:00,57.51559354989936,-123.0038825,57.5,-123.0,1.0,0.0,3,0,1.7493641265811395,-68.57909,-5.5867157,88.04941,0.5255664,69.10465,306.01245,89192.44,0.08041382,1.7927094,10527.444,534.7196,421.0,0.000102043,26.328213,-554992.0,-68006.0,8.592313,1.7945120159239256,2.568339362535994,26.328213,0.7779552876514533,0.4598521184279007,0.0,986.0,4.0,0.9063078,-0.42261827,2.2432432,0.8888889,86.64044189453125,58.45286560058594,33.340728759765625,25.37841796875,12.665206909179688,3,18.0,1,180,0.25881904510252074,0.9659258262890683,0.04514101777397193,-0.9989806246941579,28.363207940021624,243.47831599571873,119.09002336681726,26.5686959240977,4.7881055817707345,959.5607473500352,-0.12253509960503935,-622998.0,394.671787,421.0,59.47801208496094,-53.299713134765625,13.35955810546875,0.38158120783562166,20.50115000000001,-9.4970627,-0.0876036,26.451289999999993,-627.0659999999999,29.875,-1123.7678127657166,1,mature,3.0,-94.6892,1.0302505,-0.12671246999999997,1.0,-0.088704717
190,2021-06-29 07:00:00,57.51559354989936,-123.0038825,57.5,-123.0,1.0,0.0,3,0,1.7493641265811395,-94.6892,1.0302505,0.08201026,0.39885393,95.08806,294.00708,89161.375,0.8515625,1.2376251,10527.444,21.838753,1578.25,0.0,,1713.0,15923.0,4.66341,1.5022897788230671,34.530373183388406,0.0,0.9350333495547056,-0.088704717,0.0,986.0,4.0,0.9063078,-0.42261827,2.2432432,0.8888889,60.11572265625,39.08341979980469,44.587310791015625,24.08892822265625,11.909759521484377,4,24.0,7,180,0.9659258262890683,-0.25881904510252063,0.04514101777397193,-0.9989806246941579,26.872268880313634,243.69183878728163,150.83853439610675,25.369979101490568,3.1042013769496832,32.808135414141596,9.295388207822533,17636.0,1578.25,1578.25,47.92881774902344,-15.528411865234375,39.88427734375,-0.16557042255272547,-26.110110000000006,6.6169662,-0.12671246999999997,-87.96739973999999,-512.880847,1157.25,-926.7526119358936,1,mature,4.0,,,,,
190,2021-06-29 19:00:00,,,57.5,-123.0,1.0,0.0,3,0,,,,,,,,,,,,,,,,,,,,,,,,,986.0,4.0,0.9063078,-0.42261827,2.2432432,0.8888889,,,,,,5,36.0,19,180,-0.9659258262890684,0.2588190451025203,0.04514101777397193,-0.9989806246941579,,,,,,,,,,,,,,,,,,,,,,1,mature,5.0,-90.51338,1.1697159,,0.0,0.046115817
190,2021-06-30 01:00:00,57.51559354989936,-123.0038825,57.5,-123.0,1.0,0.0,3,0,1.7493641265811395,-90.51338,1.1697159,187.34132,0.6647936,91.17818,308.52295,88750.56,2.0684357,2.4743347,10527.444,2607.5671,0.0,0.0,,-537652.0,-390049.0,9.094733,3.2250206902682934,39.89414975853936,0.0,0.008064676,0.046115817,0.0,986.0,4.0,0.9063078,-0.42261827,2.2432432,0.8888889,30.145172119140625,29.84706115722656,17.9493408203125,22.100143432617188,19.51708984375,6,42.0,1,181,0.25881904510252074,0.9659258262890683,0.02795029824021032,-0.999609314096404,29.484455832035668,228.55161674289099,171.34253301564837,26.259435141767373,2.8200541557590433,8409.457848762893,-0.7254674027065834,-927701.0,0.0,0.0,25.98052469889323,-12.195831298828125,69.85482788085938,-0.25703411710268725,,,,,,,,1,mature,6.0,-92.11149,0.6959305,-0.31130584,0.0,0.003135526
190,2021-06-30 07:00:00,57.51559354989936,-123.0038825,57.5,-123.0,1.0,0.0,3,0,1.7493641265811395,-92.11149,0.6959305,0.018573377,0.35348776,92.46497,294.38135,88749.25,1.5970612,1.598175,10527.444,20.707443,0.0,0.0,,-31034.0,85559.0,4.8089695,2.259373321779833,44.98002775612116,0.0,-0.248196373,0.003135526,0.0,986.0,4.0,0.9063078,-0.42261827,2.2432432,0.8888889,47.3099365234375,34.855804443359375,24.70259094238281,22.93525695800781,26.510177612304688,7,48.0,7,181,0.9659258262890683,-0.25881904510252063,0.02795029824021032,-0.999609314096404,35.05446517586292,220.86469243872577,175.88466468260458,32.79509185408309,2.1284528119557105,46.78584427647655,2.7569439969066187,54525.0,0.0,0.0,35.6227773030599,-22.60734558105469,52.6900634765625,-0.3416925612837785,-1.5981100000000055,-0.4737853999999999,-0.31130584,-187.322746623,-2586.8596570000004,0.0,-8362.672004486416,0,growth,7.0,-91.60248,-0.32717133,0.01407913999999999,0.0,-0.009407796
190,2021-06-30 13:00:00,57.51559354989936,-123.0038825,57.5,-123.0,1.0,0.0,3,0,1.7493641265811395,-91.60248,-0.32717133,8.710539,0.3675669,91.97005,290.16577,89019.0,1.8476105,-0.6227875,10527.444,58.032707,0.0,0.0,,-61483.0,29720.0,3.469038,1.949750966115032,108.62779199514478,0.0,-0.230541364,-0.009407796,0.0,986.0,4.0,0.9063078,-0.42261827,2.2432432,0.8888889,65.2283935546875,40.189971923828125,48.33453369140625,18.85043334960937,35.77519226074219,8,54.0,13,181,-0.2588190451025208,-0.9659258262890683,0.02795029824021032,-0.999609314096404,40.43764605860649,207.78535357194218,99.15756157679743,38.487895092491456,1.7792210699155169,113.14932653952059,0.48338565131825056,-31763.0,0.0,0.0,51.25096638997396,-16.89385986328125,34.7716064453125,-0.9938218713496471,0.5090100000000035,-1.0231018299999999,0.01407913999999999,8.691965623000002,37.325264000000004,0.0,66.36348226304403,1,mature,7.0,-90.61137,-0.71743774,0.24873183999999998,0.0,0.088512633
190,2021-06-30 19:00:00,57.51559354989936,-123.0038825,57.5,-123.0,1.0,0.0,3,0,1.7493641265811395,-90.61137,-0.71743774,270.34247,0.61629874,91.22767,298.06543,89056.0,-1.8390808,-1.0862732,10527.444,1433.6584,0.0,0.0,,-662283.0,-1144327.0,6.9423933,2.1359325022029325,239.43131243881493,0.0,-0.090210578,0.088512633,0.0,986.0,4.0,0.9063078,-0.42261827,2.2432432,0.8888889,60.988128662109375,56.08197021484375,41.05671691894531,17.308837890625,34.6580810546875,9,60.0,19,181,-0.9659258262890684,0.2588190451025203,0.02795029824021032,-0.999609314096404,38.73988192440994,206.5383261961816,32.89298624263333,36.60394942220701,3.2502868385774537,3062.1975736162526,-1.7278519907652772,-1806610.0,0.0,0.0,52.70893859863281,-19.931411743164062,39.011871337890625,0.5654178461579951,0.9911100000000062,-0.39026641000000006,0.24873183999999998,261.631931,1375.625693,0.0,2949.048247076732,2,decay,7.0,-91.04997,-0.7506943,0.05631666000000002,0.0,-0.049663633
190,2021-07-01 01:00:00,57.51559354989936,-123.0038825,57.5,-123.0,1.0,0.0,3,0,1.7493641265811395,-91.04997,-0.7506943,121.72282,0.6726154,91.72259,299.5498,88990.25,-1.7710571,-2.7330017,10527.444,1635.9097,106.25,0.0,250.53137,-471306.0,-344688.0,9.654269,3.256676456706024,212.9443004860116,250.53137,-0.257666452,-0.049663633,0.0,986.0,4.0,0.9063078,-0.42261827,2.2432432,0.8888889,56.327239990234375,83.71322631835938,49.97967529296875,13.628768920898438,29.31597900390625,10,66.0,1,182,0.25881904510252074,0.9659258262890683,0.01075130776352193,-0.9999422030204416,32.3290885621095,204.93334734670515,8.010953139306451,29.072412105403473,2.9644544456113526,5327.628605287015,-0.7313465137299334,-815994.0,-144.28137,106.25,63.340047200520836,-6.347564697265625,43.672760009765625,0.1382103542487826,-0.4386000000000081,-0.03325655999999999,0.05631666000000002,-148.61964999999998,202.2512999999999,106.25,2265.431031670762,1,mature,7.0,-83.24356,-3.4590912,-0.35980078,0.0,0.7863056343809529
190,2021-07-01 07:00:00,57.51559354989936,-123.0038825,57.5,-123.0,1.0,0.0,3,0,1.7493641265811395,-83.24356,-3.4590912,0.21990228,0.31281462,83.55637,289.6599,89040.19,1.0697479,-2.7207031,10527.444,371.1386,118.5,0.00180769,48.70347,-200187.0,129608.0,7.252101,2.923454451,158.5358417162454,48.70347,0.079642321,0.7863056343809529,0.0,986.0,4.0,0.9063078,-0.42261827,2.2432432,0.8888889,83.1920166015625,95.4371337890625,82.22793579101562,1.3084259033203125,26.337875366210938,11,72.0,7,182,0.9659258262890683,-0.25881904510252063,0.01075130776352193,-0.9999422030204416,26.370355650816325,182.8440297590246,24.30818804277922,23.446901199816324,2.4806615329749153,1085.0067921079085,0.6474346486035557,-70579.0,69.79652999999999,118.5,86.95236206054688,-0.964080810546875,16.8079833984375,-0.7249436261898423,7.80641,-2.7083969,-0.35980078,-121.50291772,-1264.7711,12.25,-4242.6218131791065,0,growth,7.0,-84.525665,-4.4610596,0.004693060000000027,0.0,1.1762525963905257
190,2021-07-01 13:00:00,57.51559354989936,-123.0038825,57.5,-123.0,1.0,0.0,3,0,1.7493641265811395,-84.525665,-4.4610596,8.694679,0.31750768,84.84317,288.0138,89168.5,1.2854309,-1.746872,10527.444,348.0505,31.5,0.00321579,4.562519,-143522.0,30097.0,6.0628815,2.168846325367201,143.6526101609528,4.562519,0.016733221,1.1762525963905257,0.0,986.0,4.0,0.9063078,-0.42261827,2.2432432,0.8888889,84.55523681640625,95.2235870361328,99.37750244140624,-2.0954132080078125,34.89854431152344,12,78.0,13,182,-0.2588190451025208,-0.9659258262890683,0.01075130776352193,-0.9999422030204416,34.961395160600475,176.56391490701753,32.91130474606473,32.792548835233276,2.795440796836314,754.868047967217,0.20970304204233498,-113425.0,26.937481,31.5,93.05210876464844,14.822265624999986,15.44476318359375,-0.8775430616348091,-1.2821050000000014,-1.0019683999999995,0.004693060000000027,8.474776720000001,-23.088099999999997,-87.0,-330.13874414069153,1,mature,6.0,-85.469864,-2.8221436,0.34259292,1.0,0.009694196
190,2021-07-01 19:00:00,57.51559354989936,-123.0038825,57.5,-123.0,1.0,0.0,3,0,1.7493641265811395,-85.469864,-2.8221436,274.22723,0.6601006,86.12997,285.25732,89139.625,0.6926117,-2.0381622,10527.444,382.69513,182.75,0.000120163,26.812647,-362572.0,-113752.0,6.113076,2.152630047287673,161.23112563431118,26.812647,0.090180818,0.009694196,0.0,986.0,4.0,0.9063078,-0.42261827,2.2432432,0.8888889,72.67724609375,94.2821807861328,100.74630737304688,2.246368408203125,35.870208740234375,13,84.0,19,182,-0.9659258262890684,0.2588190451025203,0.01075130776352193,-0.9999422030204416,35.94047921346291,183.58346299213258,22.352337357821398,33.787849166175235,2.839817277335933,823.8010357886623,-0.3137363061681542,-476324.0,155.937353,182.75,89.23524475097656,28.069061279296875,27.32275390625,-0.6917509807169541,-0.9441989999999976,1.6389159999999996,0.34259292,265.532551,34.64463000000001,151.25,68.9329878214453,2,decay,5.0,-87.41827,-2.9551544,0.031286999999999954,0.0,-0.068152609
190,2021-07-02 01:00:00,57.51559354989936,-123.0038825,57.5,-123.0,1.0,0.0,3,0,1.7493641265811395,-87.41827,-2.9551544,151.18552,0.6913876,88.10966,287.02344,89142.625,0.5821533,-2.3989716,10527.444,421.56714,81.625,0.000501633,,-55206.0,-70898.0,7.636286,2.468596200739896,166.3598225016757,0.0,-0.015781077,-0.068152609,0.0,986.0,4.0,0.9063078,-0.42261827,2.2432432,0.8888889,69.6439208984375,103.67121887207033,99.68440246582033,1.9149322509765625,40.69406127929688,14,90.0,1,183,0.25881904510252074,0.9659258262890683,-0.00645086419810515,-0.9999791929590823,40.73909165566901,182.69416853351998,16.33434603184429,38.27049545492911,3.0933718514640938,1040.6790401607839,-1.2842444661812122,-126104.0,81.625,81.625,90.99984741210938,30.040481567382827,30.3560791015625,-0.6244274701565508,-1.9484060000000056,-0.1330108000000001,0.031286999999999954,-123.04171000000002,38.87200999999999,-101.125,216.8780043721216,1,mature,4.0,-86.91224,-5.606598,-0.3848304,0.0,-0.011365835
190,2021-07-02 07:00:00,57.51559354989936,-123.0038825,57.5,-123.0,1.0,0.0,3,0,1.7493641265811395,-86.91224,-5.606598,0.21990228,0.3065572,87.218796,286.81714,89063.0,0.77259827,-1.5918274,10527.444,229.67355,63.25,7.915497e-05,,11497.0,-50733.0,4.7328663,1.769413054715533,154.11024125549113,0.0,-0.031488284,-0.011365835,0.0,986.0,4.0,0.9063078,-0.42261827,2.2432432,0.8888889,67.77516174316406,94.38575744628906,101.2719268798828,-2.7580718994140625,46.058929443359375,15,96.0,7,183,0.9659258262890683,-0.25881904510252063,-0.00645086419810515,-0.9999791929590823,46.14143411371925,176.5731421740245,22.462900918533364,44.372021059003714,2.6748227540125726,406.3873776928607,-4.412716360789771,-39236.0,63.25,63.25,87.81094868977864,33.496765136718736,32.22483825683594,-0.7759336666542541,0.5060300000000097,-2.6514436,-0.3848304,-150.96561771999998,-191.89359,-18.375,-634.2916624679232,0,growth,4.0,-86.93826,-7.4937515,0.023465280000000033,0.0,-0.047389182
190,2021-07-02 13:00:00,57.51559354989936,-123.0038825,57.5,-123.0,1.0,0.0,3,0,1.7493641265811395,-86.93826,-7.4937515,8.329231,0.33002248,87.26829,285.22363,89032.625,1.7685852,0.28015137,10527.444,378.66455,247.0,5.722046e-05,64.281296,-71068.0,1226.0,2.9280977,1.7906363114189092,80.99889410090657,64.281296,0.060579432,-0.047389182,0.0,986.0,4.0,0.9063078,-0.42261827,2.2432432,0.8888889,46.57565307617188,82.64337158203125,98.55055236816406,11.210342407226562,30.998046875,16,102.0,13,183,-0.2588190451025208,-0.9659258262890683,-0.00645086419810515,-0.9999791929590823,32.962868305897764,199.88235841991764,118.88346431901107,31.172231994478857,1.6352274782586982,678.0504930771011,0.017251083469353296,-69842.0,182.718704,247.0,75.92319234212239,51.97489929199218,53.42434692382812,-0.8290267779715539,-0.026020000000002597,-1.8871535000000002,0.023465280000000033,8.10932872,148.991,183.75,271.6631153842404,1,mature,4.0,-87.08691,-2.5478745,0.39578082000000003,1.0,0.556047086
190,2021-07-02 19:00:00,57.51559354989936,-123.0038825,57.5,-123.0,1.0,0.0,3,0,1.7493641265811395,-87.08691,-2.5478745,289.00742,0.7258033,87.812706,291.3152,89001.06,1.7832489,-1.7750549,10527.444,676.05005,241.75,0.001560211,,-669799.0,-102734.0,7.0830965,2.5161074176921026,134.86806051032636,0.0,0.1419800188620968,0.556047086,0.0,986.0,4.0,0.9063078,-0.42261827,2.2432432,0.8888889,64.03402709960938,85.06610107421875,87.00456237792969,11.689529418945312,19.0816650390625,17,108.0,19,183,-0.9659258262890684,0.2588190451025203,-0.00645086419810515,-0.9999791929590823,22.377556584653473,211.4918570931469,76.62379658282055,19.86144916696137,2.815100996958613,1701.0145455361169,-0.15338034246094723,-772533.0,241.75,241.75,78.70156351725261,22.970535278320312,35.965972900390625,-0.9404777259126398,-0.1486500000000035,4.945877,0.39578082000000003,280.67818900000003,297.38550000000004,-5.25,1022.9640524590158,2,decay,3.0,-88.961914,-1.5969543,-0.0438018,1.0,0.1657381965643788
190,2021-07-03 01:00:00,57.51559354989936,-123.0038825,57.5,-123.0,1.0,0.0,3,0,1.7493641265811395,-88.961914,-1.5969543,132.28336,0.6820015,89.64391,285.46143,89298.0,2.9835358,-2.835144,10527.444,813.2234,47.75,0.000684738,,-412266.0,16344.0,12.810839,4.115765708907352,133.5391219960054,0.0,-0.055252113,0.1657381965643788,0.0,986.0,4.0,0.9063078,-0.42261827,2.2432432,0.8888889,97.53271484375,99.5362548828125,98.00129699707033,13.791885375976562,1.3454437255859375,18,114.0,1,184,0.25881904510252074,0.9659258262890683,-0.023651127245231586,-0.9997202729664083,13.85735620682368,264.42823867795704,130.88911668195163,9.741590497916327,3.11262591363613,3347.036983401047,0.039644307316150255,-395922.0,47.75,47.75,98.35675557454427,0.4685821533203267,2.46728515625,-0.9481067767507665,-1.87500399999999,0.9509201999999999,-0.0438018,-156.72406000000004,137.1733499999999,-194.0,1646.0224378649302,1,mature,2.0,-89.36025,-1.5474625,-0.34885030000000006,1.0,0.015101844
190,2021-07-03 07:00:00,57.51559354989936,-123.0038825,57.5,-123.0,1.0,0.0,3,0,1.7493641265811395,-89.36025,-1.5474625,-0.01314507,0.3331512,89.693405,283.86206,89475.0,1.5825043,-1.8877411,10527.444,408.47992,0.0,9.536743e-07,,-27839.0,84713.0,6.575303,2.4633080035082298,140.0267012907301,0.0,-0.137642192,0.015101844,0.0,986.0,4.0,0.9063078,-0.42261827,2.2432432,0.8888889,80.73396301269531,89.18534851074219,82.47555541992188,16.348434448242188,-2.232147216796875,19,120.0,7,184,0.9659258262890683,-0.25881904510252063,-0.023651127245231586,-0.9997202729664083,16.500114851295002,277.774852171505,137.74815088077492,14.036806847786773,2.669297948383024,1006.2118562084014,3.042961313265563,56874.0,0.0,0.0,84.13162231445312,1.7415924072265625,19.266036987304688,-0.9061107386165203,-0.39833600000000047,0.049491799999999975,-0.34885030000000006,-132.29650507,-404.74348,-47.75,-2340.8251271926456,0,growth,3.0,-88.557434,-5.156273,0.010950440000000006,0.0,-0.028078901
190,2021-07-03 13:00:00,57.51559354989936,-123.0038825,57.5,-123.0,1.0,0.0,3,0,1.7493641265811395,-88.557434,-5.156273,6.4379396,0.34410164,88.901535,282.56738,89516.19,1.2168884,-1.7575531,10527.444,434.4898,1.25,3.0040741e-05,,-96798.0,39571.0,6.112521,2.1377114579320966,145.30218290772677,0.0,-0.111472949,-0.028078901,0.0,986.0,4.0,0.9063078,-0.42261827,2.2432432,0.8888889,94.5961456298828,90.97796630859376,77.41569519042969,14.562332153320312,-1.3146209716796875,20,126.0,13,184,-0.2588190451025208,-0.9659258262890683,-0.023651127245231586,-0.9997202729664083,14.621550740014092,275.15841903223134,129.85623612450456,12.483839282081995,2.8593760759054514,928.813823814625,0.4087997685902601,-57227.0,1.25,1.25,87.66326904296875,-17.18045043945311,5.403854370117202,-0.863376329031608,0.8028159999999929,-3.6088104999999997,0.010950440000000006,6.45108467,26.00988000000001,1.25,-77.39803239377636,1,mature,4.0,-89.56081,1.0049973,0.58037426,1.0,-0.148105465
190,2021-07-03 19:00:00,57.51559354989936,-123.0038825,57.5,-123.0,1.0,0.0,3,0,1.7493641265811395,-89.56081,1.0049973,174.77437,0.9244759,90.48528,282.8025,89658.56,1.0551758,-1.6685028,10527.444,479.3368,3.75,0.000221252,,-338850.0,-46778.0,6.2729645,1.9741574310357013,147.69038065086602,0.0,-0.134653567,-0.148105465,0.0,986.0,4.0,0.9063078,-0.42261827,2.2432432,0.8888889,98.27865600585938,102.16436767578124,80.03578186035156,10.87371826171875,-2.40484619140625,21,132.0,19,184,-0.9659258262890684,0.2588190451025203,-0.023651127245231586,-0.9997202729664083,11.136473141868434,282.4708715175314,134.7804908666654,9.162315710832733,3.177540150234633,946.2863056888737,-0.13804928434410507,-385628.0,3.75,3.75,93.49293518066406,-18.242874145507812,1.721343994140625,-0.8416014717460134,-1.003376000000003,6.1612703,0.58037426,168.3364304,44.84699999999998,2.5,17.472481874248615,2,decay,4.0,,,,,
202,2021-07-08 05:00:00,50.79786859704663,-95.02797198,50.75,-95.0,0.94311523,0.055336118,18,2,1.9801072145792185,-110.61078,10.7990265,0.15646538,0.76021904,111.370995,286.0808,97304.56,1.6977234,3.2592468,3540.8618,271.34174,0.0,0.0,,-208583.0,139460.0,6.5978527,3.674908767060456,27.514754730470884,0.0,-0.759150984,-0.332144976,0.0,366.0,2.0,-0.309017,-0.95105654,0.7027027,1.0,9.76689624786377,81.87242126464844,53.6033935546875,14.325271606445312,-5.771392822265625,0,0.0,5,189,0.9659258262890683,0.25881904510252074,-0.10944576864891556,-0.993992768446958,15.444169829010798,291.943613932328,95.57114079814289,11.769261061950342,1.7953786388219903,997.1561391954389,0.6686067416807697,-69123.0,0.0,0.0,48.4142370223999,43.83649730682373,90.23310375213623,0.9862430656751299,,,,,,,,1,mature,1.0,-57.961567,-8.700851,-0.65389875,0.0,0.6609404933201769
202,2021-07-08 11:00:00,50.79786859704663,-95.02797198,50.75,-95.0,0.94311523,0.055336118,18,2,1.9801072145792185,-57.961567,-8.700851,0.066151045,0.10632029,58.067886,286.8329,97283.72,0.7096405,1.1192322,3540.8618,128.17456,1.5,0.0,,-92139.0,-1534.0,4.2999954,1.3252435084757404,32.37642392561611,0.0,0.7425903057168247,0.6609404933201769,1.0,366.0,2.0,-0.309017,-0.95105654,0.7027027,1.0,5.616698265075684,39.65306091308594,56.39837646484375,22.85682678222656,-10.523956298828123,1,6.0,11,189,0.258819045102521,-0.9659258262890682,-0.10944576864891556,-0.993992768446958,25.16323084844936,294.7227355660047,97.65368835961141,23.83798733997362,3.2446832393434923,169.8625035917343,-0.016648758940296726,-93673.0,1.5,0.0,33.88937854766846,50.781678199768066,94.38330173492432,0.9686854095822782,52.649213,-19.4998775,-0.65389875,-0.09031433499999998,-143.16718,1.5,-827.2936356037046,0,growth,2.0,-108.8251,22.408318,1.54870741,1.0,-0.49157483
202,2021-07-08 17:00:00,50.79786859704663,-95.02797198,50.75,-95.0,0.94311523,0.055336118,18,2,1.9801072145792185,-108.8251,22.408318,89.65392,1.6550277,110.48013,294.30798,97247.25,0.58036804,3.0563354,3540.8618,2020.1492,5.0,6.4373016e-05,,-541477.0,-561440.0,6.9830694,3.110950520202242,10.751893268327253,0.0,-0.561669103,-0.49157483,0.0,366.0,2.0,-0.309017,-0.95105654,0.7027027,1.0,14.00008773803711,99.59617614746094,68.81864929199219,4.207427978515625,-10.45123291015625,2,12.0,17,189,-0.9659258262890683,-0.25881904510252063,-0.10944576864891556,-0.993992768446958,11.266353426762768,338.07140881779435,32.6804844505329,8.155402906560525,2.2446738881420822,6284.584204626143,-1.0368676785902264,-1102917.0,5.0,5.0,60.804971059163414,54.81856155395508,85.99991226196289,0.9920091194765671,-50.863533000000004,31.109169,1.54870741,89.587768955,1891.9746400000001,3.5,6114.721701034409,2,decay,3.0,-139.60571,34.9757,0.44896880000000006,1.0,-1.203904222
202,2021-07-08 23:00:00,50.79786859704663,-95.02797198,50.75,-95.0,0.94311523,0.055336118,18,2,1.9801072145792185,-139.60571,34.9757,80.39402,2.1039965,141.70972,295.1803,97193.75,0.73942566,1.9120636,3540.8618,1201.2554,6.25,8.106232e-06,,-404144.0,-294062.0,4.9902363,2.050057930184266,21.142285618418214,0.0,-1.511344289,-1.203904222,0.0,366.0,2.0,-0.309017,-0.95105654,0.7027027,1.0,15.79690933227539,76.117919921875,64.06607055664062,2.5617828369140625,-22.13584899902344,3,18.0,23,189,-0.25881904510252157,0.9659258262890681,-0.10944576864891556,-0.993992768446958,22.283593565919176,353.39852439879616,27.743761219622,20.23353563573491,2.4341928228103593,2462.6431589466724,-0.7276168890296528,-698206.0,6.25,6.25,51.99363327026367,48.269161224365234,84.20309066772461,0.9984964868586421,-30.78060999999998,12.567382000000002,0.44896880000000006,-9.259900000000002,-818.8938,1.25,-3821.941045679471,2,decay,4.0,-109.75376,8.725243,-1.3281339,0.0,-0.437429077
202,2021-07-09 05:00:00,50.79786859704663,-95.02797198,50.75,-95.0,0.94311523,0.055336118,18,2,1.9801072145792185,-109.75376,8.725243,-0.071740955,0.7758626,110.529625,289.86255,97238.19,0.8208771,2.0769196,3540.8618,156.32108,0.0,0.0,,-80998.0,24106.0,3.4199104,2.2332564201561294,21.56580418613873,0.0,-0.743889025,-0.437429077,0.0,366.0,2.0,-0.309017,-0.95105654,0.7027027,1.0,14.874505043029783,39.250274658203125,62.46919250488281,10.456512451171877,-17.934112548828125,4,24.0,5,190,0.9659258262890683,0.25881904510252074,-0.12652781683868314,-0.9919630595773397,20.759842137057472,329.75560953012814,51.810194656010594,18.526585716901344,1.5313559021408345,349.1050555157399,0.29761228672312895,-56892.0,0.0,0.0,38.864657402038574,47.59468746185303,85.12549495697021,0.9980640257889126,29.851949999999988,-26.250457000000004,-1.3281339,-80.465760955,-1044.93432,-6.25,-2113.5381034309326,0,growth,5.0,-143.05722,33.235466,1.2420946000000002,1.0,-1.216540018
202,2021-07-09 17:00:00,50.79786859704663,-95.02797198,50.75,-95.0,0.94311523,0.055336118,18,2,1.9801072145792185,-143.05722,33.235466,69.013504,2.0179572,145.07518,296.127,97384.44,2.4483032,1.9869385,3540.8618,1176.2334,10.75,6.914139e-05,,-441436.0,-613619.0,6.2224503,3.153111663406878,50.93868852120886,0.0,-1.60892865,-1.216540018,0.0,366.0,2.0,-0.309017,-0.95105654,0.7027027,1.0,25.784454345703125,60.92301940917969,75.89215087890625,3.3944244384765625,-14.780792236328123,5,36.0,17,190,-0.9659258262890683,-0.25881904510252063,-0.12652781683868314,-0.9919630595773397,15.165550975880324,347.06622585333224,63.87246266787662,12.012439312473447,1.9734316333335178,3708.795252428728,-1.3900520120696997,-1055055.0,10.75,10.75,54.19987487792969,50.107696533203125,74.21554565429688,0.8392528978308288,-33.30346,24.510223000000003,1.2420946000000002,69.085244955,1019.9123200000001,10.75,3359.690196912988,2,decay,6.0,-130.19138,28.416687,-0.0516236000000001,0.0,-1.078967711
202,2021-07-09 23:00:00,50.79786859704663,-95.02797198,50.75,-95.0,0.94311523,0.055336118,18,2,1.9801072145792185,-130.19138,28.416687,88.73824,1.9663336,132.15771,298.47913,97262.81,2.8753357,-0.49282837,3540.8618,1619.0852,0.0,0.0,,-412327.0,-90378.0,7.0329256,2.917265018809801,99.72590755363969,0.0,-1.211947391,-1.078967711,0.0,366.0,2.0,-0.309017,-0.95105654,0.7027027,1.0,38.0352783203125,77.16632080078125,73.18812561035156,10.248092651367188,-8.96673583984375,6,42.0,23,190,-0.25881904510252157,0.9659258262890681,-0.12652781683868314,-0.9919630595773397,13.617112565171244,311.18483197224333,148.54107558139634,10.699847546361443,2.410794204384395,4723.30061643267,-0.2191901088213966,-502705.0,0.0,0.0,62.79657491048177,35.15284729003906,61.9647216796875,0.14390874833774864,12.865839999999992,-4.818779000000003,-0.0516236000000001,19.724736000000007,442.8517999999999,-10.75,1014.5053640039418,1,mature,7.0,-115.06138,11.429527,-1.1529266,0.0,-0.519484779
202,2021-07-10 05:00:00,50.79786859704663,-95.02797198,50.75,-95.0,0.94311523,0.055336118,18,2,1.9801072145792185,-115.06138,11.429527,0.002714154,0.813407,115.87479,292.4829,97274.0,1.0692291,2.4154205,3540.8618,92.18884,0.0,0.0,,-44520.0,34391.0,2.9987154,2.641497124758432,23.87743391042892,0.0,-0.901549432,-0.519484779,0.0,366.0,2.0,-0.309017,-0.95105654,0.7027027,1.0,33.71302795410156,55.41596984863281,65.99273681640625,21.5968017578125,-6.8653717041015625,7,48.0,5,191,0.9659258262890683,0.25881904510252074,-0.1435724234118113,-0.9896398128792412,22.661755774911427,287.6348543020571,96.24257960837184,20.020258650152996,1.135233262945246,243.5165557948151,0.7724842767295598,-10129.0,0.0,0.0,51.707244873046875,32.27970886230469,66.28697204589844,0.9947432248687693,15.13000000000001,-16.98716,-1.1529266,-88.735525846,-1526.89636,0.0,-4479.784060637855,0,growth,8.0,-101.2512,4.063965,-0.24560313999999994,0.0,-0.218147772
202,2021-07-10 11:00:00,50.79786859704663,-95.02797198,50.75,-95.0,0.94311523,0.055336118,18,2,1.9801072145792185,-101.2512,4.063965,0.05029182,0.56780386,101.819,290.94238,97316.31,3.1806793,1.7252197,3540.8618,206.48602,0.0,0.0,,-109442.0,105552.0,5.963008,3.618439418135473,61.52432789532389,0.0,-0.495599482,-0.218147772,0.0,366.0,2.0,-0.309017,-0.95105654,0.7027027,1.0,57.85324096679688,46.94395446777344,57.84751892089844,5.821807861328125,-6.7580108642578125,8,54.0,11,191,0.258819045102521,-0.9659258262890682,-0.1435724234118113,-0.9896398128792412,8.91987430492429,319.25616463318835,102.26816326213554,5.301434886788817,1.6479502102795045,747.1571540619096,0.964456058917052,-3890.0,0.0,0.0,54.21490478515625,-0.005722045898444605,42.14675903320312,0.7250820276304931,13.810180000000003,-7.365562000000001,-0.24560313999999994,0.047577666000000005,114.29718,0.0,503.64059826709456,0,growth,8.0,-140.90944,31.613571,1.2718173400000001,1.0,-0.925833399
202,2021-07-10 17:00:00,50.79786859704663,-95.02797198,50.75,-95.0,0.94311523,0.055336118,18,2,1.9801072145792185,-140.90944,31.613571,71.402,1.8396212,142.74905,300.34448,97308.625,3.562378,0.7752991,3540.8618,1536.8164,0.0,0.000174046,,-709039.0,-794861.0,5.8106117,3.6457681919377167,77.72187949866958,0.0,-1.526481084,-0.925833399,0.0,366.0,2.0,-0.309017,-0.95105654,0.7027027,1.0,58.25456237792969,80.29115295410156,52.48956298828125,-13.997146606445312,-21.05357360839844,9,60.0,17,191,-0.9659258262890683,-0.25881904510252063,-0.1435724234118113,-0.9896398128792412,25.281872454519167,33.61733930535132,44.10454019331826,21.63610426258145,1.5937962574937257,5602.87634796823,-1.1210398863814262,-1503900.0,0.0,0.0,63.678426106770836,-5.7649993896484375,41.74543762207031,0.5041978810845887,-39.65823999999999,27.549606,1.2718173400000001,71.35170818,1330.3303799999999,0.0,4855.7191939063205,2,decay,7.0,-136.14252,28.270775,0.01564349999999992,0.0,-1.10075206
202,2021-07-10 23:00:00,50.79786859704663,-95.02797198,50.75,-95.0,0.94311523,0.055336118,18,2,1.9801072145792185,-136.14252,28.270775,94.478065,1.8552647,137.99779,300.078,97201.875,2.4371338,-1.1023102,3540.8618,2156.2212,0.0,0.0,,-454416.0,-169558.0,6.226059,2.674828767627281,114.3371338060569,0.0,-1.339196571,-1.10075206,0.0,366.0,2.0,-0.309017,-0.95105654,0.7027027,1.0,30.490554809570312,74.10224914550781,56.774993896484375,-3.93408203125,-14.319625854492188,10,66.0,23,191,-0.25881904510252157,0.9659258262890681,-0.1435724234118113,-0.9896398128792412,14.850208282756348,15.362058609921064,98.97507519613583,12.175379515129068,2.327647689209973,5767.522495127817,-0.37313386852575614,-623974.0,0.0,0.0,53.789265950520836,26.284439086914062,69.50944519042969,-0.1103784831941381,4.766919999999999,-3.342796,0.01564349999999992,23.076065,619.4048,0.0,164.6461471595867,1,mature,7.0,-109.30108,7.7021484,-1.12163965,0.0,-0.409919688
202,2021-07-11 05:00:00,50.79786859704663,-95.02797198,50.75,-95.0,0.94311523,0.055336118,18,2,1.9801072145792185,-109.30108,7.7021484,0.018573377,0.73362505,110.034706,293.714,97252.06,3.0097046,0.4905548,3540.8618,90.30226,0.0,0.0,,-110035.0,180197.0,5.503358,3.0494205664460585,80.74270671985101,0.0,-0.736255736,-0.409919688,0.0,366.0,2.0,-0.309017,-0.95105654,0.7027027,1.0,4.714426040649414,81.88441467285156,53.61915588378906,4.4345550537109375,-14.735321044921877,11,72.0,5,192,0.9659258262890683,0.25881904510252074,-0.16057454459499376,-0.9870237158387383,15.388143644420232,343.2509740994292,97.49173262042183,12.338723077974173,1.8047225300949152,275.3695688405593,1.6376334802562822,70162.0,0.0,0.0,46.73933219909668,48.90472984313965,95.28557395935059,0.4579870742004238,26.84143999999999,-20.5686266,-1.12163965,-94.459491623,-2065.91894,0.0,-5492.152926287257,0,growth,7.0,-100.521324,0.5046463,-0.17833602000000004,0.0,-0.315070049
202,2021-07-11 11:00:00,50.79786859704663,-95.02797198,50.75,-95.0,0.94311523,0.055336118,18,2,1.9801072145792185,-100.521324,0.5046463,-0.01314507,0.55528903,101.076614,291.93054,97297.41,1.758316,1.2572937,3540.8618,70.49277,50.5,0.0,,-43462.0,61439.0,4.55128,2.161587981997423,54.43312412473029,0.0,-0.445468412,-0.315070049,0.0,366.0,2.0,-0.309017,-0.95105654,0.7027027,1.0,2.9976367950439453,73.68556213378906,43.88282775878906,8.786911010742188,-9.829483032226562,12,78.0,11,192,0.258819045102521,-0.9659258262890682,-0.16057454459499376,-0.9870237158387383,13.184405249821934,318.2053814697014,96.22774265502886,11.02281726782451,2.105526139997491,152.37632444970845,1.413625696010308,17977.0,50.5,50.5,40.18867556254069,40.88519096374512,97.00236320495605,0.804550591375992,8.779755999999992,-7.1975020999999995,-0.17833602000000004,-0.031718447,-19.80949000000001,50.5,-122.99324439085083,0,growth,7.0,-135.77432,28.65615,1.17326317,1.0,-0.956006147
202,2021-07-11 17:00:00,50.79786859704663,-95.02797198,50.75,-95.0,0.94311523,0.055336118,18,2,1.9801072145792185,-135.77432,28.65615,90.57823,1.7285522,137.50287,300.8855,97261.44,1.7197876,0.3424225,3540.8618,2649.586,0.0,0.0,,-527976.0,-705449.0,4.8226433,1.7535457101598495,78.73924916,0.0,-1.288501336,-0.956006147,0.0,366.0,2.0,-0.309017,-0.95105654,0.7027027,1.0,33.245216369628906,80.33082580566406,52.37501525878906,12.466262817382812,-6.4573974609375,13,84.0,17,192,-0.9659258262890683,-0.25881904510252063,-0.16057454459499376,-0.9870237158387383,14.039433414514395,297.38369758320107,141.35555157679892,12.285887704354545,2.7502238875543075,4646.1701639995945,-1.3361383850781097,-1233425.0,0.0,0.0,55.31701914469401,19.129798889160156,66.7547836303711,0.48878494418876844,-35.25299599999998,28.1515037,1.17326317,90.59137507,2579.09323,-50.5,4493.793839549886,2,decay,7.0,-54.937733,-12.787567,-0.9245313,0.0,0.2558483268889138
202,2021-07-11 23:00:00,50.79786859704663,-95.02797198,50.75,-95.0,0.94311523,0.055336118,18,2,1.9801072145792185,-54.937733,-12.787567,259.30536,0.8040209,55.741753,302.4187,97073.5,2.3638458,1.3777924,3540.8618,2559.806,0.0,0.0,,-437396.0,-164595.0,5.5867386,2.7360699668823165,59.76377923807775,0.0,1.025983134559274,0.2558483268889138,0.0,366.0,2.0,-0.309017,-0.95105654,0.7027027,1.0,53.2105712890625,71.94218444824219,44.21058654785156,13.80877685546875,-13.962966918945312,14,90.0,23,192,-0.25881904510252157,0.9659258262890681,-0.16057454459499376,-0.9870237158387383,19.6378910126238,315.318105668082,104.44567356999573,16.901821045741485,2.0418844063282307,7003.8083176451555,-0.37630659631089447,-601991.0,0.0,0.0,56.454447428385414,-8.999984741210938,46.7894287109375,0.7458972122446118,80.83658699999998,-41.443717,-0.9245313,168.72713,-89.77999999999975,0.0,2357.638153645561,0,growth,7.0,-108.53423,10.079323,-0.09542545000000002,1.0,-0.313068987
202,2021-07-12 05:00:00,50.79786859704663,-95.02797198,50.75,-95.0,0.94311523,0.055336118,18,2,1.9801072145792185,-108.53423,10.079323,0.018573377,0.70859545,109.24283,295.1244,97089.81,0.38575745,3.3384247,3540.8618,123.00014,0.0,0.0,,-114672.0,113399.0,4.8307858,3.360638077478828,6.591337752411448,0.0,-0.71157135,-0.313068987,0.0,366.0,2.0,-0.309017,-0.95105654,0.7027027,1.0,61.15640258789063,72.68222045898438,51.36503601074219,12.875289916992188,-2.0130157470703125,15,96.0,5,193,0.9659258262890683,0.25881904510252074,-0.17752914918703497,-0.984115542601034,13.031704525677128,278.88609644734055,87.7052413050709,9.6710664481983,1.4374608894582561,413.3589540192267,0.9888987721501326,-1273.0,0.0,0.0,61.73455301920573,-9.791366577148445,38.84359741210937,0.9802412810358279,-53.59649699999999,22.866889999999998,-0.09542545000000002,-259.286786623,-2436.80586,0.0,-6590.4493636259285,1,mature,7.0,-99.928986,3.2558517,-0.15487075000000006,0.0,-0.166944222
202,2021-07-12 11:00:00,50.79786859704663,-95.02797198,50.75,-95.0,0.94311523,0.055336118,18,2,1.9801072145792185,-99.928986,3.2558517,0.0344326,0.5537247,100.48271,293.75122,97136.5,1.9346619,3.8855896,3540.8618,505.9922,0.0,0.0,,-186138.0,207398.0,8.323438,4.340590191084591,26.469030563479294,0.0,-0.433267435,-0.166944222,0.0,366.0,2.0,-0.309017,-0.95105654,0.7027027,1.0,22.213306427001957,43.701995849609375,42.44371032714844,11.050201416015623,5.7743988037109375,16,102.0,11,193,0.258819045102521,-0.9659258262890682,-0.17752914918703497,-0.984115542601034,12.46798431498901,242.41020928424996,144.05882127922933,8.12739412390442,1.9175820875916891,2196.304780085313,1.1142163341176976,21260.0,0.0,0.0,36.11967086791992,20.23040390014648,77.78669357299805,0.9890956123325729,8.605243999999999,-6.8234713000000005,-0.15487075000000006,0.015859223000000002,382.99206000000004,0.0,1782.945826066086,0,growth,7.0,-133.778,26.274857,1.1419762000000002,1.0,-0.830140454
202,2021-07-12 17:00:00,50.79786859704663,-95.02797198,50.75,-95.0,0.94311523,0.055336118,18,2,1.9801072145792185,-133.778,26.274857,89.71562,1.6957009,135.4737,299.10156,96935.91,2.0996094,5.9551697,3540.8618,1699.0161,0.0,0.0,,-797149.0,-945111.0,13.631427,6.314460055172291,19.421080578212923,0.0,-1.308462268,-0.830140454,0.0,366.0,2.0,-0.309017,-0.95105654,0.7027027,1.0,23.330734252929688,44.16044616699219,67.67294311523438,8.920379638671875,22.20053100585937,17,108.0,17,193,-0.9659258262890683,-0.25881904510252063,-0.17752914918703497,-0.984115542601034,23.925650458036767,201.8907198816386,177.53036069657435,17.611190402864477,2.1587636758956528,10728.369296544612,-1.1856139818277387,-1742260.0,0.0,0.0,45.054707845052086,44.34220886230469,76.66926574707031,0.9996924328466988,-33.849014,23.0190053,1.1419762000000002,89.6811874,1193.0239000000001,0.0,8532.064516459299,2,decay,8.0,-82.788055,7.0492554,-0.6304335000000001,0.0,0.1744800384064042
202,2021-07-12 23:00:00,50.79786859704663,-95.02797198,50.75,-95.0,0.94311523,0.055336118,18,2,1.9801072145792185,-82.788055,7.0492554,185.79892,1.0652674,83.853325,297.8396,96885.25,2.175415,1.5397186,3540.8618,1483.7803,187.5,0.000203609,638.35944,-652673.0,-95542.0,11.281029,2.6651761272777006,54.70984425519356,638.35944,-0.36421908,0.1744800384064042,0.0,366.0,2.0,-0.309017,-0.95105654,0.7027027,1.0,83.0052490234375,78.62049865722656,60.73680114746094,13.072052001953123,5.86334228515625,18,114.0,23,193,-0.25881904510252157,0.9659258262890681,-0.17752914918703497,-0.984115542601034,14.326804469059663,245.84184272588334,168.86800152931022,11.661628341781963,4.232751781220109,3954.5358336849445,-0.14638570922958358,-748215.0,-450.85943999999995,187.5,74.120849609375,-22.268447875976562,16.9947509765625,0.801672950464341,50.98994499999999,-19.2256016,-0.6304335000000001,96.08330000000001,-215.23580000000015,187.5,-6773.833462859668,0,growth,7.0,-108.76762,12.263428,-0.34259280000000003,1.0,-0.276859682
202,2021-07-13 05:00:00,50.79786859704663,-95.02797198,50.75,-95.0,0.94311523,0.055336118,18,2,1.9801072145792185,-108.76762,12.263428,-0.15103707,0.7226746,109.49029,289.49243,96982.25,2.3262634,-1.0194244,3540.8618,377.8589,1065.0,0.0,83.71881,-104873.0,47087.0,5.5474415,2.539828244880925,113.6641851933665,83.71881,0.065262801,-0.276859682,0.0,366.0,2.0,-0.309017,-0.95105654,0.7027027,1.0,71.16862487792969,61.56867980957031,60.095306396484375,14.894729614257812,16.8157958984375,19,120.0,5,194,0.9659258262890683,0.25881904510252074,-0.19443122004766195,-0.9809161537413774,22.46383675999619,221.53318166433593,107.86899647096942,19.924008515115265,2.1841797811253496,959.6967067996369,0.4489906839701353,-57786.0,981.28119,1065.0,64.2775370279948,-11.073318481445312,28.831375122070312,-0.09869773674495468,-25.979564999999994,5.2141725999999995,-0.34259280000000003,-185.94995707,-1105.9214,877.5,-2994.8391268853075,0,growth,7.0,-99.7232,7.6354065,-0.16112815999999996,0.0,-0.089198511
202,2021-07-13 11:00:00,50.79786859704663,-95.02797198,50.75,-95.0,0.94311523,0.055336118,18,2,1.9801072145792185,-99.7232,7.6354065,0.05029182,0.56154644,100.284744,289.0183,97123.06,2.3450317,-1.4122162,3540.8618,374.90128,105.5,1.4781952e-05,,-103687.0,-9301.0,5.4815006,2.737430961603841,121.05703425884629,0.0,-0.353979674,-0.089198511,0.0,366.0,2.0,-0.309017,-0.95105654,0.7027027,1.0,53.967681884765625,66.09605407714844,75.63092041015625,14.047439575195312,-14.840347290039062,20,126.0,11,194,0.258819045102521,-0.9659258262890682,-0.19443122004766195,-0.9809161537413774,20.43444313671731,316.5722513513816,164.48478290746465,17.697012175113468,2.0024251485737667,1026.2663714169107,-0.08970266282176165,-112988.0,105.5,105.5,65.23155212402344,21.663238525390625,46.032318115234375,-0.2259208673102511,9.044419999999988,-4.628021499999999,-0.16112815999999996,0.20132888999999998,-2.95762000000002,-959.5,66.56966461727382,0,growth,7.0,-102.076805,17.042023,0.71490836,1.0,-0.16537623
202,2021-07-13 17:00:00,50.79786859704663,-95.02797198,50.75,-95.0,0.94311523,0.055336118,18,2,1.9801072145792185,-102.076805,17.042023,89.01377,1.2764548,103.35326,295.81555,97288.375,1.9742432,-3.1549988,3540.8618,1291.6111,84.25,0.0,,-691256.0,-1028088.0,10.536378,3.721780976998469,147.9636908653847,0.0,-0.363961077,-0.16537623,0.0,366.0,2.0,-0.309017,-0.95105654,0.7027027,1.0,67.25384521484375,75.09918212890625,69.45208740234375,17.1514892578125,-8.309173583984375,21,132.0,17,194,-0.9659258262890683,-0.25881904510252063,-0.19443122004766195,-0.9809161537413774,19.05822524291392,295.8482322330653,147.88454136768058,15.336444265915452,2.831004313557792,4807.093621660068,-1.487275336488942,-1719344.0,84.25,84.25,70.60170491536458,2.1982421875,32.74615478515625,-0.6423020291154329,-2.3536049999999875,9.4066165,0.71490836,88.96347818,916.70982,-21.25,3780.827250243157,2,decay,7.0,-46.78487,-11.088833,-0.8322347,0.0,0.8370135538100039
202,2021-07-13 23:00:00,50.79786859704663,-95.02797198,50.75,-95.0,0.94311523,0.055336118,18,2,1.9801072145792185,-46.78487,-11.088833,256.54807,0.4442201,47.22909,296.0755,97400.375,0.72366333,-3.6678467,3540.8618,2023.4453,0.0,0.0,,-672307.0,-480272.0,9.582843,3.738554270020375,168.83893558435466,0.0,1.216533162341628,0.8370135538100039,0.0,366.0,2.0,-0.309017,-0.95105654,0.7027027,1.0,30.16644287109375,73.37870788574219,70.05718994140625,22.54243469238281,-5.779571533203125,22,138.0,23,194,-0.25881904510252157,0.9659258262890681,-0.19443122004766195,-0.9809161537413774,23.271545049002565,284.38010691965223,115.54117133529758,19.53299077898219,2.5632483328770226,7564.760066467659,-0.7143641223429178,-1152579.0,0.0,0.0,57.86744689941406,39.8907470703125,69.83355712890625,-0.8732534037045157,55.291934999999995,-28.130856,-0.8322347,167.5343,731.8342,-84.25,2757.6664448075917,0,growth,7.0,,,,,
216,2021-07-17 07:00:00,64.1234726,-133.0193134,64.0,-133.0,0.4699911,0.5300089,19,9,2.773351779,-81.65356,0.23891449,0.05029182,0.31907204,81.972626,286.2013,89612.44,-0.24485779,1.5096893,10478.757,36.73854,0.0,0.0,,-10210.0,11534.0,4.2617207,1.529417248,350.78737192005525,0.0,0.053479509,0.2178274283125533,0.0,967.0,0.0,-0.7986355,0.60181504,1.2459016,1.0,45.79501724243164,54.448272705078125,31.500411987304688,-17.045745849609375,-24.767852783203125,0,0.0,7,198,0.9659258262890683,-0.25881904510252063,-0.2614143985111562,-0.965226663665613,30.066658993973675,34.536548495903105,43.749176575847855,28.537241745973674,2.786499698217082,56.188556742337916,1.1296767874632714,1324.0,0.0,0.0,43.91456731160482,-14.294605255126953,54.20498275756836,-0.7219127735061983,,,,,,,,1,mature,1.0,-74.04384,-9.77063,-0.11106891999999999,0.0,0.1986257189723746
216,2021-07-17 13:00:00,64.1234726,-133.0193134,64.0,-133.0,0.4699911,0.5300089,19,9,2.773351779,-74.04384,-9.77063,0.6170689,0.20800312,74.25184,278.70337,89834.375,-1.1293182,-0.1519165,10478.757,16.417118,0.0,0.0,,-12556.0,13327.0,2.781005,1.1394903333611437,262.3385329850722,0.0,0.2703930748883176,0.1986257189723746,1.0,967.0,0.0,-0.7986355,0.60181504,1.2459016,1.0,79.67546081542969,48.02186584472656,31.768707275390625,-19.640625,-16.71685791015625,1,6.0,13,198,-0.2588190451025208,-0.9659258262890683,-0.2614143985111562,-0.965226663665613,25.791616637562264,49.59767243895567,147.25913945388345,24.65212630420112,2.4405691900842164,18.70714726264923,1.0614049060210258,771.0,0.0,0.0,53.15534464518229,-47.90675354003906,20.324539184570312,-0.7112723516371449,7.609719999999996,-10.009544490000001,-0.11106891999999999,0.56677708,-20.321422000000002,0.0,-37.481409479688686,1,mature,2.0,-89.18348,5.494873,0.30191974,1.0,0.3165591839709562
216,2021-07-17 19:00:00,64.1234726,-133.0193134,64.0,-133.0,0.4699911,0.5300089,19,9,2.773351779,-89.18348,5.494873,54.48994,0.50992286,89.693405,290.46777,89834.375,0.7845917,1.5123291,10478.757,1479.6221,0.0,0.0,,-577689.0,-535859.0,5.782091,1.703738079170534,27.42014592,0.0,-0.045461067,0.3165591839709562,0.0,967.0,0.0,-0.7986355,0.60181504,1.2459016,1.0,70.4875717163086,50.795989990234375,35.90193176269531,-22.91978454589844,-11.197280883789062,2,12.0,19,198,-0.9659258262890684,0.2588190451025203,-0.2614143985111562,-0.965226663665613,25.508736205874115,63.9625410368447,36.542395116844716,23.80499812670358,3.3937675460156496,2520.888514552272,-0.9275907971244043,-1113548.0,0.0,0.0,52.395164489746094,-34.58563995361328,29.512428283691406,-0.16642206697979747,-15.13964,15.265503,0.30191974,53.8728711,1463.204982,0.0,2502.181367289623,2,decay,3.0,-88.690125,6.2323685,-0.0015643199999999524,1.0,0.3129535936669232
216,2021-07-18 01:00:00,64.1234726,-133.0193134,64.0,-133.0,0.4699911,0.5300089,19,9,2.773351779,-88.690125,6.2323685,50.566475,0.50835854,89.19849,295.1499,89667.25,0.26600647,1.1446228,10478.757,2338.188,0.0,0.0,,-503816.0,-401010.0,5.3036623,1.175125864051039,13.083113196356862,0.0,0.038526562,0.3129535936669232,0.0,967.0,0.0,-0.7986355,0.60181504,1.2459016,1.0,50.881866455078125,53.038848876953125,30.730514526367188,-20.71630859375,-6.140899658203125,3,18.0,1,199,0.25881904510252074,0.9659258262890683,-0.2779791393987801,-0.9605871111248129,21.6073156676992,73.48868723622081,60.40557403986395,20.43218980364816,4.513271694758347,2747.6651938137707,-0.7959453451259983,-904826.0,0.0,0.0,44.88374328613281,-20.151351928710938,49.118133544921875,-0.40541104537107076,0.4933550000000082,0.7374954999999996,-0.0015643199999999524,-3.923465,858.5659,0.0,226.77667926149843,1,mature,4.0,-47.154057,-11.4409485,-0.43332526000000005,0.0,0.7949841932972594
216,2021-07-18 07:00:00,64.1234726,-133.0193134,64.0,-133.0,0.4699911,0.5300089,19,9,2.773351779,-47.154057,-11.4409485,0.066151045,0.07503328,47.22909,288.56482,89672.25,-0.73495483,1.3763428,10478.757,130.38603,0.0,0.0,,-11789.0,12725.0,5.143301,1.5602814186076075,331.8981790050589,0.0,1.0519881726114455,0.7949841932972594,1.0,967.0,0.0,-0.7986355,0.60181504,1.2459016,1.0,63.84619140625,53.43243408203125,28.920944213867188,-16.649459838867188,-5.530029296875,4,24.0,7,199,0.9659258262890683,-0.25881904510252063,-0.2779791393987801,-0.9605871111248129,17.5438233276087,71.62636801780639,99.72818901274746,15.983541909001092,3.2963931625808076,203.43889985501409,1.0793960471626092,936.0,0.0,0.0,48.73318990071615,-34.92524719238281,36.15380859375,-0.9070574035545151,41.53606799999999,-17.673316999999997,-0.43332526000000005,-50.500323955,-2207.80197,0.0,-2544.2262939587567,0,growth,5.0,-44.343952,-13.7338295,-0.010950463999999993,0.0,0.801958273
216,2021-07-18 13:00:00,64.1234726,-133.0193134,64.0,-133.0,0.4699911,0.5300089,19,9,2.773351779,-44.343952,-13.7338295,0.36816233,0.064082816,44.408035,281.71484,89738.44,-0.9133911,-0.14993286,10478.757,15.939545,5.25,0.0,,-13834.0,11371.0,2.8780308,0.9256150193611756,260.6780496810086,0.0,1.1275752051355905,0.801958273,1.0,967.0,0.0,-0.7986355,0.60181504,1.2459016,1.0,95.63929748535156,54.06758117675781,29.755584716796875,-14.4234619140625,-2.3973846435546875,5,30.0,13,199,-0.2588190451025208,-0.9659258262890683,-0.2779791393987801,-0.9605871111248129,14.621344217121875,80.56290163205892,179.88485195105034,13.695729197760699,3.109317307735896,14.753882253783331,0.8219603874512071,-2463.0,5.25,0.0,59.820821126302086,-65.88371276855469,4.3607025146484375,-0.6906053737058905,2.810105,-2.2928810000000013,-0.010950463999999993,0.30201128499999996,-114.44648500000001,5.25,-188.68501760123075,1,mature,6.0,-80.34159,-0.7233505,0.428632154,1.0,0.2823111823706224
216,2021-07-18 19:00:00,64.1234726,-133.0193134,64.0,-133.0,0.4699911,0.5300089,19,9,2.773351779,-80.34159,-0.7233505,203.73425,0.49271497,80.834305,291.7732,89696.19,1.1571655,0.059280396,10478.757,1160.6621,0.0,0.0,,-432463.0,-351105.0,4.3880625,1.1586829418525877,87.06735995178144,0.0,0.1825579201378131,0.2823111823706224,0.0,967.0,0.0,-0.7986355,0.60181504,1.2459016,1.0,85.60380554199219,66.29911804199219,40.58735656738281,-11.26116943359375,-0.0667877197265625,6,36.0,19,199,-0.9659258262890684,0.2588190451025203,-0.2779791393987801,-0.9605871111248129,11.261367484085246,89.66019429683257,2.5928343450511306,10.102684542232659,3.7871123682756926,1344.8393765248022,-0.811872923232739,-783568.0,0.0,0.0,64.16342671712239,-45.016448974609375,14.396194458007812,0.7667995961737384,-35.997637999999995,13.010479,0.428632154,203.36608767,1144.722555,-5.25,1330.085494271019,2,decay,7.0,-91.74357,7.3147507,-0.018772169999999977,1.0,0.2913933890898471
216,2021-07-19 01:00:00,64.1234726,-133.0193134,64.0,-133.0,0.4699911,0.5300089,19,9,2.773351779,-91.74357,7.3147507,37.02242,0.4739428,92.217514,297.73047,89613.94,0.8418274,-0.3874359,10478.757,2020.2778,0.0,3.4332275e-05,,-449049.0,-388290.0,4.951276,0.9267038081283416,114.71339994425762,0.0,-0.075026425,0.2913933890898471,0.0,967.0,0.0,-0.7986355,0.60181504,1.2459016,1.0,77.79498291015625,66.28457641601562,39.47731018066406,-5.514175415039063,-5.268035888671875,7,42.0,1,200,0.25881904510252074,0.9659258262890683,-0.2944616217868012,-0.9556633054034704,7.62616106780837,46.30773795889479,68.40566198536283,6.699457259680028,5.3428894502981095,1872.1991307371482,-0.8646940534329216,-837339.0,0.0,0.0,61.18562316894531,-38.31767272949219,22.20501708984375,0.9770953656510102,-11.401980000000009,8.0381012,-0.018772169999999977,-166.71183000000002,859.6157000000001,0.0,527.3597542123459,1,mature,8.0,-78.51165,-1.0414352,-0.2299596,0.0,0.3023529562016799
216,2021-07-19 07:00:00,64.1234726,-133.0193134,64.0,-133.0,0.4699911,0.5300089,19,9,2.773351779,-78.51165,-1.0414352,-0.15103707,0.2439832,78.75563,289.15552,89728.69,-0.059295654,-1.2198486,10478.757,42.09998,0.0,0.0,,-6470.0,5229.0,3.4641876,1.2212889017367052,182.7829016464496,0.0,0.14415731,0.3023529562016799,1.0,967.0,0.0,-0.7986355,0.60181504,1.2459016,1.0,85.2147216796875,69.8375244140625,58.77714538574219,-0.3144683837890625,-7.831634521484375,8,48.0,7,200,0.9659258262890683,-0.25881904510252063,-0.2944616217868012,-0.9556633054034704,7.837945498822297,2.2993970283840213,179.51649538193442,6.6166565970855915,2.836501334838819,51.416238337337255,0.8081916537867079,-1241.0,0.0,0.0,71.27646382649739,-26.437576293945312,14.7852783203125,0.5623301884538178,13.231920000000002,-8.3561859,-0.2299596,-37.17345707,-1978.17782,0.0,-1820.7828923998109,0,growth,8.0,-75.98286,-5.502182,0.004693059999999999,0.0,0.2332449926421921
216,2021-07-19 13:00:00,64.1234726,-133.0193134,64.0,-133.0,0.4699911,0.5300089,19,9,2.773351779,-75.98286,-5.502182,0.44745845,0.24867626,76.23153,283.91504,89860.06,-1.0189209,-1.2753754,10478.757,27.20696,0.0,0.0,,-987.0,8701.0,3.687066,1.6324160656468587,218.622001760672,0.0,0.2155780352991153,0.2332449926421921,1.0,967.0,0.0,-0.7986355,0.60181504,1.2459016,1.0,82.23219299316406,73.639892578125,66.85116577148438,-3.737106323242188,-10.368255615234377,9,54.0,13,200,-0.2588190451025208,-0.9659258262890683,-0.2944616217868012,-0.9556633054034704,11.02119268382764,19.821055362915445,161.19905360224345,9.388776618180781,2.2586557910032385,44.413078601411456,8.815602836879433,7714.0,0.0,0.0,74.24108378092448,-15.381027221679688,17.767807006835938,-0.02830547060922798,2.5287900000000008,-4.460746800000001,0.004693059999999999,0.59849552,-14.893020000000003,0.0,-7.003159735925799,1,mature,8.0,-84.93128,4.2810364,0.30661277,1.0,0.276478189
216,2021-07-19 19:00:00,64.1234726,-133.0193134,64.0,-133.0,0.4699911,0.5300089,19,9,2.773351779,-84.93128,4.2810364,63.424564,0.55528903,85.48657,292.88354,89829.44,0.65504456,0.026412964,10478.757,1375.7935,46.5,4.005432e-05,,-414103.0,-551008.0,4.1409416,0.6555768606752826,87.69094796058937,0.0,0.105267393,0.276478189,0.0,967.0,0.0,-0.7986355,0.60181504,1.2459016,1.0,75.18649291992188,71.08265686035156,63.68559265136719,-13.177139282226562,-11.027023315429688,10,60.0,19,200,-0.9659258262890684,0.2588190451025203,-0.2944616217868012,-0.9556633054034704,17.18232355830341,50.07640160486892,37.61454635572045,16.526746697628127,6.316485294698453,901.9383836674594,-1.3306061535415101,-965111.0,46.5,46.5,69.9849141438802,-11.500900268554688,24.813507080078125,0.7737401212060291,-8.948419999999999,9.783218399999999,0.30661277,62.97710555,1348.58654,46.5,857.525305066048,2,decay,8.0,-80.55421,0.65753937,-0.12671243,0.0,0.3082923067667221
216,2021-07-20 01:00:00,64.1234726,-133.0193134,64.0,-133.0,0.4699911,0.5300089,19,9,2.773351779,-80.55421,0.65753937,89.34376,0.4285766,80.98278,296.68604,89673.81,0.947052,-0.39823914,10478.757,1852.3491,16.5,7.6293945e-06,,-310822.0,-370769.0,5.468009,1.0273762228764785,112.80694756716672,0.0,0.2458414593732345,0.3082923067667221,0.0,967.0,0.0,-0.7986355,0.60181504,1.2459016,1.0,79.62216186523438,78.74905395507812,45.5762939453125,-13.212371826171877,-7.507217407226562,11,66.0,1,201,0.25881904510252074,0.9659258262890683,-0.3108569682435036,-0.9504567035349151,15.196219347995273,60.394933082440446,52.41201448472627,14.168843125118794,5.322304408301865,1903.0594218066442,-1.1928660133452587,-681591.0,16.5,16.5,67.98250325520833,-34.045867919921875,20.377838134765625,0.969475083450144,4.377070000000003,-3.62349703,-0.12671243,25.919196000000007,476.5555999999999,-30.0,1001.1210381391847,1,mature,8.0,-75.664566,-3.3838043,-0.20805867999999997,0.0,0.3176713213623897
216,2021-07-20 07:00:00,64.1234726,-133.0193134,64.0,-133.0,0.4699911,0.5300089,19,9,2.773351779,-75.664566,-3.3838043,0.08201026,0.22051792,75.885086,290.68176,89642.56,-0.83032227,0.3598175,10478.757,28.918179,0.0,0.0,,-7569.0,5777.0,3.0632553,0.9049329839077604,293.4293424849216,0.0,0.2248592172213609,0.3176713213623897,1.0,967.0,0.0,-0.7986355,0.60181504,1.2459016,1.0,81.861083984375,79.29092407226562,53.96397399902344,-14.947555541992188,-5.21209716796875,12,72.0,7,201,0.9659258262890683,-0.25881904510252063,-0.3108569682435036,-0.9504567035349151,15.83020447022998,70.77673113098848,137.34738864606686,14.925271486322218,3.385063153264658,26.169014011648734,0.7632448143744219,-1792.0,0.0,0.0,71.70532735188802,-27.897109985351562,18.138916015625,-0.9720812902171244,4.889644000000004,-4.04134367,-0.20805867999999997,-89.26174974,-1823.430921,-16.5,-1876.8904077949956,0,growth,8.0,-74.571045,-2.5359879,0.004693059999999999,1.0,0.3557787250109089
216,2021-07-20 13:00:00,64.1234726,-133.0193134,64.0,-133.0,0.4699911,0.5300089,19,9,2.773351779,-74.571045,-2.5359879,0.6170689,0.22521098,74.79626,284.36914,89608.0,-1.3834534,0.017211914,10478.757,22.691906,0.0,0.0,,-3041.0,11747.0,3.1163406,1.383560464871378,270.7127953516745,0.0,0.2557609715670343,0.3557787250109089,1.0,967.0,0.0,-0.7986355,0.60181504,1.2459016,1.0,87.53314208984375,81.32164001464844,57.88725280761719,-17.293060302734375,0.14044189453125,13,78.0,13,201,-0.2588190451025208,-0.9659258262890683,-0.3108569682435036,-0.9504567035349151,17.293630577751657,90.46530520228953,179.752509850615,15.910070112880279,2.2524065114058525,31.39562401417761,3.862874054587307,8706.0,0.0,0.0,75.58067830403645,-29.645889282226562,12.46685791015625,-0.8060604595931365,1.0935209999999955,0.8478164000000001,0.004693059999999999,0.53505864,-6.226272999999999,0.0,5.226610002528876,1,mature,8.0,-75.48254,-1.9258423,0.22683088,1.0,0.3217903851489805
216,2021-07-20 19:00:00,64.1234726,-133.0193134,64.0,-133.0,0.4699911,0.5300089,19,9,2.773351779,-75.48254,-1.9258423,244.75021,0.45204186,75.93458,293.7406,89466.69,0.49461365,1.5251007,10478.757,1209.4622,24.75,1.5735626e-05,,-293762.0,-538841.0,5.783414,1.6033012218253977,17.968677297255113,0.0,0.3458026454668839,0.3217903851489805,0.0,967.0,0.0,-0.7986355,0.60181504,1.2459016,1.0,77.39410400390625,80.11492919921875,63.56581115722656,-17.10064697265625,2.4403076171875,14,84.0,19,201,-0.9659258262890684,0.2588190451025203,-0.3108569682435036,-0.9504567035349151,17.273888622713784,98.1214273397224,80.15275004246729,15.670587400888387,3.607191163626409,1939.1322230116334,-1.8342774082420463,-832603.0,24.75,24.75,73.69161478678386,-13.828292846679688,22.60589599609375,-0.32608502437168413,-0.9114950000000022,0.6101455999999998,0.22683088,244.13314110000002,1186.770294,24.75,1907.7365989974558,2,decay,8.0,-88.03635,4.3070602,0.017207839999999974,1.0,0.2221084902208252
216,2021-07-21 01:00:00,64.1234726,-133.0193134,64.0,-133.0,0.4699911,0.5300089,19,9,2.773351779,-88.03635,4.3070602,45.70879,0.4692497,88.50559,297.34082,89152.875,1.2817535,1.7582397,10478.757,1998.8152,177.75,2.5749207e-05,,-300140.0,-500280.0,7.9011097,2.175844405608623,36.09197999367899,0.0,0.1712958566200297,0.2221084902208252,0.0,967.0,0.0,-0.7986355,0.60181504,1.2459016,1.0,65.38670349121094,85.02496337890625,48.46717834472656,-14.330886840820312,4.4604034423828125,15,90.0,1,202,0.25881904510252074,0.9659258262890683,-0.3271603271220951,-0.9449688462364056,15.008981195045093,107.28844343565686,71.19646344197787,12.83313678943647,3.631284332479609,4349.11087076548,-1.6668221496634903,-800420.0,177.75,177.75,66.29294840494792,-16.919525146484375,34.61329650878906,-0.015847294904921292,-12.553809999999999,6.2329025,0.017207839999999974,-199.04142000000002,789.3530000000001,153.0,2409.978647753847,1,mature,8.0,-77.582245,-1.6296692,-0.23621698,0.0,0.3144641817147677
216,2021-07-21 07:00:00,64.1234726,-133.0193134,64.0,-133.0,0.4699911,0.5300089,19,9,2.773351779,-77.582245,-1.6296692,0.09786949,0.23303272,77.81528,290.97095,89015.25,-1.1584167,1.1473846,10478.757,113.645996,38.0,0.0,,-7180.0,7785.0,4.648163,1.630466396819036,314.7258705916825,0.0,0.2069390480383409,0.3144641817147677,1.0,967.0,0.0,-0.7986355,0.60181504,1.2459016,1.0,70.27328491210938,76.79034423828125,57.60455322265625,-11.438201904296877,1.6505126953125,16,96.0,7,202,0.9659258262890683,-0.25881904510252063,-0.3271603271220951,-0.9449688462364056,11.556671448165705,98.21100481842865,143.48513422674614,9.926205051346669,2.8508180291653664,185.29597761103057,1.0842618384401115,605.0,38.0,0.0,68.2227274576823,-12.668731689453125,29.726715087890625,-0.9909226029385363,10.454104999999998,-5.936729399999999,-0.23621698,-45.61092051,-1885.169204,-139.75,-4163.81489315445,0,growth,8.0,-77.95159,-2.1140213,0.02659397999999999,0.0,0.2729412671252232
216,2021-07-21 13:00:00,64.1234726,-133.0193134,64.0,-133.0,0.4699911,0.5300089,19,9,2.773351779,-77.95159,-2.1140213,0.018573377,0.2596267,78.21122,285.07886,88908.94,-1.0314636,0.050186157,10478.757,23.374372,13.75,0.0,,-2839.0,9674.0,3.2356796,1.032683789201413,272.7855458464167,0.0,0.1696733215431996,0.2729412671252232,1.0,967.0,0.0,-0.7986355,0.60181504,1.2459016,1.0,76.85713195800781,74.85054016113281,60.87742614746094,-11.1029052734375,1.0919647216796875,17,102.0,13,202,-0.2588190451025208,-0.9659258262890683,-0.3271603271220951,-0.9449688462364056,11.156473119419024,95.61694518374912,177.1686006626676,10.123789330217612,3.133272385830895,24.13833504716341,3.4075378654455792,6835.0,13.75,0.0,70.86169942220052,-15.979705810546875,23.142868041992188,-0.8269387387733207,-0.3693449999999956,-0.4843521000000002,0.02659397999999999,-0.079296113,-90.271624,-24.25,-161.15764256386717,1,mature,8.0,-78.190956,-0.16114044,0.30504845,1.0,0.2951880580057607
216,2021-07-21 19:00:00,64.1234726,-133.0193134,64.0,-133.0,0.4699911,0.5300089,19,9,2.773351779,-78.190956,-0.16114044,137.37766,0.56467515,78.75563,291.40076,88714.31,1.8416443,1.045639,10478.757,1205.8726,305.5,0.0001297,49.64064,-356181.0,-566831.0,6.703949,2.117785316325404,60.413186792666295,49.64064,0.4406423068006395,0.2951880580057607,0.0,967.0,0.0,-0.7986355,0.60181504,1.2459016,1.0,86.97750854492188,83.21421813964844,64.55686950683594,-9.493804931640623,0.5117645263671875,18,108.0,19,202,-0.9659258262890684,0.2588190451025203,-0.3271603271220951,-0.9449688462364056,9.507588285705879,93.08554854891685,32.67236175625055,7.389802969380474,3.1655470213723578,2553.7792856391375,-1.5914127929339297,-923012.0,255.85936,305.5,78.24953206380208,-22.420639038085938,13.022491455078125,0.3973590861524233,-0.23936600000000396,1.95288086,0.30504845,137.359086623,1182.498228,291.75,2529.640950591974,2,decay,7.0,,,,,
253,2022-03-29 04:00:00,25.60109156464532,-80.43089061,25.5,-80.5,0.022857666,0.6923466,3,2,2.0755480695496624,-105.32563,7.6931305,0.08201026,0.65071446,105.97634,292.38538,102155.25,1.6519775,0.88752747,44.561035,95.60985,0.0,0.0,,-66531.0,25869.0,3.5316029,1.8752958887895133,61.75301594886992,0.0,-0.621641411,-0.288391164,0.0,8.0,0.0,1.0,6.123234000000001e-17,-1.4054054,1.2222222,34.84666442871094,16.093997955322266,26.919830322265625,35.7447509765625,10.057693481445312,0,0.0,4,88,0.8660254037844386,0.5000000000000001,0.998376906467142,0.056952196034039754,37.132794407951216,254.28470435504894,167.468311593821,35.2574985191617,1.8832243600126581,179.29675863278203,0.3888262614420345,-40662.0,0.0,0.0,25.953497568766277,-7.9268341064453125,65.15333557128906,-0.8809156516982162,,,,,,,,1,mature,1.0,-105.450645,8.545845,0.023465269999999983,1.0,-0.292872158
253,2022-03-29 10:00:00,25.60109156464532,-80.43089061,25.5,-80.5,0.022857666,0.6923466,3,2,2.0755480695496624,-105.450645,8.545845,6.3055387,0.67417973,106.124825,288.55493,102012.516,0.6396942,-1.7282104,44.561035,46.74655,0.0,0.0,,-52590.0,-2268.0,3.365367,1.842802174999205,159.6880511472266,0.0,-0.62920559,-0.292872158,0.0,8.0,0.0,1.0,6.123234000000001e-17,-1.4054054,1.2222222,34.28175354003906,14.5678129196167,21.502979278564453,23.8187255859375,3.3914794921875,1,6.0,10,88,0.49999999999999994,-0.8660254037844387,0.998376906467142,0.056952196034039754,24.05896551566842,261.8962916803646,102.208240533138,22.216163340669215,1.8262226112259998,86.14464401370908,-0.043126069594980034,-54858.0,0.0,0.0,23.45084857940674,-12.77877426147461,65.71824645996094,-0.3471312377848029,-0.12501499999999055,0.8527145000000003,0.023465269999999983,6.22352844,-48.863299999999995,0.0,-93.15211461907295,1,mature,2.0,-102.601715,9.669479,0.27532577,1.0,-0.066022842
253,2022-03-29 16:00:00,25.60109156464532,-80.43089061,25.5,-80.5,0.022857666,0.6923466,3,2,2.0755480695496624,-102.601715,9.669479,141.74265,0.9495055,103.55122,299.9436,102232.7,-1.825119,-0.8398285,44.561035,1040.3875,0.0,0.0,,-813443.0,-585675.0,7.0639534,2.009072241999588,245.29047697670217,0.0,-0.466577094,-0.066022842,0.0,8.0,0.0,1.0,6.123234000000001e-17,-1.4054054,1.2222222,31.86439514160156,15.442198753356934,30.079666137695312,18.454757690429688,-2.110458374023437,2,12.0,16,88,-0.8660254037844384,-0.5000000000000004,0.998376906467142,0.056952196034039754,18.575040133495254,276.52391816283597,31.233441186133803,16.565967891495667,3.5160275734880457,2090.2136471733465,-0.7199951318039494,-1399118.0,0.0,0.0,25.7954200108846,-1.7847290039062464,68.13560485839844,0.9084387120811032,2.8489299999999957,1.123634000000001,0.27532577,135.4371113,993.6409500000001,0.0,2004.0690031596375,2,decay,3.0,-104.06502,6.323593,0.12045500000000009,0.0,-0.371557727
253,2022-03-29 22:00:00,25.60109156464532,-80.43089061,25.5,-80.5,0.022857666,0.6923466,3,2,2.0755480695496624,-104.06502,6.323593,154.58815,1.0699605,105.13498,299.99146,101887.16,-3.9118652,0.14607239,44.561035,1142.8165,0.0,0.0,,-590562.0,-259291.0,8.786774,3.914591483934352,272.1384798,0.0,-0.500276684,-0.371557727,0.0,8.0,0.0,1.0,6.123234000000001e-17,-1.4054054,1.2222222,30.449249267578125,14.776236534118652,12.363893508911133,11.83428955078125,-13.83856201171875,3,18.0,22,88,-0.5000000000000004,0.8660254037844384,0.998376906467142,0.056952196034039754,18.208684953173186,319.4640112352482,47.325531435248195,14.294093469238835,2.2446209358144493,4473.659738599662,-0.4390580497898612,-849853.0,0.0,0.0,19.196459770202637,-18.085355758666992,69.55075073242188,0.9993035585235766,-1.4633050000000054,-3.345886000000001,0.12045500000000009,12.845500000000015,102.42899999999986,0.0,2383.4460914263154,1,mature,4.0,-108.993744,10.700821,-0.3754442000000001,1.0,-0.307904133
253,2022-03-30 04:00:00,25.60109156464532,-80.43089061,25.5,-80.5,0.022857666,0.6923466,3,2,2.0755480695496624,-108.993744,10.700821,0.05029182,0.6945163,109.68826,295.48462,102009.31,-2.7615967,0.9831085,44.561035,238.39832,82.875,0.0,,-88382.0,98811.0,5.656396,2.931368051989231,289.59536260120586,0.0,-0.649370348,-0.307904133,0.0,8.0,0.0,1.0,6.123234000000001e-17,-1.4054054,1.2222222,23.09730529785156,15.457764625549316,13.089651107788086,6.4803619384765625,-31.96372985839844,4,24.0,4,89,0.8660254037844386,0.5000000000000001,0.9992088560679753,0.03977011384605572,32.61403252151331,348.5391341720712,58.94377157086535,29.682664469524077,1.9296096224292136,698.8332188959054,1.1179991400963998,10429.0,82.875,82.875,17.21490701039632,-10.007654190063473,76.90269470214844,0.9420846004397081,-4.9287240000000025,4.377228,-0.3754442000000001,-154.53785818,-904.4181799999999,82.875,-3774.8265197037567,0,growth,5.0,-104.40036,10.851624,-0.009386099999999953,1.0,-0.193084233
253,2022-03-30 10:00:00,25.60109156464532,-80.43089061,25.5,-80.5,0.022857666,0.6923466,3,2,2.0755480695496624,-104.40036,10.851624,6.4910088,0.6851302,105.08549,294.6859,101779.06,-3.2941132,2.0270386,44.561035,535.2018,37.375,0.0,,-114036.0,130592.0,6.653837,3.867824616021802,301.60613991368734,0.0,-0.529547255,-0.193084233,0.0,8.0,0.0,1.0,6.123234000000001e-17,-1.4054054,1.2222222,21.69537353515625,17.83941650390625,16.63067626953125,14.72100830078125,-26.67138671875,5,30.0,10,89,0.49999999999999994,-0.8660254037844387,0.9992088560679753,0.03977011384605572,30.46425700542825,331.1039322228704,29.49779230918307,26.59643238940645,1.7203047347177063,2070.0666965791775,1.1451822231575994,16556.0,37.375,37.375,18.721822102864582,-5.064697265625,78.30462646484375,0.8516707780271887,4.593384,0.1508029999999998,-0.009386099999999953,6.44071698,296.80348000000004,-45.5,1371.2334776832722,1,mature,6.0,-97.59746,8.698204,0.07196013000000001,0.0,0.062557687
253,2022-03-30 16:00:00,25.60109156464532,-80.43089061,25.5,-80.5,0.022857666,0.6923466,3,2,2.0755480695496624,-97.59746,8.698204,53.732647,0.75709033,98.354546,300.43555,101918.8,-6.616684,4.809143,44.561035,1391.551,52.125,0.0,,-614892.0,-668950.0,14.829546,8.179753269525005,306.01043081591524,0.0,-0.252768086,0.062557687,0.0,8.0,0.0,1.0,6.123234000000001e-17,-1.4054054,1.2222222,11.3868408203125,19.16084289550781,31.41168785095215,19.418777465820312,-23.9559326171875,6,36.0,16,89,-0.8660254037844384,-0.5000000000000004,0.9992088560679753,0.03977011384605572,30.837892694318118,320.97163330299907,14.961202487083824,22.658139424793113,1.81295761759097,11382.543841960789,-1.0879146256578391,-1283842.0,52.125,52.125,20.65312385559082,20.02484703063965,88.6131591796875,0.808909973440339,6.802900000000008,-2.153419999999999,0.07196013000000001,47.2416382,856.3491999999999,14.75,9312.477145381612,1,mature,7.0,-106.987465,6.4323654,-0.03598003000000005,0.0,-0.215481814
253,2022-03-30 22:00:00,25.60109156464532,-80.43089061,25.5,-80.5,0.022857666,0.6923466,3,2,2.0755480695496624,-106.987465,6.4323654,50.61213,0.7211103,107.70857,299.62317,101538.94,-5.648651,4.447937,44.561035,1621.7598,50.5,0.0,,-486936.0,-292524.0,14.71992,7.189673266273648,308.2180800789233,0.0,-0.505041562,-0.215481814,0.0,8.0,0.0,1.0,6.123234000000001e-17,-1.4054054,1.2222222,4.687578201293945,17.82915496826172,66.94937133789062,25.599136352539062,-18.27967834472656,7,42.0,22,89,-0.5000000000000004,0.8660254037844384,0.9992088560679753,0.03977011384605572,31.455721615988274,305.5296457066188,2.6884343723045276,24.266048349714627,2.047369811511507,11659.923078377298,-0.6007442456503524,-779460.0,50.5,50.5,29.82203483581543,62.26179313659668,95.31242179870605,0.7856617110123074,-9.390005000000002,-2.2658386000000004,-0.03598003000000005,-3.1205169999999995,230.2088000000001,-1.625,277.37923641650923,1,mature,8.0,-107.66371,10.772987,-0.032851399999999975,1.0,-0.232822138
253,2022-03-31 04:00:00,25.60109156464532,-80.43089061,25.5,-80.5,0.022857666,0.6923466,3,2,2.0755480695496624,-107.66371,10.772987,0.11372871,0.6882589,108.35197,298.155,101599.7,-5.289337,4.712555,44.561035,1182.74,3.0,0.0,,-180585.0,151690.0,12.250089,7.084155597359081,311.69956301785425,0.0,-0.5980019,-0.232822138,0.0,8.0,0.0,1.0,6.123234000000001e-17,-1.4054054,1.2222222,3.79439926147461,14.188549041748049,40.35780334472656,24.452056884765625,-15.889389038085938,8,48.0,4,90,0.8660254037844386,0.5000000000000001,0.9997451236925734,0.022576263041545485,29.161203162754784,303.01654015941074,8.683022858443508,22.077047565395702,1.7292235936442077,8378.71419122048,0.8399922474181134,-28895.0,3.0,3.0,19.446917215983074,36.56340408325195,96.20560073852539,0.7466432558273883,-0.6762449999999944,4.3406216,-0.032851399999999975,-50.498401290000004,-439.01980000000003,-47.5,-3281.2088871568176,1,mature,8.0,-107.36676,8.363335,0.0,0.0,-0.312066866
253,2022-03-31 10:00:00,25.60109156464532,-80.43089061,25.5,-80.5,0.022857666,0.6923466,3,2,2.0755480695496624,-107.36676,8.363335,6.024914,0.6882589,108.055016,297.23322,101329.34,-3.441986,5.4534607,44.561035,927.9209,58.5,0.0,,-128488.0,176838.0,11.836289,6.448837199886541,327.74167035137816,0.0,-0.565985271,-0.312066866,0.0,8.0,0.0,1.0,6.123234000000001e-17,-1.4054054,1.2222222,2.9409284591674805,28.35478973388672,81.62118530273438,27.71675109863281,-11.121139526367188,9,54.0,10,90,0.49999999999999994,-0.8660254037844387,0.9997451236925734,0.022576263041545485,29.864661990862874,291.8627556975548,35.87891465382336,23.415824790976334,1.8354144527339353,5984.010818472199,1.3762997322707178,48350.0,58.5,58.5,37.63896783192953,78.6802568435669,97.05907154083252,0.5337374620126181,0.2969499999999954,-2.4096520000000012,0.0,5.91118529,-254.81910000000005,55.5,-2394.7033727482813,1,mature,8.0,-101.74301,8.272354,0.42706769999999994,0.0,-0.315339286
253,2022-03-31 16:00:00,25.60109156464532,-80.43089061,25.5,-80.5,0.022857666,0.6923466,3,2,2.0755480695496624,-101.74301,8.272354,126.4261,1.1153266,102.85834,301.43738,101575.62,-2.3557587,6.901947,44.561035,1100.395,0.0,1.7166138e-05,,-563458.0,-599035.0,14.375311,7.292905555636565,341.15430354868715,0.0,-0.437033667,-0.315339286,0.0,8.0,0.0,1.0,6.123234000000001e-17,-1.4054054,1.2222222,2.3581438064575195,32.02459716796875,76.62229919433594,24.45112609863281,-5.1329193115234375,10,60.0,16,90,-0.8660254037844384,-0.5000000000000004,0.9997451236925734,0.022576263041545485,24.98408349629525,281.8557007800276,59.29860276865958,17.691177940658683,1.9711363173885559,8025.076808894698,-1.0631404647728846,-1162493.0,0.0,0.0,37.00168005625407,74.26415538787842,97.64185619354248,0.32302059611608097,5.623750000000001,-0.09098099999999931,0.42706769999999994,120.40118600000001,172.47410000000002,-58.5,2041.0659904224985,2,decay,8.0,-97.86455,4.2139893,-0.17990024999999998,0.0,-0.289752247
253,2022-03-31 22:00:00,25.60109156464532,-80.43089061,25.5,-80.5,0.022857666,0.6923466,3,2,2.0755480695496624,-97.86455,4.2139893,137.69525,0.93542635,98.79997,300.6344,101278.586,-2.402542,5.4071198,44.561035,840.9065,92.625,7.6293945e-06,,-389143.0,-345989.0,12.903718,5.916853267854125,336.04301817721097,0.0,-0.27295638,-0.289752247,0.0,8.0,0.0,1.0,6.123234000000001e-17,-1.4054054,1.2222222,4.521635055541992,41.90016555786133,76.20350646972656,23.303695678710938,-1.082916259765625,11,66.0,22,90,-0.5000000000000004,0.8660254037844384,0.9997451236925734,0.022576263041545485,23.32884351852092,272.66060491282536,63.382413264385605,17.411990250666793,2.1808413046348556,4975.520372484775,-0.8891050333681962,-735132.0,92.625,92.625,40.8751023610433,71.68187141418457,95.47836494445801,0.40605063050200196,3.878460000000004,-4.0583647,-0.17990024999999998,11.269149999999982,-259.48849999999993,92.625,-3049.5564364099228,0,growth,8.0,-100.04461,8.157906,-0.3488502499999999,1.0,-0.124254857
253,2022-04-01 04:00:00,25.60109156464532,-80.43089061,25.5,-80.5,0.022857666,0.6923466,3,2,2.0755480695496624,-100.04461,8.157906,-0.02900429,0.5865761,100.63119,298.54224,101512.016,-2.2402802,3.7622375,44.561035,555.6787,231.25,2.4318695e-05,119.343796,-45210.0,90318.0,8.659252,4.378731138231518,329.2276881382847,119.343796,-0.370263149,-0.124254857,0.0,8.0,0.0,1.0,6.123234000000001e-17,-1.4054054,1.2222222,11.90217399597168,56.89195251464844,97.68679809570312,24.04010009765625,2.34722900390625,12,72.0,4,91,0.8660254037844386,0.5000000000000001,0.9999855506507186,0.005375731557583884,24.154417747114312,264.4234266268958,64.80426151138892,19.775686608882793,1.9775710649129508,2433.1676265420106,1.9977438619774386,45108.0,111.906204,231.25,55.49364153544108,85.78462409973145,88.09782600402832,0.5116277134349942,-2.1800600000000117,3.943916700000001,-0.3488502499999999,-137.72425428999998,-285.2278,138.625,-2542.3527459427646,0,growth,8.0,-96.27695,1.9316864,0.00625735999999999,0.0,-0.222015408
253,2022-04-01 10:00:00,25.60109156464532,-80.43089061,25.5,-80.5,0.022857666,0.6923466,3,2,2.0755480695496624,-96.27695,1.9316864,5.4581366,0.59283346,96.86978,297.99323,101455.51,-0.83561707,2.7967682,44.561035,331.76782,687.125,4.7683716e-07,56.281258,-41220.0,77400.0,7.601632,2.9189327248510923,343.3649316,56.281258,0.1473001374043912,-0.222015408,0.0,8.0,0.0,1.0,6.123234000000001e-17,-1.4054054,1.2222222,29.48797035217285,63.55345153808594,74.15879821777344,26.211746215820312,1.2320404052734375,13,78.0,10,91,0.49999999999999994,-0.8660254037844387,0.9999855506507186,0.005375731557583884,26.240685266257756,267.3088859519975,76.05604564800245,23.321752541406664,2.6042504972045197,968.4079468505066,1.8777292576419213,36180.0,630.843742,687.125,55.73340670267741,44.670827865600586,70.51202964782715,0.28627486385480005,3.7676600000000064,-6.2262196,0.00625735999999999,5.487140889999999,-223.91088000000008,455.875,-1464.759679691504,1,mature,8.0,-103.96047,14.125328,0.2847119,1.0,0.1385767525992676
253,2022-04-01 16:00:00,25.60109156464532,-80.43089061,25.5,-80.5,0.022857666,0.6923466,3,2,2.0755480695496624,-103.96047,14.125328,75.864525,0.87754536,104.83802,302.79956,101658.625,-0.28401184,4.531357,44.561035,1101.6399,711.375,0.000276566,188.51569,-752207.0,-611474.0,10.160071,4.540248780266252,356.4135641297307,188.51569,-0.12655314,0.1385767525992676,0.0,8.0,0.0,1.0,6.123234000000001e-17,-1.4054054,1.2222222,31.81898498535156,59.92282104492188,61.690704345703125,24.584701538085938,2.1638641357421875,14,84.0,16,91,-0.8660254037844384,-0.5000000000000004,0.9999855506507186,0.005375731557583884,24.679745900529777,264.96997731246694,91.44358681726374,20.139497120263528,2.237778476844652,5001.719212267635,-0.8129065536481315,-1363681.0,522.85931,711.375,51.14417012532552,29.871719360351566,68.18101501464844,0.06255424619779197,-7.6835200000000015,12.1936416,0.2847119,70.4063884,769.8720799999999,24.25,4033.3112654171287,2,decay,7.0,-106.3826,7.7751007,-0.14548463,0.0,-0.128213831
253,2022-04-01 22:00:00,25.60109156464532,-80.43089061,25.5,-80.5,0.022857666,0.6923466,3,2,2.0755480695496624,-106.3826,7.7751007,57.454857,0.73206073,107.11466,302.505,101435.89,1.3330994,4.444992,44.561035,819.16583,1339.375,0.000160217,383.96887,-476787.0,-235930.0,9.786746,4.640593484711235,16.69453514266081,383.96887,0.081476541,-0.128213831,0.0,8.0,0.0,1.0,6.123234000000001e-17,-1.4054054,1.2222222,71.82940673828125,54.48005676269531,77.24058532714844,28.927230834960938,5.089996337890625,15,90.0,22,91,-0.5000000000000004,0.8660254037844384,0.9999855506507186,0.005375731557583884,29.371631662181365,260.0204690106608,116.67406613200001,24.73103817747013,2.108942753172225,3801.415613596071,-0.4948331225473849,-712717.0,955.4061300000001,1339.375,67.85001627604167,5.4111785888671875,28.17059326171875,-0.28726916166908245,-2.4221299999999957,-6.350227299999999,-0.14548463,-18.409668000000003,-282.47406999999987,628.0,-1200.303598671564,1,mature,6.0,-105.09168,9.079689,-0.045366170000000094,1.0,-0.304894039
253,2022-04-02 04:00:00,25.60109156464532,-80.43089061,25.5,-80.5,0.022857666,0.6923466,3,2,2.0755480695496624,-105.09168,9.079689,0.08201026,0.68669456,105.77837,298.54352,101725.375,-0.2911377,1.6677551,44.561035,102.75929,2135.625,0.0,156.10944,-629.0,19142.0,3.0085058,1.6929761468896425,350.0977383,156.10944,0.9273384251391902,-0.304894039,0.0,8.0,0.0,1.0,6.123234000000001e-17,-1.4054054,1.2222222,54.01319885253906,50.162353515625,90.80796813964844,34.236663818359375,2.47308349609375,16,96.0,4,92,0.8660254037844386,0.5000000000000001,0.9999300657962057,-0.011826390691832589,34.325869127962505,265.86841864144174,84.22931965855827,32.632892981072864,1.777051499235394,173.96902684131535,30.43243243243243,18513.0,1979.51556,2135.625,64.9945068359375,36.794769287109375,45.98680114746094,0.17196798646101868,1.2909199999999998,1.3045882999999998,-0.045366170000000094,-57.37284674,-716.4065400000001,796.25,-3627.4465867547556,1,mature,6.0,-105.600685,9.750671,-0.01407915999999998,1.0,-0.265065199
253,2022-04-02 10:00:00,25.60109156464532,-80.43089061,25.5,-80.5,0.022857666,0.6923466,3,2,2.0755480695496624,-105.600685,9.750671,4.72724,0.6726154,106.2733,296.76215,101616.0,0.93510437,1.437912,44.561035,60.629395,2228.375,5.722046e-06,202.07814,-45904.0,7315.0,2.8571968,1.7152291691016384,33.03679497757912,202.07814,0.936212915,-0.265065199,0.0,8.0,0.0,1.0,6.123234000000001e-17,-1.4054054,1.2222222,47.73207092285156,71.42674255371094,86.80291748046875,36.016448974609375,4.550872802734375,17,102.0,10,92,0.49999999999999994,-0.8660254037844387,0.9999300657962057,-0.011826390691832589,36.30282413266643,262.7985325215845,130.23826245599463,34.58759496356479,1.6657813728158986,103.99330680898503,0.15935430463576158,-38589.0,2026.29686,2228.375,68.65391031901042,39.07084655761719,52.26792907714844,-0.5451775114632452,-0.5090050000000019,0.6709820000000004,-0.01407915999999998,4.64522974,-42.12989499999999,92.75,-69.97572003233033,1,mature,6.0,-55.502617,-5.173229,-0.03754439999999992,0.0,0.7361929634121086
253,2022-04-02 16:00:00,25.60109156464532,-80.43089061,25.5,-80.5,0.022857666,0.6923466,3,2,2.0755480695496624,-55.502617,-5.173229,189.58084,0.635071,56.137688,302.81323,101641.06,-0.3648224,3.903534,44.561035,1000.7798,2151.0,2.002716e-05,22.343931,-800874.0,-685587.0,9.371781,3.920544996897467,354.6606738786422,22.343931,2.573559915883917,0.7361929634121086,0.0,8.0,0.0,1.0,6.123234000000001e-17,-1.4054054,1.2222222,44.62428283691406,60.65174865722656,69.87434387207031,39.91987609863281,6.520233154296875,18,108.0,16,92,-0.8660254037844384,-0.5000000000000004,0.9999300657962057,-0.011826390691832589,40.448855955596414,260.72362034728405,93.93705353135817,36.528310958698945,2.3904281183907807,3923.6022378860475,-0.8560485169951828,-1486461.0,2128.656069,2151.0,58.38345845540365,25.25006103515625,55.37571716308594,0.09305400149435908,50.098068,-14.9239,-0.03754439999999992,184.8536,940.150405,-77.375,3819.6089310770626,1,mature,6.0,-100.20277,6.9693146,0.18928645,1.0,-0.067256512
253,2022-04-02 22:00:00,25.60109156464532,-80.43089061,25.5,-80.5,0.022857666,0.6923466,3,2,2.0755480695496624,-100.20277,6.9693146,118.60819,0.82435745,101.02712,300.84338,101243.06,-0.32739258,4.7268066,44.561035,739.07715,723.625,0.0,363.12555,-651685.0,-263015.0,10.054093,4.738131122630801,356.0378530161118,363.12555,-0.216729337,-0.067256512,0.0,8.0,0.0,1.0,6.123234000000001e-17,-1.4054054,1.2222222,38.33105850219727,51.02238464355469,56.17741394042969,42.39907836914063,-2.37158203125,19,114.0,22,92,-0.5000000000000004,0.8660254037844384,0.9999300657962057,-0.011826390691832589,42.46535350004138,273.2014893010426,82.83636371506918,37.727222377410584,2.121953306015213,3501.8444464402723,-0.4035922263056538,-914700.0,360.49945,723.625,48.51028569539388,17.846355438232415,61.66894149780273,0.06909740813973506,-44.700153,12.1425436,0.18928645,-70.97265,-261.70265000000006,-1427.375,-421.7577914457752,2,decay,6.0,-106.52069,11.571312,-0.13140545000000003,1.0,-0.249090723
253,2022-04-03 04:00:00,25.60109156464532,-80.43089061,25.5,-80.5,0.022857666,0.6923466,3,2,2.0755480695496624,-106.52069,11.571312,0.0344326,0.692952,107.213646,295.80945,101678.18,-0.29449463,-4.377594,44.561035,432.04688,607.25,2.0503998e-05,161.42198,-41755.0,-1154.0,2.6429014,4.387488611487766,183.8486698178669,161.42198,-0.30980158,-0.249090723,0.0,8.0,0.0,1.0,6.123234000000001e-17,-1.4054054,1.2222222,69.78977966308594,99.97230529785156,95.61605834960938,31.414596557617188,1.3545989990234375,20,120.0,4,93,0.8660254037844386,0.5000000000000001,0.9995786855478958,-0.029025013321975237,31.443788183455393,267.53093259708544,83.68226277921855,27.056299571967628,0.6023722530196634,1895.6007656288211,-0.02763740869356963,-42909.0,445.82802000000004,607.25,88.45938110351562,25.826278686523438,30.210220336914062,0.06712145741619024,-6.317920000000001,4.601997400000001,-0.13140545000000003,-118.57375739999999,-307.03027,-116.375,-1606.2436808114512,1,mature,6.0,-101.842964,7.17218,-0.07352455999999996,0.0,-0.217105203
253,2022-04-03 10:00:00,25.60109156464532,-80.43089061,25.5,-80.5,0.022857666,0.6923466,3,2,2.0755480695496624,-101.842964,7.17218,4.525911,0.61942744,102.462395,295.3994,101207.34,-0.922287,0.43510437,44.561035,161.42667,834.25,0.0,300.09442,-47451.0,6846.0,3.7603703,1.019769151897672,295.2563816573419,300.09442,-0.158301138,-0.217105203,0.0,8.0,0.0,1.0,6.123234000000001e-17,-1.4054054,1.2222222,77.54574584960938,55.99053955078125,69.75177001953125,34.479705810546875,5.1087799072265625,21,126.0,10,93,0.49999999999999994,-0.8660254037844387,0.9995786855478958,-0.029025013321975237,34.85612923034257,261.5719328496386,33.68444880770329,33.8363600784449,3.687472103860357,164.61793835956536,0.14427514699374092,-40605.0,534.15558,834.25,67.76268513997395,-7.793975830078125,22.454254150390625,0.9044076282202996,4.677726000000007,-4.399132000000001,-0.07352455999999996,4.4914784,-270.62021,227.0,-1730.9828272692557,1,mature,6.0,-41.15854,-8.780727,-0.33946419000000005,0.0,1.279313500547271
253,2022-04-03 16:00:00,25.60109156464532,-80.43089061,25.5,-80.5,0.022857666,0.6923466,3,2,2.0755480695496624,-41.15854,-8.780727,163.60037,0.27996325,41.438503,301.2461,101369.516,0.40057373,-0.89711,44.561035,788.4304,1908.75,0.000135422,99.796875,-899150.0,-442501.0,8.575227,0.9824793459743124,155.9384865513323,99.796875,2.6961896534926373,1.279313500547271,0.0,8.0,0.0,1.0,6.123234000000001e-17,-1.4054054,1.2222222,12.681416511535645,72.01881408691406,75.31764221191406,33.77140808105469,3.776168823242188,22,132.0,16,93,-0.8660254037844384,-0.5000000000000004,0.9995786855478958,-0.029025013321975237,33.98186950064331,263.61994175320945,107.68145520187716,32.999390154669,8.728149894587407,774.6165837382655,-0.49213256964911306,-1341651.0,1808.953125,1908.75,53.339290936787926,62.63622570037842,87.31858348846436,-0.4077172020372153,60.68442399999999,-15.952907,-0.33946419000000005,159.074459,627.0037299999999,1074.5,609.9986453787001,0,growth,6.0,-104.49721,9.23951,0.45679051000000004,1.0,0.073538141
253,2022-04-03 22:00:00,25.60109156464532,-80.43089061,25.5,-80.5,0.022857666,0.6923466,3,2,2.0755480695496624,-104.49721,9.23951,62.147663,0.73675376,105.23396,298.98035,101210.42,-1.3263245,0.32666016,44.561035,212.79489,2687.0,0.000380039,94.34378,-601175.0,-103468.0,8.705198,1.3659588351892145,283.83599384276965,94.34378,1.4556644171017583,0.073538141,0.0,8.0,0.0,1.0,6.123234000000001e-17,-1.4054054,1.2222222,68.49069213867188,71.79316711425781,76.50868225097656,32.18327331542969,5.979949951171875,23,138.0,22,93,-0.5000000000000004,0.8660254037844384,0.9995786855478958,-0.029025013321975237,32.73412413238162,259.4739560000858,24.362037842683833,31.36816529719241,6.372957790337908,290.669060078617,-0.17210961866345073,-704643.0,2592.65622,2687.0,72.26418050130208,8.017990112304688,31.509307861328125,0.9709842389329952,-63.33866999999999,18.020237,0.45679051000000004,-101.452707,-575.63551,778.25,-483.9475236596485,2,decay,6.0,,,,,
258,2022-06-09 08:00:00,63.79257846,-153.396792,63.75,-153.5,0.9913142,0.008685827,3,0,0.840135208,-58.159534,-11.143761,0.018573377,0.10632029,58.265854,289.18628,96838.375,-2.8246918,-2.5576172,3478.2954,825.3807,0.0,0.0,,-62412.0,170704.0,8.982611,3.8105497643677455,227.840733729598,0.0,0.7924053941779015,0.5810490032894894,0.0,384.0,0.0,0.9848077,0.17364818,-1.0032787,0.8888889,34.34236526489258,44.79536437988281,48.90376281738281,4.690155029296875,-5.333999633789063,0,0.0,8,160,0.8660254037844387,-0.4999999999999998,0.37945284372454435,-0.925211078289358,7.102753430332538,318.67502066572945,90.83428693613143,3.292203665964793,2.3573005354754666,3145.154231898685,2.7351150419791064,108292.0,0.0,0.0,42.68049748738607,14.561397552490234,65.65763473510742,0.846571800204824,,,,,,,,1,mature,1.0,-66.454895,-7.357094,0.06883146,1.0,0.4576830307336582
258,2022-06-09 14:00:00,63.79257846,-153.396792,63.75,-153.5,0.9913142,0.008685827,3,0,0.840135208,-66.454895,-7.357094,10.7073555,0.17515175,66.63004,281.45996,96821.125,-2.9278107,-3.2828217,3478.2954,758.4949,0.0,0.0,,-57528.0,86455.0,9.725527,4.398749118672874,221.72842959453064,0.0,0.548707293,0.4576830307336582,0.0,384.0,0.0,0.9848077,0.17364818,-1.0032787,0.8888889,31.875045776367188,34.855438232421875,38.16334533691406,-2.3632965087890625,-5.4906158447265625,1,6.0,14,160,-0.4999999999999997,-0.8660254037844388,0.37945284372454435,-0.925211078289358,5.977627685195604,23.28823650369867,161.55980690916806,1.5788785665227305,2.2109756063865365,3336.42877289287,1.502833402864692,28927.0,0.0,0.0,34.96460978190104,6.288299560546875,68.12495422363281,0.7850838092137217,-8.295360999999993,3.7866669999999996,0.06883146,10.688782123000001,-66.88580000000002,0.0,191.27454099418492,1,mature,2.0,-64.545616,-7.736023,0.47399838,0.0,0.2472121114032823
258,2022-06-09 20:00:00,63.79257846,-153.396792,63.75,-153.5,0.9913142,0.008685827,3,0,0.840135208,-64.545616,-7.736023,201.51913,0.64915013,65.19476,285.29956,96669.81,-2.6966705,-3.9717255,3478.2954,1640.8386,0.0,0.0,,-306177.0,-1256426.0,12.527965,4.800691120340956,214.1752100235309,0.0,0.6752966163751198,0.2472121114032823,0.0,384.0,0.0,0.9848077,0.17364818,-1.0032787,0.8888889,16.784950256347656,23.71609115600586,57.923675537109375,-2.819427490234375,-6.5701446533203125,2,12.0,20,160,-0.8660254037844386,0.5000000000000001,0.37945284372454435,-0.925211078289358,7.149543491597404,23.225485121729264,169.05027509819837,2.3488523712564477,2.6096169667983626,7877.159296932687,-4.103593672940815,-1562603.0,0.0,0.0,32.8082389831543,41.13872528076172,83.21504974365234,0.6968548625049787,1.909278999999998,-0.3789290000000003,0.47399838,190.81177449999998,882.3437,0.0,4540.730524039816,2,decay,3.0,-84.54173,3.736618,-0.24873184999999998,1.0,0.3061645578977768
258,2022-06-10 02:00:00,63.79257846,-153.396792,63.75,-153.5,0.9913142,0.008685827,3,0,0.840135208,-84.54173,3.736618,36.810688,0.40041828,84.942154,288.21997,96362.75,-2.6433563,-4.0709686,3478.2954,2616.2288,2.75,0.0,,-268975.0,-568039.0,12.906132,4.8538765817576826,212.99642003848265,0.0,0.1824770770317932,0.3061645578977768,0.0,384.0,0.0,0.9848077,0.17364818,-1.0032787,0.8888889,37.927581787109375,68.97225952148438,42.40443420410156,-4.626495361328125,-7.617156982421875,3,18.0,2,161,0.49999999999999994,0.8660254037844387,0.36348161248290634,-0.9316013725767187,8.91210075253018,31.273584471374136,178.27716443289148,4.058224170772497,2.658932872027504,12698.851704840003,-2.111865415001394,-837014.0,2.75,2.75,49.7680918375651,4.4768524169921875,62.072418212890625,0.6819526706180778,-19.996114000000006,11.472641,-0.24873184999999998,-164.708442,975.3901999999998,2.75,4821.692407907316,0,growth,4.0,-74.36682,-3.4381943,-0.16894988000000002,0.0,0.3501624182176951
258,2022-06-10 08:00:00,63.79257846,-153.396792,63.75,-153.5,0.9913142,0.008685827,3,0,0.840135208,-74.36682,-3.4381943,0.018573377,0.2314684,74.59829,285.6101,96152.125,-0.58413696,-2.1917725,3478.2954,131.92758,0.0,0.0,,-42648.0,89618.0,4.9803543,2.2682774697541506,194.92322368379047,0.0,0.2705096225385787,0.3501624182176951,1.0,384.0,0.0,0.9848077,0.17364818,-1.0032787,0.8888889,18.999229431152344,82.91111755371094,50.49317932128906,-5.976364135742188,-4.2616729736328125,4,24.0,8,161,0.8660254037844387,-0.4999999999999998,0.36348161248290634,-0.9316013725767187,7.3402169461929265,54.5077918086767,140.41543187511377,5.071939476438776,2.195654793740821,299.2483573531883,2.101341211780154,46970.0,0.0,0.0,50.80117543538412,31.49394989013672,81.00077056884766,0.4214034411232817,10.174909999999997,-7.1748123,-0.16894988000000002,-36.792114622999996,-2484.30122,-2.75,-12399.603347486815,0,growth,5.0,-71.43639,-8.872543,-0.039108790000000004,0.0,0.2982872891874266
258,2022-06-10 14:00:00,63.79257846,-153.396792,63.75,-153.5,0.9913142,0.008685827,3,0,0.840135208,-71.43639,-8.872543,10.044806,0.19235961,71.62875,279.39893,95894.375,0.024887085,-2.0791779,3478.2954,72.90486,0.0,0.0,,-40476.0,87296.0,4.8458004,2.079326839832595,179.31422085535576,0.0,0.3498776637044541,0.2982872891874266,1.0,384.0,0.0,0.9848077,0.17364818,-1.0032787,0.8888889,44.56466674804688,37.737152099609375,57.58311462402344,-6.9599609375,-6.6954498291015625,5,30.0,14,161,-0.4999999999999997,-0.8660254037844388,0.36348161248290634,-0.9316013725767187,9.657644881933795,46.10970481460129,133.20451604075447,7.5783180421012,2.330465950408321,151.59303215223775,2.1567348552228482,46820.0,0.0,0.0,46.62831115722656,13.018447875976555,55.43533325195312,0.16184876580197696,2.930430000000001,-5.4343487,-0.039108790000000004,10.026232623,-59.02272000000001,0.0,-147.65532520095053,1,mature,6.0,-81.31522,1.5484009,0.36605813,1.0,0.2264333909394927
258,2022-06-10 20:00:00,63.79257846,-153.396792,63.75,-153.5,0.9913142,0.008685827,3,0,0.840135208,-81.31522,1.5484009,96.25404,0.55841774,81.87364,286.78687,95658.69,-0.80093384,-1.9728546,3478.2954,1852.8898,0.0,0.0,,-332106.0,-1094427.0,7.019944,2.129237020342805,202.0960273077006,0.0,0.2108844495462433,0.2264333909394927,0.0,384.0,0.0,0.9848077,0.17364818,-1.0032787,0.8888889,35.729583740234375,41.00285339355469,54.50360107421875,-2.562896728515625,-6.0158538818359375,6,36.0,20,161,-0.8660254037844386,0.5000000000000001,0.36348161248290634,-0.9316013725767187,6.539031852547945,23.075157115324544,179.02087019237607,4.40979483220514,3.296929338035742,3945.2415567755756,-3.2954147169879495,-1426533.0,0.0,0.0,43.74534606933594,18.774017333984375,64.27041625976562,0.5313398514651154,-9.878829999999994,10.420943900000001,0.36605813,86.20923400000001,1779.9849399999998,0.0,3793.648524623338,2,decay,7.0,-74.72764,-1.9639969,-0.09386107999999999,0.0,0.308821191
258,2022-06-11 02:00:00,63.79257846,-153.396792,63.75,-153.5,0.9913142,0.008685827,3,0,0.840135208,-74.72764,-1.9639969,120.793335,0.46455666,75.19219,291.2998,95448.94,0.87342834,-1.9143524,3478.2954,3020.5344,4.0,4.7683716e-07,,-265609.0,-258374.0,4.7868605,2.104191573146541,155.47503182577498,0.0,0.4982303128265579,0.308821191,0.0,384.0,0.0,0.9848077,0.17364818,-1.0032787,0.8888889,104.2111358642578,48.95162963867188,29.271759033203125,6.569610595703125,0.9645538330078124,7,42.0,2,162,0.49999999999999994,0.8660254037844387,0.3474028211842774,-0.9377159910299093,6.640041225470278,261.64747747564735,106.17244564987237,4.535849652323737,2.2749166763565554,6355.783030879244,-0.9727607121746628,-523983.0,4.0,4.0,60.81150817871094,-74.93937683105467,-4.211135864257798,-0.25080186545942895,6.587580000000003,-3.5123978,-0.09386107999999999,24.539294999999996,1167.6446,4.0,2410.541474103668,1,mature,8.0,-74.39185,-3.6142502,-0.2581179,0.0,0.3623004357225197
258,2022-06-11 08:00:00,63.79257846,-153.396792,63.75,-153.5,0.9913142,0.008685827,3,0,0.840135208,-74.39185,-3.6142502,0.0344326,0.20643876,74.59829,287.27295,95580.625,0.1812439,-2.6393585,3478.2954,175.27449,2.0,9.536743e-07,,-38752.0,108765.0,5.4865217,2.645574161275669,176.0716841784332,0.0,0.2749087532458267,0.3623004357225197,1.0,384.0,0.0,0.9848077,0.17364818,-1.0032787,0.8888889,86.17426300048828,76.55094909667969,55.81451416015625,8.544235229492188,4.108489990234375,8,48.0,8,162,0.8660254037844387,-0.4999999999999998,0.3474028211842774,-0.9377159910299093,9.480698584848664,244.319455594456,68.2477714160228,6.835124423572995,2.073849140314575,463.7016618747706,2.806693848059455,70013.0,2.0,0.0,72.84657541910808,-30.35974884033203,13.825736999511719,0.10577266371365346,0.3357899999999887,-1.6502533,-0.2581179,-120.7589024,-2845.25991,-2.0,-5892.081369004473,0,growth,8.0,-65.998505,-4.985588,-0.020336560000000004,0.0,0.5034390755766266
258,2022-06-11 14:00:00,63.79257846,-153.396792,63.75,-153.5,0.9913142,0.008685827,3,0,0.840135208,-65.998505,-4.985588,15.660704,0.1861022,66.18461,281.76514,95625.5,0.5747833,-1.9506073,3478.2954,76.0521,21.5,0.0,,-22539.0,43008.0,3.9927778,2.0335301032372697,163.5813944262402,0.0,0.5234464037462065,0.5034390755766266,1.0,384.0,0.0,0.9848077,0.17364818,-1.0032787,0.8888889,82.7515869140625,79.7442626953125,49.46453857421875,6.9151458740234375,2.8876953125,9,54.0,14,162,-0.4999999999999997,-0.8660254037844388,0.3474028211842774,-0.9377159910299093,7.493865936674998,247.3350758291963,83.75368140295609,5.460335833437728,1.9634712039146673,154.65423476441114,1.9081591907360576,20469.0,21.5,0.0,70.65346272786458,-33.28704833984375,17.2484130859375,-0.11179161967947335,8.39334500000001,-1.3713378,-0.020336560000000004,15.6262714,-99.22238999999999,19.5,-309.0474271103594,1,mature,8.0,-77.88988,0.37270355,0.3332068,1.0,0.3384065636656654
258,2022-06-11 20:00:00,63.79257846,-153.396792,63.75,-153.5,0.9913142,0.008685827,3,0,0.840135208,-77.88988,0.37270355,145.07066,0.519309,78.40919,288.18433,95731.25,0.9796753,0.8881073,3478.2954,1893.631,3.0,0.000112534,,-346417.0,-1010723.0,5.9698772,1.3223079330259575,47.80667717471516,0.0,0.3149696408051408,0.3384065636656654,0.0,384.0,0.0,0.9848077,0.17364818,-1.0032787,0.8888889,49.91279602050781,75.60572814941406,70.59974670410156,7.1031036376953125,4.381103515625,10,60.0,20,162,-0.8660254037844386,0.5000000000000001,0.3474028211842774,-0.9377159910299093,8.345546674871702,238.33424514268472,169.47243203203044,7.023238741845745,4.514740516105494,2503.963293523877,-2.917648383306824,-1357140.0,3.0,3.0,65.37275695800781,20.68695068359375,50.08720397949219,-0.8462552672095183,-11.89137500000001,5.35829155,0.3332068,129.409956,1817.5789,-18.5,2349.3090587594656,2,decay,7.0,-76.72553,-0.11087036,-0.02346532000000001,0.0,1.0531570953827716
258,2022-06-12 02:00:00,63.79257846,-153.396792,63.75,-153.5,0.9913142,0.008685827,3,0,0.840135208,-76.72553,-0.11087036,81.74861,0.49584368,77.221375,286.25488,95895.06,2.0933228,2.067505,3478.2954,1881.6505,8.0,0.00183773,,-588277.0,-407962.0,9.152297,2.942206190943259,45.35551386967586,0.0,0.3514206283562265,1.0531570953827716,0.0,384.0,0.0,0.9848077,0.17364818,-1.0032787,0.8888889,94.24278259277344,87.88862609863281,67.31370544433594,8.990463256835938,5.7513580322265625,11,66.0,2,163,0.49999999999999994,0.8660254037844387,0.3312212278016865,-0.9435531242349544,10.672701100816703,237.39223501083467,167.9632788588412,7.7304949098734435,3.110691911454993,5536.203750291479,-0.6934862318261635,-996239.0,8.0,8.0,83.14837137858073,-26.9290771484375,5.7572174072265625,-0.8226952364030214,1.1643499999999989,-0.48357391,-0.02346532000000001,-63.322050000000004,-11.98050000000012,5.0,3032.240456767602,1,mature,6.0,-74.25119,-2.1782074,-0.29722667,0.0,0.4138618684348868
258,2022-06-12 08:00:00,63.79257846,-153.396792,63.75,-153.5,0.9913142,0.008685827,3,0,0.840135208,-74.25119,-2.1782074,0.08201026,0.19861701,74.44981,286.62646,95988.44,-0.7433319,2.3104248,3478.2954,172.21765,0.0,1.335144e-05,,-43355.0,61478.0,3.9962978,2.4270568740786955,342.16548318696834,0.0,0.2771070810109607,0.4138618684348868,1.0,384.0,0.0,0.9848077,0.17364818,-1.0032787,0.8888889,74.57620239257812,85.56234741210938,67.79037475585938,8.065139770507812,6.34521484375,12,72.0,8,163,0.8660254037844387,-0.4999999999999998,0.3312212278016865,-0.9435531242349544,10.26197987384365,231.80624950768052,110.35923367928783,7.834922999764954,1.646561249833498,417.9820312701788,1.418014069888133,18123.0,0.0,0.0,75.97630818684895,-6.78582763671875,25.423797607421875,0.13631239461263872,2.474340000000012,-2.06733704,-0.29722667,-81.66659974,-1709.43285,-8.0,-5118.2217190213005,0,growth,6.0,-70.46376,-8.277863,-0.023465260000000016,0.0,0.3487845898911936
258,2022-06-12 14:00:00,63.79257846,-153.396792,63.75,-153.5,0.9913142,0.008685827,3,0,0.840135208,-70.46376,-8.277863,11.072802,0.17515175,70.63891,282.20264,96184.625,-0.042816162,3.0594482,3478.2954,350.09308,14.125,7.6293945e-06,,-41397.0,95859.0,5.981594,3.0597477857188897,359.1982131803537,0.0,0.4116055480007595,0.3487845898911936,1.0,384.0,0.0,0.9848077,0.17364818,-1.0032787,0.8888889,81.34416198730469,78.63975524902344,72.90129089355469,9.582733154296877,11.32244873046875,13,78.0,14,163,-0.4999999999999997,-0.8660254037844388,0.3312212278016865,-0.9435531242349544,14.833294305735121,220.2428442903425,138.95536889001121,11.773546520016232,1.9549304122119402,1071.196526325506,2.315602579897094,54462.0,14.125,0.0,77.62840270996094,-8.44287109375,18.655838012695312,-0.15985041425028004,3.7874300000000005,-6.0996556,-0.023465260000000016,10.990791739999999,177.87543,14.125,653.2144950553272,1,mature,6.0,-79.29855,-1.5371323,0.37075122,1.0,0.2053244616128496
258,2022-06-12 20:00:00,63.79257846,-153.396792,63.75,-153.5,0.9913142,0.008685827,3,0,0.840135208,-79.29855,-1.5371323,151.23131,0.54590297,79.84446,285.917,96240.0,1.2884827,3.236145,3478.2954,1882.5746,114.125,4.529953e-05,162.98473,-316136.0,-941575.0,11.44338,3.483220080503713,21.71015113457304,162.98473,0.195625433,0.2053244616128496,0.0,384.0,0.0,0.9848077,0.17364818,-1.0032787,0.8888889,43.942413330078125,68.94149780273438,90.4794921875,11.4912109375,14.07598876953125,14,84.0,20,163,-0.8660254037844386,0.5000000000000001,0.3312212278016865,-0.9435531242349544,18.170893996996668,219.22715887677484,162.48299225779817,14.687673916492955,3.2852876750599,6557.421649766245,-2.978385884556014,-1257711.0,-48.85973000000001,114.125,67.78780110677083,46.537078857421875,56.057586669921875,-0.5256223914280233,-8.834790000000012,6.7407307,0.37075122,140.158508,1532.4815199999998,100.0,5486.225123440739,2,decay,6.0,-68.542244,-5.256508,-0.18146477,0.0,0.4926774766519624
258,2022-06-13 02:00:00,63.79257846,-153.396792,63.75,-153.5,0.9913142,0.008685827,3,0,0.840135208,-68.542244,-5.256508,131.52013,0.3644382,68.906685,288.76538,96254.875,2.0003357,3.0366058,3478.2954,2117.0845,9.75,4.053116e-05,,-388726.0,-466150.0,9.409425,3.636250499798952,33.37452084051648,0.0,0.6069998295219812,0.4926774766519624,0.0,384.0,0.0,0.9848077,0.17364818,-1.0032787,0.8888889,91.2822723388672,68.17253112792969,66.81051635742188,6.6667327880859375,16.11773681640625,15,90.0,2,164,0.49999999999999994,0.8660254037844387,0.31494162072895193,-0.9491110448902284,17.44209752726654,202.47131326014372,169.09679241962726,13.805847027467589,2.5876723841001184,7698.249571241614,-1.1991737110458267,-854876.0,9.75,9.75,75.42177327473958,-24.471755981445327,8.717727661132798,-0.6867643469535603,10.75630600000001,-3.7193757000000005,-0.18146477,-19.711180000000013,234.50990000000002,-104.375,1140.8279214753693,0,growth,6.0,-47.41034,-9.383408,-0.2487318,0.0,0.8213504119950902
258,2022-06-13 08:00:00,63.79257846,-153.396792,63.75,-153.5,0.9913142,0.008685827,3,0,0.840135208,-47.41034,-9.383408,0.1723246,0.1157064,47.526047,286.4248,96273.81,-1.4502106,1.7559967,3478.2954,150.90698,0.0,0.0,,-31958.0,95271.0,4.293071,2.2774185374592983,320.44800062685493,0.0,1.046295960402001,0.8213504119950902,1.0,384.0,0.0,0.9848077,0.17364818,-1.0032787,0.8888889,75.52476501464844,82.23358154296875,55.31980895996094,3.8318023681640634,17.780654907226562,16,96.0,8,164,0.8660254037844387,-0.4999999999999998,0.31494162072895193,-0.9491110448902284,18.18885368346636,192.1614788652314,128.28652176162353,15.911435146007062,1.8850601808086518,343.6783536839996,2.98113148507416,63313.0,0.0,0.0,71.0260518391927,-20.2049560546875,24.475234985351562,0.4932132474429298,21.131904,-4.126899999999999,-0.2487318,-131.3478054,-1966.17752,-9.75,-7354.571217557615,0,growth,6.0,-65.007095,-4.9190826,0.07196014999999999,1.0,0.5178747289698113
258,2022-06-13 14:00:00,63.79257846,-153.396792,63.75,-153.5,0.9913142,0.008685827,3,0,0.840135208,-65.007095,-4.9190826,9.578676,0.18766655,65.19476,282.2776,96355.81,-1.0511017,-0.28515625,3478.2954,25.773376,0.0,0.0,,-9244.0,12225.0,2.2825336,1.0890954368910708,254.8214120474752,0.0,0.5307069480408042,0.5178747289698113,1.0,384.0,0.0,0.9848077,0.17364818,-1.0032787,0.8888889,77.74386596679688,69.04489135742188,69.23818969726562,5.3553009033203125,17.509552001953125,17,102.0,14,164,-0.4999999999999997,-0.8660254037844388,0.31494162072895193,-0.9491110448902284,18.310206418121126,197.0062650889924,57.81514695848281,17.221110981230055,2.095806779354172,28.069666194877836,1.3224794461272176,2981.0,0.0,0.0,72.0089823404948,-8.50567626953125,22.256134033203125,0.9959182004785242,-17.59675500000001,4.464325399999999,0.07196014999999999,9.4063514,-125.133604,0.0,-315.6086874891218,1,mature,6.0,-57.91606,-7.672081,0.11263327000000001,0.0,0.7000775725128721
258,2022-06-13 20:00:00,63.79257846,-153.396792,63.75,-153.5,0.9913142,0.008685827,3,0,0.840135208,-57.91606,-7.672081,269.6269,0.30029982,58.216362,287.97852,96385.25,-0.09262085,3.8137512,3478.2954,1814.0544,0.0,6.389618e-05,,-388801.0,-883901.0,10.2274685,3.814875730263852,358.60878684588386,0.0,0.8797961551693154,0.7000775725128721,0.0,384.0,0.0,0.9848077,0.17364818,-1.0032787,0.8888889,47.72175598144531,58.10346984863281,64.37728881835938,1.7312774658203125,20.1773681640625,18,108.0,20,164,-0.8660254037844386,0.5000000000000001,0.31494162072895193,-0.9491110448902284,20.2515063067363,184.9041347610641,173.70465208481974,16.436630576472446,2.680944078692867,6920.392103938354,-2.2734020745831414,-1272702.0,0.0,0.0,56.734171549479164,16.655532836914062,52.27824401855469,-0.14968698813512252,7.091035000000005,-2.7529984,0.11263327000000001,260.048224,1788.281024,0.0,6892.322437743476,1,mature,7.0,-38.278744,-12.856102,-0.15956378999999998,0.0,1.0324456013352443
258,2022-06-14 02:00:00,63.79257846,-153.396792,63.75,-153.5,0.9913142,0.008685827,3,0,0.840135208,-38.278744,-12.856102,146.46173,0.14073603,38.41948,288.26318,96623.31,3.7661896,-0.13960266,3478.2954,793.5049,0.0,2.2888184e-05,,-312142.0,-377050.0,10.788579,3.768776062042853,92.12283069777855,0.0,1.360828561226148,1.0324456013352443,0.0,384.0,0.0,0.9848077,0.17364818,-1.0032787,0.8888889,56.418212890625,73.03353881835938,82.68942260742188,-3.38916015625,13.283432006835938,19,114.0,2,165,0.49999999999999994,0.8660254037844387,0.2985688173637202,-0.9543881083175908,13.70897415727909,165.68681422882037,73.5639835310418,9.940198095236237,2.8626213981395554,2990.542272233708,-1.207943820440697,-689192.0,0.0,0.0,70.71372477213542,26.271209716796875,43.581787109375,-0.9776996298330851,19.637316,-5.1840209999999995,-0.15956378999999998,-123.16516999999999,-1020.5495,0.0,-3929.849831704646,0,growth,8.0,-36.85086,-11.573425,-0.106375886,1.0,1.0351689053578608
258,2022-06-14 08:00:00,63.79257846,-153.396792,63.75,-153.5,0.9913142,0.008685827,3,0,0.840135208,-36.85086,-11.573425,0.18818383,0.034360144,36.88522,285.7671,97030.875,1.6312714,-0.26486206,3478.2954,454.8678,0.0,0.0,,-25476.0,10848.0,4.6122456,1.652633743842054,99.22237338921036,0.0,1.374302643242809,1.0351689053578608,1.0,384.0,0.0,0.9848077,0.17364818,-1.0032787,0.8888889,53.49473571777344,68.11448669433594,84.98277282714844,-5.789962768554688,13.1046142578125,20,120.0,8,165,0.8660254037844387,-0.4999999999999998,0.2985688173637202,-0.9543881083175908,14.32670875348948,156.16289928686308,56.94052589765272,12.674075009647426,2.7908455924888838,751.7298752671986,0.42581252943947245,-14628.0,0.0,0.0,68.86399841308594,31.488037109375,46.50526428222656,-0.9442478755445345,1.427884000000006,1.2826769999999996,-0.106375886,-146.27354616999997,-338.63710000000003,0.0,-2238.8123969665094,1,mature,8.0,-76.27824,-2.0361786,0.215880416,1.0,0.3189755011201612
258,2022-06-14 14:00:00,63.79257846,-153.396792,63.75,-153.5,0.9913142,0.008685827,3,0,0.840135208,-76.27824,-2.0361786,7.110273,0.25024056,76.52848,281.75464,97339.69,0.41537476,-0.83099365,3478.2954,45.236816,0.0,0.0,,-10398.0,5407.0,1.7963731,0.929024562,153.44168217906508,0.0,0.2085603079431656,0.3189755011201612,1.0,384.0,0.0,0.9848077,0.17364818,-1.0032787,0.8888889,63.73355102539063,67.68730163574219,91.41275024414062,-6.769302368164063,13.301101684570312,21,126.0,14,165,-0.4999999999999997,-0.8660254037844388,0.2985688173637202,-0.9543881083175908,14.924569024762851,153.02718500038645,0.41449717867863,13.995544462762851,1.9336120631006524,42.02611317067459,0.5200038468936334,-4991.0,0.0,0.0,74.27786763509114,27.679199218749993,36.26644897460937,-0.28499110953993845,-39.42738,9.5372464,0.215880416,6.9220891700000005,-409.630984,0.0,-709.7037620965241,2,decay,8.0,,,,,
258,2022-06-14 20:00:00,63.79257846,-153.396792,63.75,-153.5,0.9913142,0.008685827,3,0,0.840135208,,,,,,285.6516,97539.44,0.6642914,0.5229645,3478.2954,1264.3328,0.25,0.000128746,,-355476.0,-600100.0,4.438327,0.8454436305125316,51.78835178169385,0.0,,,0.0,384.0,0.0,0.9848077,0.17364818,-1.0032787,0.8888889,64.11312866210938,79.96359252929688,86.99790954589844,-8.138931274414062,14.946670532226562,22,132.0,20,165,-0.8660254037844386,0.5000000000000001,0.2985688173637202,-0.9543881083175908,17.01896478310491,151.43032077246647,99.64196899077263,16.17352115259238,5.249701860441437,1068.9221126080745,-1.688158975570784,-955576.0,0.25,0.25,77.02487691243489,22.884780883789062,35.886871337890625,-0.8812073698332648,,,,,1219.0959839999998,0.25,1026.8959994374,1,mature,7.0,,,,,
260,2022-06-08 08:00:00,63.33098942,-155.5967726,63.25,-155.5,0.948822,0.049539804,3,13,3.449632958,-72.09018,-3.7781906,-0.11931863,0.2314684,72.32165,291.64685,98171.25,-0.5908356,-3.114685,2474.4321,139.86845,0.0,0.0,,-72322.0,202155.0,6.1134415,3.1702285967185966,190.74101864158123,0.0,0.3365449285728782,0.4007166107913965,1.0,621.0,0.0,-0.99026805,-0.1391731,2.842623,3.3333333,14.35569953918457,51.18128967285156,34.87882995605469,10.890472412109377,-1.229248046875,0,0.0,8,159,0.8660254037844387,-0.4999999999999998,0.3953117887649151,-0.9185469991587165,10.959627736363194,276.4399303630915,85.69891172151029,7.789399139644598,1.9283913804600181,443.4149599687052,2.795207544039158,129833.0,0.0,0.0,33.47193972269694,20.523130416870117,85.64430046081543,-0.32129102757769906,,,,,,,,1,mature,1.0,-72.258995,-1.8691254,-0.020336589999999988,1.0,0.4515499859838124
260,2022-06-08 14:00:00,63.33098942,-155.5967726,63.25,-155.5,0.948822,0.049539804,3,13,3.449632958,-72.258995,-1.8691254,6.79302,0.21113181,72.47012,284.75146,98279.69,-0.6664276,-2.0739746,2474.4321,61.784332,0.0,0.0,,-51051.0,106635.0,4.9375935,2.178416027182806,197.8137033396782,0.0,0.3253465278497623,0.4515499859838124,1.0,621.0,0.0,-0.99026805,-0.1391731,2.842623,3.3333333,23.70054626464844,30.95738220214844,34.74427795410156,10.299636840820312,-0.19482421875,1,6.0,14,159,-0.4999999999999997,-0.8660254037844388,0.3953117887649151,-0.9185469991587165,10.301479288383517,271.08365708495387,73.26995374527567,8.123063261200711,2.266598041139757,134.59197905758353,2.0887935593817946,55584.0,0.0,0.0,29.800735473632812,11.043731689453121,76.29945373535156,-0.43544641621088864,-0.16881499999999505,1.9090652,-0.020336589999999988,6.912338630000001,-78.08411799999999,0.0,-308.8229809111217,1,mature,2.0,-84.26825,2.9114914,0.16582118999999998,1.0,0.3684675774137757
260,2022-06-08 20:00:00,63.33098942,-155.5967726,63.25,-155.5,0.948822,0.049539804,3,13,3.449632958,-84.26825,2.9114914,43.16058,0.376953,84.6452,291.40125,98150.81,-2.0565338,-2.536438,2474.4321,1550.2273,0.0,0.0,,-402179.0,-968074.0,9.228693,3.265401812700305,219.0350011037341,0.0,0.1014555017531228,0.3684675774137757,0.0,621.0,0.0,-0.99026805,-0.1391731,2.842623,3.3333333,22.27339172363281,44.33688354492188,61.13166809082031,12.600997924804688,-1.311859130859375,2,12.0,20,159,-0.8660254037844386,0.5000000000000001,0.3953117887649151,-0.9185469991587165,12.669101115712635,275.94351274821366,56.908511644479574,9.403699303012331,2.82620440893563,5062.1150355175,-2.40707247270494,-1370253.0,0.0,0.0,42.580647786458336,38.8582763671875,77.72660827636719,-0.7317701884883072,-12.009254999999996,4.7806168,0.16582118999999998,36.367560000000005,1488.442968,0.0,4927.523056459916,2,decay,3.0,-56.40357,-8.35363,0.05005923000000001,0.0,0.9183193911383098
260,2022-06-09 02:00:00,63.33098942,-155.5967726,63.25,-155.5,0.948822,0.049539804,3,13,3.449632958,-56.40357,-8.35363,129.22737,0.42701223,56.83058,295.0298,97890.0,-2.37529,-3.253418,2474.4321,2284.9985,0.0,0.000453949,,-761172.0,-602245.0,11.16452,4.028241709086484,216.13283153993888,0.0,0.9615344193395492,0.9183193911383098,0.0,621.0,0.0,-0.99026805,-0.1391731,2.842623,3.3333333,41.99098205566406,57.423919677734375,37.41020202636719,10.624435424804688,-4.9470977783203125,3,18.0,2,160,0.49999999999999994,0.8660254037844387,0.37945284372454435,-0.925211078289358,11.719744217520557,294.96828525392704,78.83545371398816,7.6915025084340725,2.771561590958221,9204.526262900054,-0.7912075063192024,-1363417.0,0.0,0.0,45.608367919921875,-4.580780029296875,58.00901794433594,-0.6963241831406841,27.864679999999993,-11.265121400000002,0.05005923000000001,86.06679,734.7712000000001,0.0,4142.411227382554,1,mature,3.0,-52.78835,-11.784832,-0.3441572,0.0,0.694182078
260,2022-06-09 08:00:00,63.33098942,-155.5967726,63.25,-155.5,0.948822,0.049539804,3,13,3.449632958,-52.78835,-11.784832,0.066151045,0.08285503,52.871204,290.62,97910.375,-1.9545746,-2.3320312,2474.4321,265.38068,0.0,0.0,,-71436.0,175504.0,6.099798,3.0428163573798863,219.96780566437565,0.0,0.9011378273156906,0.694182078,1.0,621.0,0.0,-0.99026805,-0.1391731,2.842623,3.3333333,45.20173645019531,58.28755187988281,43.05610656738281,7.334686279296875,-7.7168121337890625,4,24.0,8,160,0.8660254037844387,-0.4999999999999998,0.37945284372454435,-0.925211078289358,10.646445994974094,316.4543068064917,96.48650114211603,7.603629637594208,2.0046553204585846,807.5046740365972,2.456800492748754,104068.0,0.0,0.0,48.84846496582031,-2.1456298828125,54.79826354980469,-0.7427687267055899,3.6152200000000008,-3.431201999999999,-0.3441572,-129.161218955,-2019.6178200000002,0.0,-8397.021588863456,0,growth,4.0,-71.48845,-0.4988098,0.1564351,1.0,0.4870737839856308
260,2022-06-09 14:00:00,63.33098942,-155.5967726,63.25,-155.5,0.948822,0.049539804,3,13,3.449632958,-71.48845,-0.4988098,4.854149,0.23929013,71.72774,282.58105,97943.125,-1.7803497,-3.0347748,2474.4321,533.3699,0.0,0.0,,-64120.0,150071.0,7.1659565,3.5184518102434104,210.3980041,0.0,0.3858268403312332,0.4870737839856308,1.0,621.0,0.0,-0.99026805,-0.1391731,2.842623,3.3333333,20.175827026367188,28.414031982421875,40.57350158691406,-0.7265777587890625,-8.146865844726562,5,30.0,14,160,-0.4999999999999997,-0.8660254037844388,0.37945284372454435,-0.925211078289358,8.179201570540927,5.096437045735456,154.69843294573548,4.6607497602975165,2.0366788822110515,1876.6362901843468,2.340470991890206,85951.0,0.0,0.0,29.721120198567707,20.397674560546875,79.82417297363281,-0.621120481218142,-18.7001,11.2860222,0.1564351,4.787997955,267.98922000000005,0.0,1069.1316161477496,2,decay,5.0,-71.830925,-1.7425613,0.35041462,0.0,0.3298056559345874
260,2022-06-09 20:00:00,63.33098942,-155.5967726,63.25,-155.5,0.948822,0.049539804,3,13,3.449632958,-71.830925,-1.7425613,271.54337,0.58970475,72.42063,287.58875,97827.81,-2.2923737,-4.0381317,2474.4321,1697.8386,0.0,0.0,,-376193.0,-1106858.0,12.311168,4.643434591656975,209.58278695352288,0.0,0.4706834270431685,0.3298056559345874,0.0,621.0,0.0,-0.99026805,-0.1391731,2.842623,3.3333333,50.960731506347656,30.368423461914062,48.482269287109375,-4.170989990234375,-9.804519653320312,6,36.0,20,160,-0.8660254037844386,0.5000000000000001,0.37945284372454435,-0.925211078289358,10.654846931372576,23.045630262419138,173.46284330889625,6.011412339715601,2.6513064321224458,7883.80248629045,-2.942261020274168,-1483051.0,0.0,0.0,43.27047475179037,-2.4784622192382812,49.039268493652344,-0.609907114594703,-0.3424749999999932,-1.2437515,0.35041462,266.689221,1164.4687,0.0,6007.166196106104,2,decay,6.0,-79.00374,-0.82722473,-0.0954254,1.0,0.2934976970115329
260,2022-06-10 02:00:00,63.33098942,-155.5967726,63.25,-155.5,0.948822,0.049539804,3,13,3.449632958,-79.00374,-0.82722473,95.93437,0.49427935,79.49802,291.06787,97479.75,-2.07695,-4.6451874,2474.4321,3130.3535,0.0,0.0,,-406255.0,-755559.0,12.946171,5.088367840832536,204.09030990771825,0.0,0.3811564394911161,0.2934976970115329,0.0,621.0,0.0,-0.99026805,-0.1391731,2.842623,3.3333333,68.62678527832031,54.269134521484375,31.08412170410156,-6.454620361328125,-13.871063232421877,7,42.0,2,161,0.49999999999999994,0.8660254037844387,0.36348161248290634,-0.9316013725767187,15.299297997186592,24.95396676843859,179.13634313927966,10.210930156354056,2.5442679076994175,15928.390079837573,-1.8598146484350961,-1161814.0,0.0,0.0,51.326680501302086,-37.54266357421875,31.373214721679688,-0.5312553046626695,-7.172815,0.91533657,-0.0954254,-175.60899999999998,1432.5149000000001,0.0,8044.587593547122,1,mature,7.0,-75.06909,-0.9847183,-0.27219708,0.0,0.4134004796590322
260,2022-06-10 08:00:00,63.33098942,-155.5967726,63.25,-155.5,0.948822,0.049539804,3,13,3.449632958,-75.06909,-0.9847183,0.08201026,0.22208227,75.291176,287.04773,97342.125,-0.65444946,-2.342163,2474.4321,158.92758,3.75,0.0,,-59608.0,101202.0,5.0067215,2.4318782071196106,195.61147782232905,0.0,0.2555217665425405,0.4134004796590322,1.0,621.0,0.0,-0.99026805,-0.1391731,2.842623,3.3333333,71.30001068115234,71.47752380371094,44.99317932128906,-5.843551635742188,-15.363235473632812,8,48.0,8,161,0.8660254037844387,-0.4999999999999998,0.36348161248290634,-0.9316013725767187,16.43703440216254,20.82478464757685,174.7866931747522,14.005156195042929,2.058787929980306,386.4925183122585,1.697792242651993,41594.0,3.75,0.0,62.59023793538412,-26.30683135986328,28.699989318847656,-0.40053259712968625,3.9346499999999907,-0.15749357000000008,-0.27219708,-95.85235974,-2971.42592,3.75,-15541.897561525315,0,growth,7.0,-73.343124,-6.2381134,-0.006257409999999991,0.0,0.3141064523975084
260,2022-06-10 14:00:00,63.33098942,-155.5967726,63.25,-155.5,0.948822,0.049539804,3,13,3.449632958,-73.343124,-6.2381134,6.035281,0.21582486,73.55895,280.4496,97098.375,0.1235199,-2.0313263,2474.4321,56.15486,0.0,0.0,,-49884.0,100288.0,5.454199,2.035078304,176.52027076133845,0.0,0.2937504357834912,0.3141064523975084,1.0,621.0,0.0,-0.99026805,-0.1391731,2.842623,3.3333333,19.96310234069824,68.75277709960938,55.60655212402344,-9.5849609375,-9.048965454101562,9,54.0,14,161,-0.4999999999999997,-0.8660254037844388,0.36348161248290634,-0.9316013725767187,13.181625543267582,46.64762985202674,129.8726409093117,11.146547239267584,2.6800929425072386,114.27953725015743,2.0104241841071286,50404.0,0.0,0.0,48.10747718811035,35.643449783325195,80.03689765930176,-0.07881179336866564,1.7259659999999997,-5.2533951,-0.006257409999999991,5.953270740000001,-102.77272,-3.75,-272.21298106210105,1,mature,7.0,-84.19316,2.7354355,0.236217,1.0,0.2906290588208955
260,2022-06-10 20:00:00,63.33098942,-155.5967726,63.25,-155.5,0.948822,0.049539804,3,13,3.449632958,-84.19316,2.7354355,49.366917,0.45204186,84.6452,287.2284,96886.69,-1.0919495,-2.1388702,2474.4321,1868.2646,0.0,0.0,,-360138.0,-1035803.0,7.5658426,2.401482759,207.0455071759132,0.0,0.1294746297580666,0.2906290588208955,0.0,621.0,0.0,-0.99026805,-0.1391731,2.842623,3.3333333,28.94833374023437,34.75675964355469,51.76922607421875,-5.008209228515625,-9.426010131835938,10,60.0,20,161,-0.8660254037844386,0.5000000000000001,0.36348161248290634,-0.9316013725767187,10.673885266483936,27.982514644051605,179.0629925318616,8.272402507483935,3.1504879939885506,4486.605226150031,-2.876128039806963,-1395941.0,0.0,0.0,38.49143981933594,22.82089233398438,71.05166625976562,-0.574226868278775,-10.850036000000003,8.973548899999999,0.236217,43.331636,1812.1097399999999,0.0,4372.325688899873,2,decay,7.0,-78.723854,-1.1517563,0.173643,0.0,0.1576368665032186
260,2022-06-11 02:00:00,63.33098942,-155.5967726,63.25,-155.5,0.948822,0.049539804,3,13,3.449632958,-78.723854,-1.1517563,64.82119,0.62568486,79.34954,292.4972,96655.94,0.4788971,-2.4387665,2474.4321,3048.4092,4.25,0.0,,-327817.0,-329862.0,5.9782667,2.485341922937498,168.89026938992097,0.0,0.3859170962454533,0.1576368665032186,0.0,621.0,0.0,-0.99026805,-0.1391731,2.842623,3.3333333,102.47286224365234,54.81491088867188,33.592071533203125,7.755157470703125,-0.6194305419921875,11,66.0,2,162,0.49999999999999994,0.8660254037844387,0.3474028211842774,-0.9377159910299093,7.77985614209898,274.5667118144889,105.67644242456788,5.294514219161482,2.4054101549673748,7576.33918302836,-1.0062382365771148,-657679.0,4.25,4.25,63.62661488850912,-68.88079071044922,-2.4728622436523438,0.05424839321400835,5.469306000000003,-3.8871918,0.173643,15.454273,1180.1446,4.25,3089.733956878329,2,decay,8.0,-74.93157,-1.4853134,-0.41455305,0.0,0.4085772299870484
260,2022-06-11 08:00:00,63.33098942,-155.5967726,63.25,-155.5,0.948822,0.049539804,3,13,3.449632958,-74.93157,-1.4853134,0.002714154,0.21113181,75.1427,287.94116,96779.625,-0.061920166,-2.6276398,2474.4321,222.02448,0.0,0.0,,-53152.0,126365.0,5.483592,2.628369271,181.3499215907461,0.0,0.2616154626536743,0.4085772299870484,1.0,621.0,0.0,-0.99026805,-0.1391731,2.842623,3.3333333,61.14691925048828,74.12126159667969,54.26763916015625,12.436813354492188,-0.801666259765625,12,72.0,8,162,0.8660254037844387,-0.4999999999999998,0.3474028211842774,-0.9377159910299093,12.462623929434837,273.6881341248977,92.33821253415158,9.834254658434837,2.086309583856035,583.5623206417541,2.377427001806141,73213.0,0.0,0.0,63.17860666910807,-6.879280090332031,38.85308074951172,-0.16246360485179392,3.7922840000000093,-0.33355709999999994,-0.41455305,-64.818475846,-2826.38472,-4.25,-6992.776862386606,0,growth,8.0,-74.773705,-0.57743835,0.009386110000000003,1.0,0.4173938599785337
260,2022-06-11 14:00:00,63.33098942,-155.5967726,63.25,-155.5,0.948822,0.049539804,3,13,3.449632958,-74.773705,-0.57743835,7.6514406,0.22051792,74.994225,281.44885,96844.5,1.0288849,-1.6830292,2474.4321,72.9271,1.0,0.0,,-29835.0,39232.0,3.5962934,1.9726103075622032,148.56133722926052,0.0,0.2548218046599909,0.4173938599785337,1.0,621.0,0.0,-0.99026805,-0.1391731,2.842623,3.3333333,23.181270599365234,76.3380126953125,55.19891357421875,9.940536499023438,-2.0263671875,13,78.0,14,162,-0.4999999999999997,-0.8660254037844388,0.3474028211842774,-0.9377159910299093,10.144970668611803,281.5218172959861,132.9604800667256,8.1723603610496,1.823113965395619,143.85674916061956,1.3149656443774091,9397.0,1.0,0.0,51.572732289632164,32.017642974853516,76.81872940063477,0.39776709272076394,0.15786499999998682,0.9078750499999999,0.009386110000000003,7.6487264459999995,-149.09738000000002,1.0,-439.7055714811346,1,mature,8.0,-79.74711,0.31676483,0.3222563399999999,1.0,0.2552370868022424
260,2022-06-11 20:00:00,63.33098942,-155.5967726,63.25,-155.5,0.948822,0.049539804,3,13,3.449632958,-79.74711,0.31676483,93.371956,0.54277426,80.28989,288.30542,96935.25,0.9845581,0.37638855,2474.4321,1663.8809,0.0,3.2424927e-05,,-345969.0,-984163.0,4.820463,1.054050754397867,69.07855149917856,0.0,0.2405536755382412,0.2552370868022424,0.0,621.0,0.0,-0.99026805,-0.1391731,2.842623,3.3333333,36.20185852050781,77.47291564941406,69.54115295410156,9.284744262695312,3.006103515625,14,84.0,20,162,-0.8660254037844386,0.5000000000000001,0.3474028211842774,-0.9377159910299093,9.759258904768666,252.0597038605913,177.01884763858726,8.7052081503708,4.573274085604843,1753.814917873202,-2.84465660218112,-1330132.0,0.0,0.0,61.07197570800781,33.33929443359375,63.79814147949219,0.97467755326243,-4.973405,0.89420318,0.3222563399999999,85.7205154,1590.9538000000002,-1.0,1609.9581687125824,2,decay,8.0,-76.066055,-1.2053757,-0.12984117999999994,0.0,0.3851560833031662
260,2022-06-12 02:00:00,63.33098942,-155.5967726,63.25,-155.5,0.948822,0.049539804,3,13,3.449632958,-76.066055,-1.2053757,163.35324,0.41293308,76.47899,290.88403,97038.06,1.5513306,1.5596924,2474.4321,2132.2754,0.0,5.722046e-06,,-362037.0,-731386.0,7.837844,2.1998334057637456,44.84600091499362,0.0,0.3843700479327895,0.3851560833031662,0.0,621.0,0.0,-0.99026805,-0.1391731,2.842623,3.3333333,82.15685272216797,87.24409484863281,55.79808044433594,9.103744506835938,5.6224517822265625,15,90.0,2,163,0.49999999999999994,0.8660254037844387,0.3312212278016865,-0.9435531242349544,10.700005985475343,238.3006169650411,166.54538394995257,8.500172579711597,3.5629261649833115,4690.650655208253,-2.020196830710673,-1093423.0,0.0,0.0,75.06634267171223,-26.35877227783203,17.84314727783203,0.7970150751879944,3.6810550000000006,-1.5221405300000002,-0.12984117999999994,69.981284,468.3944999999999,0.0,2936.835737335051,1,mature,8.0,-74.04853,-3.4325256,-0.20962302000000002,0.0,0.3684995761985111
260,2022-06-12 08:00:00,63.33098942,-155.5967726,63.25,-155.5,0.948822,0.049539804,3,13,3.449632958,-74.04853,-3.4325256,0.002714154,0.20331006,74.25184,287.0171,97087.44,0.46565247,0.6385498,2474.4321,45.71765,12.875,0.0,,-22555.0,22182.0,2.3673916,0.7903025179620402,36.10081698775707,0.0,0.2828967924810695,0.3684995761985111,1.0,621.0,0.0,-0.99026805,-0.1391731,2.842623,3.3333333,35.521514892578125,86.03109741210938,46.579437255859375,10.016311645507812,7.68505859375,16,96.0,8,163,0.8660254037844387,-0.4999999999999998,0.3312212278016865,-0.9435531242349544,12.624841566107122,232.50261991373657,163.5981970740205,11.834539048145082,2.9955511290851162,36.13077391030727,0.9834626468632233,-373.0,12.875,0.0,56.04401652018229,11.05792236328125,64.47848510742188,0.6959230375655026,2.0175250000000062,-2.2271498999999997,-0.20962302000000002,-163.350525846,-2086.55775,12.875,-4654.519881297945,0,growth,8.0,-77.135254,-4.187805,0.031287010000000004,0.0,0.2623192792300881
260,2022-06-12 14:00:00,63.33098942,-155.5967726,63.25,-155.5,0.948822,0.049539804,3,13,3.449632958,-77.135254,-4.187805,7.878344,0.23459707,77.36985,280.9723,97334.625,-0.12973022,1.1278076,2474.4321,42.468063,0.0,0.0,,-19061.0,9523.0,2.439602,1.1352444285699042,353.43818178601884,0.0,0.1837200340568051,0.2623192792300881,1.0,621.0,0.0,-0.99026805,-0.1391731,2.842623,3.3333333,50.29728698730469,87.54209899902344,53.02238464355469,9.106170654296877,12.49432373046875,17,102.0,14,163,-0.4999999999999997,-0.8660254037844388,0.3312212278016865,-0.9435531242349544,15.460610255320846,216.08548665541568,137.35269513060317,14.325365826750943,2.1489662830349476,48.21163191290569,0.4996065264151933,-9538.0,0.0,0.0,63.62059020996094,2.72509765625,49.70271301269531,0.025098373289171808,-3.086724000000004,-0.7552794,0.031287010000000004,7.875629846,-3.2495869999999982,-12.875,12.080858002598418,1,mature,8.0,-79.631485,-3.1768265,0.27532579,1.0,0.170029481
260,2022-06-12 20:00:00,63.33098942,-155.5967726,63.25,-155.5,0.948822,0.049539804,3,13,3.449632958,-79.631485,-3.1768265,204.14331,0.50992286,80.14141,286.5774,97406.0,1.363678,3.1306763,2474.4321,2005.9495,0.0,4.7683716e-06,,-316392.0,-804679.0,9.204123,3.4147842952470207,23.537255323137288,0.0,0.2716912435155771,0.170029481,0.0,621.0,0.0,-0.99026805,-0.1391731,2.842623,3.3333333,32.305694580078125,58.121185302734375,66.5927734375,11.9013671875,16.69708251953125,18,108.0,20,163,-0.8660254037844386,0.5000000000000001,0.3312212278016865,-0.9435531242349544,20.504514273587112,215.4805587811754,168.05669654196186,17.08972997834009,2.695374642788143,6849.884849658613,-2.543297554931857,-1121071.0,0.0,0.0,52.339884440104164,34.287078857421875,67.69430541992188,0.5230528661880421,-2.4962309999999945,1.0109784999999998,0.27532579,196.26496600000002,1963.481437,0.0,6801.673217745708,2,decay,8.0,-70.09827,-6.038597,-0.018772209999999956,0.0,0.3216725174069606
260,2022-06-13 02:00:00,63.33098942,-155.5967726,63.25,-155.5,0.948822,0.049539804,3,13,3.449632958,-70.09827,-6.038597,150.39255,0.49115065,70.58942,290.16003,97409.875,1.3118591,3.797348,2474.4321,1970.4592,0.0,9.536743e-07,,-361398.0,-759590.0,10.63794,4.017564701576916,19.058351166221883,0.0,0.5426178423727175,0.3216725174069606,0.0,621.0,0.0,-0.99026805,-0.1391731,2.842623,3.3333333,94.9268035888672,82.09049987792969,64.95895385742188,7.1100921630859375,18.72906494140625,19,114.0,2,164,0.49999999999999994,0.8660254037844387,0.31494162072895193,-0.9491110448902284,20.033254457201625,200.78820337835782,178.27014778786406,16.01568975562471,2.6478577920162807,7916.447327817488,-2.1018101926408006,-1120988.0,0.0,0.0,80.65875244140625,-29.967849731445327,5.073196411132798,0.45489768446437506,9.533214999999998,-2.8617705,-0.018772209999999956,-53.750760000000014,-35.490299999999934,0.0,1066.562478158875,1,mature,8.0,-58.89822,-7.1828346,-0.33164242,0.0,0.7359520490370025
260,2022-06-13 08:00:00,63.33098942,-155.5967726,63.25,-155.5,0.948822,0.049539804,3,13,3.449632958,-58.89822,-7.1828346,-0.01314507,0.15950823,59.057728,286.08508,97441.81,-0.6396637,2.6788483,2474.4321,700.782,0.75,0.000274658,,-98262.0,108007.0,7.529399,2.7541601012850685,346.5702108330921,0.0,0.7616540951331365,0.7359520490370025,0.0,621.0,0.0,-0.99026805,-0.1391731,2.842623,3.3333333,90.66929626464844,89.10858154296875,75.97605895996094,3.9958648681640634,17.368545532226562,20,120.0,8,164,0.8660254037844387,-0.4999999999999998,0.31494162072895193,-0.9491110448902284,17.82227005601854,192.95620896511528,153.61400186797684,15.06810995473347,2.7338276364133094,1930.065824098753,1.0991736378254056,9745.0,0.75,0.75,85.25131225585938,-14.6932373046875,9.330703735351562,-0.09462591055039742,11.200049999999997,-1.1442375999999994,-0.33164242,-150.40569507,-1269.6772,0.75,-5986.381503718735,0,growth,7.0,-63.02428,-8.131184,0.03128702999999999,0.0,0.4811284897500743
260,2022-06-13 14:00:00,63.33098942,-155.5967726,63.25,-155.5,0.948822,0.049539804,3,13,3.449632958,-63.02428,-8.131184,9.473768,0.19079526,63.215076,282.2776,97448.81,-1.8245392,1.0888672,2474.4321,89.02338,6.5,9.536743e-07,,-25692.0,58177.0,4.8587055,2.1247529436554453,300.82834054420226,0.0,0.5979783493024752,0.4811284897500743,1.0,621.0,0.0,-0.99026805,-0.1391731,2.842623,3.3333333,98.32199096679688,88.96286010742188,70.10928344726562,2.6541290283203125,20.325958251953125,21,126.0,14,164,-0.4999999999999997,-0.8660254037844388,0.31494162072895193,-0.9491110448902284,20.498511647412695,187.43949307687254,113.38884746732973,18.37375870375725,2.2867155047405356,189.1526887091573,2.264401370076288,32485.0,6.5,0.0,85.7980448404948,-28.21270751953125,1.678009033203125,-0.7790279278840022,-4.126059999999995,-0.9483493999999997,0.03128702999999999,9.48691307,-611.7586200000001,5.75,-1740.9131353895957,1,mature,7.0,-63.624737,-6.233467,0.24091004000000002,1.0,0.4883749570374125
260,2022-06-13 20:00:00,63.33098942,-155.5967726,63.25,-155.5,0.948822,0.049539804,3,13,3.449632958,-63.624737,-6.233467,269.924,0.4317053,64.05644,285.73657,97593.25,0.112457275,4.0315247,2474.4321,1580.6794,6.0,7.8201294e-05,,-298753.0,-676733.0,14.90325,4.033092863474695,1.5978214952990015,0.0,0.7016333701512044,0.4883749570374125,0.0,621.0,0.0,-0.99026805,-0.1391731,2.842623,3.3333333,81.38972473144531,91.7870635986328,85.49057006835938,2.2254180908203125,25.0758056640625,22,132.0,20,164,-0.8660254037844386,0.5000000000000001,0.31494162072895193,-0.9491110448902284,25.17436226363598,185.07157714308298,176.52624435221605,21.141269400161285,3.6952409737375014,6375.026807581463,-2.2651923160604244,-975486.0,6.0,6.0,86.22245279947917,4.1008453369140625,18.610275268554688,0.16673125860995583,-0.6004570000000058,1.8977169999999992,0.24091004000000002,260.45023199999997,1491.65602,-0.5,6185.874118872305,2,decay,7.0,-33.314445,-12.397003,-0.32538501000000003,0.0,1.2281770765284037
260,2022-06-14 02:00:00,63.33098942,-155.5967726,63.25,-155.5,0.948822,0.049539804,3,13,3.449632958,-33.314445,-12.397003,165.64108,0.10632029,33.420765,285.52295,97938.31,2.1529083,0.9141083,2474.4321,987.62964,4.0,4.2915344e-05,,-426574.0,-498010.0,7.652837,2.3389331183977404,66.99429629,0.0,1.5223851925512053,1.2281770765284037,0.0,621.0,0.0,-0.99026805,-0.1391731,2.842623,3.3333333,92.101806640625,82.95932006835938,95.09567260742188,-3.10009765625,19.541244506835938,23,138.0,2,165,0.49999999999999994,0.8660254037844387,0.2985688173637202,-0.9543881083175908,19.785622111882972,170.98550296081225,103.99120667081229,17.446688993485232,3.271934943245615,2309.999673707238,-1.1674644961952674,-924584.0,4.0,4.0,90.05226643880208,2.993865966796875,7.898193359375,0.9659000568795215,30.310292000000004,-6.163536,-0.32538501000000003,-104.28291999999999,-593.04976,-2.0,-4065.027133874225,0,growth,7.0,,,,,
