event,scenario,step,fire_p1_mean,fire_p1_sd,pii_p1_mean,pii_p1_sd,fire_p2_mean,fire_p2_sd,pii_p2_mean,pii_p2_sd,fire_p3_mean,fire_p3_sd,pii_p3_mean,pii_p3_sd,fire_p4_mean,fire_p4_sd,pii_p4_mean,pii_p4_sd
179,S0 baseline,0,-88.16455078125,0.8642627000808716,-0.05749816074967384,0.015113793313503265,-90.0494613647461,1.6233662366867065,-0.037414394319057465,0.03444836288690567,-86.7734375,0.900542676448822,-0.03784285858273506,0.04031148925423622,-91.23589324951172,0.6825739741325378,0.10830477625131607,0.013521656394004822
179,S0 baseline,1,-93.07903289794922,2.595550298690796,-0.19255320727825165,0.010669871233403683,-85.92850494384766,1.3204394578933716,-0.1893095225095749,0.02517213113605976,-93.02691650390625,0.2795328199863434,0.2817956507205963,0.023066803812980652,-93.2412338256836,0.6311587691307068,-0.1268196851015091,0.018210310488939285
179,S0 baseline,2,-88.79170989990234,1.3890610933303833,-0.07453090697526932,0.045680511742830276,-92.7860107421875,0.10713939368724823,-0.09544374793767929,0.0447554886341095,-88.46044158935547,0.6032147407531738,-0.050967928022146225,0.042056623846292496,-92.52825927734375,0.5882201194763184,-0.19928276538848877,0.04045119509100914
179,S0 baseline,3,-89.37747192382812,1.424475073814392,-0.10795918852090836,0.019313255324959755,-90.11688232421875,0.5760744214057922,-0.16781358420848846,0.010858639143407345,-90.8383560180664,0.9569740891456604,-0.2706751227378845,0.016781706362962723,-94.38971710205078,0.8012197017669678,-0.22771398723125458,0.0190846249461174
179,S0 baseline,4,-94.85424041748047,3.7788197994232178,-0.15732276439666748,0.02845611423254013,-94.8650131225586,0.7237841486930847,-0.47073695063591003,0.035817187279462814,-94.46344757080078,0.4201972186565399,-0.3323931097984314,0.014321786351501942,-95.0517578125,0.8822832107543945,-0.16542397439479828,0.01481281965970993
179,S0 baseline,5,-96.13899993896484,1.3029321432113647,-0.20120792090892792,0.027381936088204384,-84.59009552001953,1.9133533239364624,-0.15879970788955688,0.020323215052485466,-84.92337799072266,0.8304812908172607,-0.017144478857517242,0.027501164004206657,-88.65113067626953,0.825029730796814,-0.007017539814114571,0.007713207975029945
179,S0 baseline,6,-88.97198486328125,0.32947346568107605,-0.09570126980543137,0.038004498928785324,-93.67974853515625,1.0432287454605103,-0.13479025661945343,0.016422849148511887,-90.8948974609375,0.7661845684051514,-0.1031288430094719,0.016109980642795563,-91.60540008544922,0.37561166286468506,-0.19421030580997467,0.025754841044545174
179,S0 baseline,7,-89.8134994506836,1.0547388792037964,-0.111490398645401,0.014452178031206131,-91.62481689453125,0.6131900548934937,-0.1897963434457779,0.026122136041522026,-91.11934661865234,0.48508551716804504,-0.2874033451080322,0.01574060507118702,-92.4075927734375,0.9649592638015747,-0.226657435297966,0.02155400440096855
179,S0 baseline,8,-90.23436737060547,0.32683154940605164,-0.10979527235031128,0.046056583523750305,-92.8751449584961,1.7064921855926514,-0.3608728349208832,0.009005925618112087,-87.51799774169922,1.4590494632720947,-0.19607877731323242,0.027489636093378067,-91.72113037109375,1.1051315069198608,-0.09677636623382568,0.02513555809855461
179,S0 baseline,9,-89.58771514892578,1.3715027570724487,-0.0941181480884552,0.024927468970417976,-87.11233520507812,0.8400217294692993,-0.0529513955116272,0.029145359992980957,-84.23059844970703,2.2763044834136963,0.07499654591083527,0.03130565956234932,-89.94214630126953,1.1090370416641235,0.1220293715596199,0.07115662097930908
179,S0 baseline,10,-90.53685760498047,0.3455989360809326,-0.13751806318759918,0.0039062106516212225,-94.198486328125,1.2748833894729614,-0.07092734426259995,0.030962064862251282,-89.24272918701172,0.11735077947378159,-0.10407578200101852,0.01629398763179779,-89.39794921875,0.9560865759849548,-0.02209317497909069,0.02894209325313568
179,S0 baseline,11,-88.83819580078125,1.8209619522094727,-0.03477809205651283,0.01220723893493414,-89.10245513916016,0.3433898091316223,0.040624652057886124,0.05827276036143303,-89.41802215576172,0.07072902470827103,-0.07184544950723648,0.030770298093557358,-86.18476104736328,1.2281558513641357,0.15922971069812775,0.04593495652079582
179,S0 baseline,12,-92.02814483642578,0.296761691570282,-0.09212610125541687,0.01669156365096569,-85.05744171142578,2.7569191455841064,-0.2636883556842804,0.02443676069378853,-87.90435028076172,1.354725956916809,-0.14120176434516907,0.026393456384539604,-91.61530303955078,0.700965404510498,0.012796864844858646,0.01796833984553814
179,S0 baseline,13,-90.4869613647461,0.3057480454444885,-0.11025809496641159,0.03028596006333828,-88.49819946289062,1.418384313583374,-0.007612708956003189,0.035298630595207214,-83.1319580078125,2.1875803470611572,0.5137541890144348,0.03428863361477852,-87.6483154296875,0.300656795501709,0.14915624260902405,0.03469512239098549
179,S0 baseline,14,-88.98494720458984,1.1554023027420044,-0.07356756925582886,0.009495846927165985,-94.93155670166016,1.112366795539856,-0.08240135759115219,0.03506823256611824,-89.8313980102539,0.5980949997901917,-0.0732010081410408,0.03270019218325615,-90.26712799072266,0.7452788352966309,-0.024573808535933495,0.0342460535466671
179,S0 baseline,15,-88.75582122802734,1.8690565824508667,-0.0652744397521019,0.021237583830952644,-85.00820922851562,1.4055826663970947,-0.07313814014196396,0.05568721517920494,-88.0764389038086,0.7384997010231018,-0.25244057178497314,0.04809121415019035,-91.09236907958984,0.44375845789909363,-0.1324150264263153,0.01882277801632881
179,S0 baseline,16,-90.19571685791016,1.4165678024291992,-0.07178637385368347,0.030698174610733986,-88.85336303710938,1.9491748809814453,-0.32646143436431885,0.021584011614322662,-85.35516357421875,0.8499800562858582,0.4319424629211426,0.034990470856428146,-90.74095916748047,0.3342825174331665,0.002416933188214898,0.010466906242072582
179,S0 baseline,17,-97.49419403076172,3.026867151260376,-0.23361529409885406,0.029527854174375534,-88.822998046875,1.1501694917678833,-0.07951844483613968,0.04319588094949722,-89.77982330322266,1.3347196578979492,-0.10278365015983582,0.018537728115916252,-93.9596176147461,0.6973574161529541,-0.10511336475610733,0.03168192878365517
179,S0 baseline,18,-89.21070098876953,1.622633695602417,-0.10208802670240402,0.016978858038783073,-86.88477325439453,1.9113109111785889,-0.1260204315185547,0.02331848256289959,-89.3160400390625,1.9886609315872192,-0.11518426984548569,0.01590566523373127,-92.40792846679688,0.77605140209198,-0.1199670061469078,0.017101559787988663
179,S0 baseline,19,-89.85547637939453,2.00852632522583,-0.09777724742889404,0.006572911981493235,-82.7409439086914,2.4382095336914062,-0.23347239196300507,0.00549675989896059,-91.18895721435547,0.4901127815246582,-0.34846237301826477,0.03364711254835129,-92.81842041015625,0.5508910417556763,-0.16372595727443695,0.012739052064716816
179,S0 baseline,20,-92.35179901123047,2.670738697052002,-0.13556025922298431,0.029827596619725227,-88.35689544677734,1.2617374658584595,-0.2832324504852295,0.016162976622581482,-94.7214584350586,0.8671814799308777,-0.3138456642627716,0.02579910308122635,-93.96127319335938,0.8080751895904541,-0.09857389330863953,0.005985504947602749
179,S0 baseline,21,-78.48979949951172,1.9486470222473145,0.04409578815102577,0.056466490030288696,-104.1981430053711,1.4512860774993896,-0.16714179515838623,0.016176851466298103,-86.9656753540039,1.150439977645874,-0.14522899687290192,0.017728837206959724,-91.21063232421875,0.8229789733886719,-0.07029979676008224,0.03632880002260208
179,S0 baseline,22,-91.1421890258789,1.7193329334259033,-0.11017102003097534,0.02412252686917782,-91.53459930419922,0.6382616758346558,0.004103261511772871,0.00451613450422883,-90.72647094726562,0.725295901298523,-0.07736822217702866,0.033280715346336365,-93.66014862060547,0.23596830666065216,-0.19680850207805634,0.0167388953268528
179,S1 wind +20%,0,-88.6141586303711,0.9162672758102417,-0.06747321784496307,0.01661747880280018,-89.75103759765625,1.6293200254440308,-0.04248352348804474,0.026088068261742592,-82.54337310791016,1.5490036010742188,0.5841637253761292,0.04277797043323517,-90.03936004638672,0.7875962257385254,0.2567809820175171,0.019195282831788063
179,S1 wind +20%,1,-92.89019012451172,2.461733102798462,-0.1951218992471695,0.008566451258957386,-84.86189270019531,1.3872385025024414,-0.15647202730178833,0.027233486995100975,-91.3740005493164,0.24316376447677612,0.29978612065315247,0.027618538588285446,-94.50900268554688,0.6336284279823303,-0.019421670585870743,0.041193295270204544
179,S1 wind +20%,2,-88.89730072021484,0.9528523087501526,-0.06989473849534988,0.04561421647667885,-92.71123504638672,0.32480666041374207,-0.09162884950637817,0.03477787598967552,-86.4283447265625,0.9766425490379333,0.4587569236755371,0.019439134746789932,-92.71942138671875,0.5212695002555847,0.00604114169254899,0.038468051701784134
179,S1 wind +20%,3,-89.1341323852539,1.1360269784927368,-0.10135800391435623,0.02391807921230793,-90.71183013916016,0.6566703915596008,-0.16118942201137543,0.009826287627220154,-90.69257354736328,0.8976430892944336,-0.2684946358203888,0.017178071662783623,-93.8310546875,0.6168870329856873,-0.20879095792770386,0.028184430673718452
179,S1 wind +20%,4,-94.76388549804688,3.7097067832946777,-0.13753609359264374,0.04507685825228691,-94.02507781982422,1.0136066675186157,-0.4565011262893677,0.04364190250635147,-94.46344757080078,0.4201972186565399,-0.331496924161911,0.014768778346478939,-94.4814682006836,0.8978905081748962,-0.16564901173114777,0.006590848322957754
179,S1 wind +20%,5,-95.74471282958984,1.581741452217102,-0.1896182894706726,0.0365087129175663,-85.39664459228516,1.5855703353881836,-0.11502190679311752,0.032086700201034546,-85.6167221069336,1.0583561658859253,-0.045685142278671265,0.015617720782756805,-88.72257232666016,0.8655287027359009,0.023226700723171234,0.01172603853046894
179,S1 wind +20%,6,-89.56695556640625,0.40953800082206726,-0.08605706691741943,0.05264462158083916,-92.7392578125,0.6422209143638611,-0.07233425974845886,0.042698055505752563,-90.46967315673828,0.8242446184158325,-0.03257400542497635,0.021566500887274742,-91.71086883544922,0.22797080874443054,-0.15777917206287384,0.02614530734717846
179,S1 wind +20%,7,-89.6554183959961,0.9926765561103821,-0.095159150660038,0.025350729003548622,-92.3622055053711,0.6068083643913269,-0.140879824757576,0.055411238223314285,-90.88947296142578,0.3249938488006592,-0.2719181478023529,0.017522450536489487,-91.74390411376953,1.11795175075531,-0.21071480214595795,0.026241790503263474
179,S1 wind +20%,8,-90.15670776367188,0.3838461935520172,-0.08730456978082657,0.03762334957718849,-92.8204574584961,1.6290733814239502,-0.3222139775753021,0.024027738720178604,-87.93795776367188,1.3848505020141602,-0.20133817195892334,0.020746754482388496,-90.77141571044922,1.0469621419906616,-0.09067512303590775,0.019827432930469513
179,S1 wind +20%,9,-89.15140533447266,1.6395528316497803,-0.0755024254322052,0.027917830273509026,-87.4067153930664,1.0045149326324463,-0.03208085894584656,0.04002757370471954,-84.08565521240234,2.4683685302734375,0.0709257498383522,0.027726832777261734,-89.43950653076172,0.9765915870666504,0.16246671974658966,0.07882430404424667
179,S1 wind +20%,10,-90.38150787353516,0.5361449718475342,-0.14165359735488892,0.01031581498682499,-94.10407257080078,1.4400417804718018,-0.07708287239074707,0.027645664289593697,-87.402099609375,0.4052039682865143,-0.001942387199960649,0.013635076582431793,-89.6407241821289,1.1211599111557007,0.05863669514656067,0.022355327382683754
179,S1 wind +20%,11,-87.9826889038086,1.3378839492797852,-0.04199739173054695,0.0020719461608678102,-92.53033447265625,0.8101748824119568,0.0179364662617445,0.05518446862697601,-86.47135162353516,0.7361427545547485,0.27475330233573914,0.04595942050218582,-86.2115707397461,1.2607295513153076,0.3711124658584595,0.08664426952600479
179,S1 wind +20%,12,-92.34427642822266,0.5428175926208496,-0.09866201132535934,0.012870282866060734,-85.21932220458984,2.823728084564209,-0.27038636803627014,0.020647607743740082,-84.39547729492188,2.0920960903167725,0.43856576085090637,0.04588200896978378,-91.18475341796875,0.9787702560424805,0.2089628428220749,0.03087173029780388
179,S1 wind +20%,13,-90.57027435302734,0.26161086559295654,-0.12615980207920074,0.03040049597620964,-88.6473159790039,1.3636894226074219,-0.015839820727705956,0.031002769246697426,-82.82400512695312,2.195859432220459,0.5100908875465393,0.030296970158815384,-87.86869049072266,0.38417965173721313,0.2684740126132965,0.06059161201119423
179,S1 wind +20%,14,-87.33892822265625,1.2028955221176147,-0.06378579139709473,0.00653866957873106,-95.0248794555664,1.145627498626709,-0.0946786180138588,0.0295109786093235,-86.6368408203125,1.680163025856018,0.40455707907676697,0.011417711153626442,-90.50421142578125,0.7088329195976257,0.16146032512187958,0.03642459586262703
179,S1 wind +20%,15,-87.737060546875,1.2856720685958862,-0.06091293692588806,0.04317869618535042,-87.99089813232422,1.538586974143982,-0.09132065623998642,0.05143521726131439,-84.8705062866211,0.7678777575492859,-0.09304248541593552,0.03666754066944122,-91.050537109375,0.5187109708786011,0.061518266797065735,0.017453275620937347
179,S1 wind +20%,16,-90.4167251586914,1.1040472984313965,-0.07288441061973572,0.031609900295734406,-88.7016830444336,1.8460832834243774,-0.32476961612701416,0.029746834188699722,-83.74851989746094,1.545906901359558,0.4535442888736725,0.043914858251810074,-90.28466033935547,0.5976949334144592,0.12398078292608261,0.039488814771175385
179,S1 wind +20%,17,-97.49419403076172,3.026867151260376,-0.22631867229938507,0.02059447579085827,-88.42611694335938,1.157050371170044,-0.06588488817214966,0.03841659799218178,-89.7106704711914,1.4197406768798828,-0.10346075892448425,0.01829354651272297,-92.0842514038086,0.5916791558265686,-0.08017504960298538,0.030776938423514366
179,S1 wind +20%,18,-88.08870697021484,1.2921783924102783,-0.056495994329452515,0.007989318110048771,-86.5865478515625,1.6873080730438232,-0.07410340011119843,0.049746010452508926,-89.41412353515625,2.024221658706665,-0.12769360840320587,0.012922687456011772,-91.61737823486328,0.9734102487564087,-0.11263371258974075,0.015114073641598225
179,S1 wind +20%,19,-91.16671752929688,1.927369475364685,-0.09061986953020096,0.018618114292621613,-85.39836883544922,1.932950735092163,-0.24956084787845612,0.007994892075657845,-91.11621856689453,0.4734106659889221,-0.34466561675071716,0.028404802083969116,-93.15619659423828,0.7878310084342957,-0.17285944521427155,0.01643279194831848
179,S1 wind +20%,20,-92.1629409790039,2.537097930908203,-0.12931285798549652,0.023367922753095627,-87.6635513305664,0.9946455955505371,-0.28481048345565796,0.02006479911506176,-94.86666107177734,0.8595193028450012,-0.3211177885532379,0.028726700693368912,-93.35211181640625,0.974107563495636,-0.09731742739677429,0.008873368613421917
179,S1 wind +20%,21,-77.82254791259766,1.1163519620895386,0.03940137103199959,0.05637047067284584,-104.0469741821289,1.616406798362732,-0.18174172937870026,0.01351687777787447,-85.43539428710938,1.055105209350586,-0.14399956166744232,0.012275823391973972,-90.3170394897461,1.283607840538025,-0.08249642699956894,0.0409001000225544
179,S1 wind +20%,22,-90.8351821899414,2.4153902530670166,-0.05658945441246033,0.014734885655343533,-91.11348724365234,0.20804820954799652,0.002774832770228386,0.004690039437264204,-90.50079345703125,0.5513004064559937,-0.0870729312300682,0.029753832146525383,-93.20636749267578,0.03899433836340904,-0.14330138266086578,0.009330062195658684
179,S2 heatwave +5K,0,-89.1733169555664,0.5097424983978271,-0.08099011331796646,0.02057705447077751,-89.80107879638672,1.433984398841858,-0.048324406147003174,0.04477420449256897,-87.98208618164062,0.8522859215736389,-0.04389914870262146,0.03758816793560982,-91.96898651123047,0.22564271092414856,0.08043894916772842,0.012952667661011219
179,S2 heatwave +5K,1,-98.96658325195312,0.8439598083496094,-0.23267602920532227,0.01017222460359335,-86.0279769897461,1.1682417392730713,-0.23341630399227142,0.012062669731676579,-94.34320068359375,0.1464618742465973,0.2861833870410919,0.01569932885468006,-93.88033294677734,0.5976119637489319,-0.12234718352556229,0.014524238184094429
179,S2 heatwave +5K,2,-89.5863265991211,0.7248868942260742,-0.07465136051177979,0.04634847864508629,-93.01077270507812,0.35972675681114197,-0.10792997479438782,0.04312165454030037,-88.32000732421875,0.3148850202560425,-0.06422384828329086,0.03621498867869377,-92.59056854248047,0.5392661094665527,-0.24175025522708893,0.03432276099920273
179,S2 heatwave +5K,3,-90.51024627685547,1.121196985244751,-0.11473015695810318,0.016967767849564552,-90.38646697998047,0.4455018639564514,-0.17478995025157928,0.006192468106746674,-90.93438720703125,0.9281806349754333,-0.28117135167121887,0.014782770536839962,-94.335205078125,0.7594921588897705,-0.22862191498279572,0.01931873895227909
179,S2 heatwave +5K,4,-101.51139068603516,0.5744637250900269,-0.24891610443592072,0.021344656124711037,-94.98041534423828,0.48499372601509094,-0.4707674980163574,0.03575870394706726,-95.80728149414062,0.9807562828063965,-0.3508554697036743,0.014409065246582031,-96.07003021240234,0.15976448357105255,-0.2115515023469925,0.02144589088857174
179,S2 heatwave +5K,5,-96.07485961914062,0.9010059237480164,-0.20072078704833984,0.03254948556423187,-86.93630981445312,2.1210217475891113,-0.1924300342798233,0.024120502173900604,-86.19127655029297,0.7813456654548645,-0.031375933438539505,0.01403272245079279,-91.9871597290039,0.9822793006896973,-0.037863124161958694,0.01602570340037346
179,S2 heatwave +5K,6,-89.75314331054688,0.41712719202041626,-0.09664902091026306,0.039344098418951035,-94.48931121826172,1.0321165323257446,-0.1539289951324463,0.008146459236741066,-91.16845703125,0.8631903529167175,-0.11318245530128479,0.018523702397942543,-91.5821533203125,0.5645048022270203,-0.21502584218978882,0.03316054865717888
179,S2 heatwave +5K,7,-90.09432220458984,0.7258486747741699,-0.111490398645401,0.014452178031206131,-91.58447265625,0.06986599415540695,-0.19962173700332642,0.015933379530906677,-91.22674560546875,0.38444218039512634,-0.2870118319988251,0.015409262850880623,-92.78414916992188,0.7233438491821289,-0.22670374810695648,0.019212091341614723
179,S2 heatwave +5K,8,-90.63055419921875,0.23432722687721252,-0.13212305307388306,0.03289832919836044,-91.64287567138672,1.3879097700119019,-0.36135730147361755,0.020040065050125122,-88.6339111328125,1.570847988128662,-0.2025948017835617,0.020715991035103798,-91.4618148803711,1.0103389024734497,-0.12260505557060242,0.02729029208421707
179,S2 heatwave +5K,9,-89.22530364990234,1.035895824432373,-0.08411660045385361,0.022054070606827736,-89.0094223022461,1.284684419631958,-0.08862614631652832,0.033349018543958664,-86.24040985107422,2.1222574710845947,0.05590279772877693,0.030467724427580833,-90.94336700439453,1.4194427728652954,-0.11073017865419388,0.07450150698423386
179,S2 heatwave +5K,10,-91.5850830078125,0.4331571161746979,-0.13360267877578735,0.009965700097382069,-94.8134765625,1.271835446357727,-0.0953664556145668,0.02714552916586399,-89.45502471923828,0.3127968907356262,-0.11993151903152466,0.019077813252806664,-88.8193359375,0.8639304041862488,-0.06339003890752792,0.008604070171713829
179,S2 heatwave +5K,11,-89.18255615234375,1.4862943887710571,-0.03477809205651283,0.01220723893493414,-89.71428680419922,0.897191047668457,-0.032020580023527145,0.05399255454540253,-89.53934478759766,0.15842224657535553,-0.08926531672477722,0.03903752192854881,-86.52926635742188,1.5896008014678955,-0.06080774962902069,0.026136571541428566
179,S2 heatwave +5K,12,-92.5382080078125,0.1662168651819229,-0.09708703309297562,0.01873980276286602,-90.22915649414062,1.3845030069351196,-0.2663770914077759,0.024275770410895348,-89.3407974243164,0.8366082906723022,-0.1681663542985916,0.02890670858323574,-91.77629852294922,0.6239769458770752,-0.010981317609548569,0.012974794022738934
179,S2 heatwave +5K,13,-91.27951049804688,0.8649692535400391,-0.10977098345756531,0.02617453783750534,-89.993408203125,1.5989323854446411,-0.04631234332919121,0.03767576441168785,-84.5113525390625,2.8554766178131104,0.5222989916801453,0.029485616832971573,-88.48937225341797,0.8641253113746643,0.1524605005979538,0.03388440981507301
179,S2 heatwave +5K,14,-90.2315902709961,0.4971825182437897,-0.08007731288671494,0.008975260891020298,-95.32733154296875,1.5260767936706543,-0.10340837389230728,0.02785412035882473,-89.96591186523438,0.6733970642089844,-0.0860767737030983,0.039708055555820465,-89.5931167602539,0.7154359817504883,-0.05717577412724495,0.006795707158744335
179,S2 heatwave +5K,15,-90.43023681640625,1.2442933320999146,-0.07264915853738785,0.020158253610134125,-85.95581817626953,1.2491999864578247,-0.07750425487756729,0.043977390974760056,-88.16419219970703,0.7617017030715942,-0.25573667883872986,0.047712668776512146,-90.29833984375,0.4970739185810089,-0.15105943381786346,0.018648630008101463
179,S2 heatwave +5K,16,-89.69730377197266,1.4883962869644165,-0.09164627641439438,0.02260727435350418,-93.21404266357422,1.0412113666534424,-0.33497023582458496,0.01931888423860073,-86.33592987060547,1.3078306913375854,0.4160957634449005,0.033342503011226654,-91.12860107421875,0.45811131596565247,-0.02605217695236206,0.018990090116858482
179,S2 heatwave +5K,17,-97.34236907958984,3.1097803115844727,-0.24987231194972992,0.03773970901966095,-88.9498519897461,1.49281644821167,-0.12777680158615112,0.04741675406694412,-91.40657806396484,1.7187129259109497,-0.13148830831050873,0.01642344892024994,-93.8608627319336,0.5819127559661865,-0.13516832888126373,0.022597696632146835
179,S2 heatwave +5K,18,-89.72030639648438,1.5387591123580933,-0.10556966811418533,0.01748962141573429,-87.74109649658203,1.346807599067688,-0.17099083960056305,0.016330227255821228,-89.7939224243164,1.9001595973968506,-0.14394016563892365,0.012962372042238712,-92.62698364257812,0.5070989727973938,-0.18503619730472565,0.026213426142930984
179,S2 heatwave +5K,19,-91.0465316772461,1.149330735206604,-0.1283540427684784,0.017342370003461838,-87.94088745117188,1.4760420322418213,-0.2425290197134018,0.00866928230971098,-91.58187866210938,0.8325200080871582,-0.35132908821105957,0.02972491644322872,-92.8551025390625,0.5150548219680786,-0.17244593799114227,0.014309857040643692
179,S2 heatwave +5K,20,-98.22097778320312,1.1430827379226685,-0.21724383533000946,0.01624930091202259,-88.68830108642578,1.2611310482025146,-0.34629344940185547,0.01089523732662201,-95.77294921875,0.5191417336463928,-0.318550705909729,0.025076862424612045,-94.31287384033203,0.48787397146224976,-0.14134010672569275,0.006549885496497154
179,S2 heatwave +5K,21,-83.0880355834961,1.5027564764022827,-0.010815668851137161,0.05440143123269081,-104.14339447021484,0.636480987071991,-0.20012442767620087,0.01631130650639534,-87.53282928466797,1.4584698677062988,-0.15687207877635956,0.019071456044912338,-93.2937240600586,0.42779773473739624,-0.09696082025766373,0.021134521812200546
179,S2 heatwave +5K,22,-92.1777572631836,0.9958124160766602,-0.14347483217716217,0.024788714945316315,-94.2844467163086,0.3317100405693054,-0.026341522112488747,0.025053994730114937,-90.77310180664062,0.7126986980438232,-0.12614327669143677,0.02917460910975933,-93.81668853759766,0.10047117620706558,-0.20730948448181152,0.014714455232024193
179,S3 drying RH -30%,0,-88.0566635131836,1.1148220300674438,-0.05236122012138367,0.019387073814868927,-91.42080688476562,1.569467306137085,-0.043434444814920425,0.03277682512998581,-86.80743408203125,0.8587115406990051,-0.04389914870262146,0.03758816793560982,-91.28275299072266,0.7349354028701782,0.10830477625131607,0.013521656394004822
179,S3 drying RH -30%,1,-93.17574310302734,2.6087372303009033,-0.1888573318719864,0.01121167466044426,-85.92850494384766,1.3204394578933716,-0.2007061243057251,0.020676344633102417,-93.18755340576172,0.3701436519622803,0.2814602553844452,0.02114223688840866,-93.13027954101562,0.6237347722053528,-0.127898707985878,0.019920818507671356
179,S3 drying RH -30%,2,-88.51187896728516,1.3183207511901855,-0.06727661937475204,0.047441329807043076,-92.7860107421875,0.10713939368724823,-0.09336600452661514,0.04307464882731438,-88.71402740478516,0.5710561871528625,-0.06302069872617722,0.03452108055353165,-92.56610870361328,0.5351383090019226,-0.23875539004802704,0.03460080549120903
179,S3 drying RH -30%,3,-89.50912475585938,1.7818431854248047,-0.11030308157205582,0.014219283126294613,-90.97295379638672,0.7528206706047058,-0.16416800022125244,0.012669673189520836,-90.8912353515625,1.0060786008834839,-0.28022128343582153,0.015162643976509571,-93.98672485351562,0.9115360975265503,-0.22679726779460907,0.019778676331043243
179,S3 drying RH -30%,4,-94.87295532226562,3.7963669300079346,-0.15732276439666748,0.02845611423254013,-95.53389739990234,0.5602533221244812,-0.4690890312194824,0.03700369596481323,-94.53365325927734,0.4948045611381531,-0.34521666169166565,0.011166884563863277,-95.27770233154297,0.7440206408500671,-0.18521356582641602,0.026218216866254807
179,S3 drying RH -30%,5,-96.17105102539062,1.312376856803894,-0.19616186618804932,0.03423820436000824,-86.68264770507812,2.3010740280151367,-0.1704423427581787,0.02323663793504238,-85.37023162841797,0.4694720208644867,-0.02467796951532364,0.0166197307407856,-90.12779998779297,1.6833012104034424,-0.08101564645767212,0.03955000266432762
179,S3 drying RH -30%,6,-89.40878295898438,0.6653506755828857,-0.09664902091026306,0.039344098418951035,-94.42290496826172,1.4303398132324219,-0.1374477744102478,0.013406326062977314,-90.99114990234375,0.8561042547225952,-0.11299905925989151,0.01839453913271427,-91.4847412109375,0.503417432308197,-0.21646331250667572,0.03314850106835365
179,S3 drying RH -30%,7,-89.8134994506836,1.0547388792037964,-0.111490398645401,0.014452178031206131,-91.51807403564453,0.47508832812309265,-0.1897963434457779,0.026122136041522026,-91.11934661865234,0.48508551716804504,-0.2874033451080322,0.01574060507118702,-92.7945327758789,0.7685714960098267,-0.2281412035226822,0.01954476721584797
179,S3 drying RH -30%,8,-90.23436737060547,0.32683154940605164,-0.11322940140962601,0.05078625679016113,-92.7481460571289,1.6385934352874756,-0.3608728349208832,0.009005925618112087,-87.45925903320312,1.498656988143921,-0.19920051097869873,0.020374367013573647,-91.000732421875,1.0134546756744385,-0.09704776853322983,0.025478269904851913
179,S3 drying RH -30%,9,-89.6197738647461,1.349472999572754,-0.09109527617692947,0.028876323252916336,-88.94659423828125,0.825729250907898,-0.05648994818329811,0.029613155871629715,-84.77665710449219,1.8031063079833984,0.05590279772877693,0.030467724427580833,-90.71512603759766,1.2785048484802246,-0.08647001534700394,0.0669308677315712
179,S3 drying RH -30%,10,-91.24072265625,0.7595884799957275,-0.13360267877578735,0.009965700097382069,-94.74707794189453,1.178848385810852,-0.0749717429280281,0.027773818001151085,-89.29153442382812,0.2199329137802124,-0.11210653930902481,0.017933933064341545,-88.78787994384766,0.867921769618988,-0.06339003890752792,0.008604070171713829
179,S3 drying RH -30%,11,-88.83819580078125,1.8209619522094727,-0.03477809205651283,0.01220723893493414,-89.64788055419922,0.49725866317749023,0.04143662378191948,0.05314766243100166,-89.50577545166016,0.0514211505651474,-0.07416733354330063,0.03474991396069527,-86.52115631103516,1.5550318956375122,-0.06080774962902069,0.026136571541428566
179,S3 drying RH -30%,12,-92.29522705078125,0.23285308480262756,-0.08898093551397324,0.020909003913402557,-86.70726776123047,2.74460768699646,-0.2670198380947113,0.022081619128584862,-87.97454833984375,1.3616389036178589,-0.16037964820861816,0.02589160017669201,-90.92134857177734,0.9386801719665527,-0.010627579875290394,0.03347833827137947
179,S3 drying RH -30%,13,-90.75057220458984,0.5305255055427551,-0.10723522305488586,0.02944575436413288,-90.12837982177734,1.276547908782959,-0.009727216325700283,0.03532739356160164,-83.34832000732422,2.0629591941833496,0.5100086331367493,0.034057874232530594,-89.40709686279297,0.4782542884349823,0.03872574120759964,0.06457068026065826
179,S3 drying RH -30%,14,-88.98494720458984,1.1554023027420044,-0.07356756925582886,0.009495846927165985,-95.26092529296875,1.3483749628067017,-0.08416164666414261,0.03209315240383148,-89.8339614868164,0.6233856678009033,-0.07721862196922302,0.029924588277935982,-89.4957046508789,0.635732114315033,-0.05501636862754822,0.004465581849217415
179,S3 drying RH -30%,15,-89.18358612060547,2.024277448654175,-0.0652744397521019,0.021237583830952644,-85.88941192626953,1.7133296728134155,-0.0716322660446167,0.05027776211500168,-88.16419219970703,0.7617017030715942,-0.2545334994792938,0.04807819426059723,-90.27388763427734,0.5205397009849548,-0.15035243332386017,0.01651027239859104
179,S3 drying RH -30%,16,-89.69039916992188,1.4836351871490479,-0.07010673731565475,0.02713710442185402,-88.91879272460938,1.8845398426055908,-0.32748639583587646,0.024235451593995094,-86.05333709716797,1.1021424531936646,0.40835854411125183,0.0388370044529438,-90.7347412109375,0.3161378502845764,0.0007097739726305008,0.010953189805150032
179,S3 drying RH -30%,17,-97.59416961669922,3.010695219039917,-0.24212975800037384,0.030785616487264633,-88.8817138671875,1.1636500358581543,-0.09207820147275925,0.0450463742017746,-89.91580200195312,1.3587037324905396,-0.1301775574684143,0.017064683139324188,-94.01754760742188,0.7486086487770081,-0.1286662369966507,0.026897450909018517
179,S3 drying RH -30%,18,-89.2222900390625,1.6025536060333252,-0.10556966811418533,0.01748962141573429,-87.5163345336914,1.6003596782684326,-0.1558503657579422,0.0222935788333416,-89.61661529541016,1.971081018447876,-0.1453678458929062,0.015460359863936901,-92.63736724853516,0.5970058441162109,-0.18548370897769928,0.0284383874386549
179,S3 drying RH -30%,19,-89.5064697265625,2.0124900341033936,-0.09526988863945007,0.018540794029831886,-82.71553802490234,2.491417169570923,-0.23139996826648712,0.006058302242308855,-91.2855224609375,0.5596320033073425,-0.3662032186985016,0.033801205456256866,-92.71378326416016,0.4909723401069641,-0.1646469384431839,0.012336533516645432
179,S3 drying RH -30%,20,-92.42779541015625,2.6831910610198975,-0.13837404549121857,0.02638876810669899,-88.54151153564453,1.3278363943099976,-0.30671069025993347,0.005322124809026718,-94.85601043701172,0.9697130918502808,-0.31510329246520996,0.02410752885043621,-93.94329833984375,0.7912099957466125,-0.1352323442697525,0.011238121427595615
179,S3 drying RH -30%,21,-79.0670394897461,1.722505807876587,0.009060494601726532,0.06883297115564346,-104.1824722290039,1.2380598783493042,-0.17069661617279053,0.021670637652277946,-87.04580688476562,1.314933180809021,-0.15137380361557007,0.019614318385720253,-91.62430572509766,0.708210825920105,-0.10363978147506714,0.028057193383574486
179,S3 drying RH -30%,22,-91.04010772705078,1.5997053384780884,-0.12730920314788818,0.020463310182094574,-93.26786041259766,0.49891725182533264,-0.028326034545898438,0.023759953677654266,-90.77310180664062,0.7126986980438232,-0.12614327669143677,0.02917460910975933,-93.6897964477539,0.2195587009191513,-0.20501266419887543,0.012506661005318165
179,S4 rain-out,0,-88.50637817382812,1.299041986465454,-0.03141384199261665,0.011557916179299355,-89.76358795166016,1.2935974597930908,-0.05954553559422493,0.026166656985878944,-82.26494598388672,1.4421840906143188,-0.023461034521460533,0.035662129521369934,-89.74718475341797,1.1548691987991333,0.10277166962623596,0.02577420510351658
179,S4 rain-out,1,-93.93106842041016,2.5203917026519775,-0.22056271135807037,0.01123660895973444,-86.29412078857422,1.5206104516983032,-0.21929800510406494,0.036378562450408936,-86.64034271240234,1.0596500635147095,0.30519768595695496,0.026552733033895493,-90.33081817626953,0.8004687428474426,-0.11613830178976059,0.0130339115858078
179,S4 rain-out,2,-91.298095703125,1.9517478942871094,-0.12235792726278305,0.03812418878078461,-87.49685668945312,0.6040314435958862,-0.09288858622312546,0.04324192926287651,-88.40811920166016,1.0173485279083252,-0.06067606434226036,0.054091550409793854,-92.30130004882812,0.11026152223348618,-0.19390153884887695,0.036827437579631805
179,S4 rain-out,3,-91.42132568359375,2.376972198486328,-0.15872998535633087,0.011662951670587063,-84.78424835205078,1.0948823690414429,-0.15512877702713013,0.009930353611707687,-90.01532745361328,0.3679015338420868,-0.29183709621429443,0.011572609655559063,-93.98583984375,0.45740535855293274,-0.20536090433597565,0.027319401502609253
179,S4 rain-out,4,-95.69538116455078,4.137583255767822,-0.1583079844713211,0.02894708141684532,-94.96894073486328,0.5523878335952759,-0.468293160200119,0.03144029527902603,-94.47763061523438,0.33690565824508667,-0.33170273900032043,0.017211847007274628,-94.74752807617188,0.5646259188652039,-0.15808385610580444,0.013651873916387558
179,S4 rain-out,5,-96.42813110351562,1.324050784111023,-0.22068054974079132,0.024465570226311684,-84.9259033203125,1.9793953895568848,-0.17261235415935516,0.025135064497590065,-85.89762115478516,0.3426833748817444,-0.04278172552585602,0.021890711039304733,-88.9991683959961,0.7241442203521729,-0.02875213325023651,0.03312142565846443
179,S4 rain-out,6,-90.02169036865234,1.4961721897125244,-0.15013839304447174,0.032697536051273346,-88.27901458740234,1.1435869932174683,-0.11076223850250244,0.011716033332049847,-90.6155776977539,0.906029224395752,-0.12727637588977814,0.027707701548933983,-91.63394927978516,0.48285308480262756,-0.18606512248516083,0.02552857995033264
179,S4 rain-out,7,-90.46590423583984,2.048194169998169,-0.15662263333797455,0.010684688575565815,-93.1781234741211,1.0615161657333374,-0.20689928531646729,0.02521502785384655,-91.32635498046875,0.4292522072792053,-0.32449305057525635,0.021593326702713966,-91.90950775146484,0.2931338846683502,-0.21797673404216766,0.009739923290908337
179,S4 rain-out,8,-90.54261016845703,0.31288662552833557,-0.1020752415060997,0.0417485311627388,-92.34496307373047,1.4887157678604126,-0.36583563685417175,0.0033935606479644775,-85.92237091064453,1.560896396636963,-0.18366838991641998,0.022143620997667313,-91.99503326416016,1.4363094568252563,-0.08200327306985855,0.03217730298638344
179,S4 rain-out,9,-89.66851806640625,1.143107533454895,-0.07272573560476303,0.02750047668814659,-87.92227172851562,1.4096431732177734,-0.07226360589265823,0.03614923357963562,-83.6499252319336,1.7508519887924194,0.09100563079118729,0.02771369367837906,-87.89935302734375,1.0688812732696533,0.11566076427698135,0.07759036868810654
179,S4 rain-out,10,-90.85335540771484,2.1144309043884277,-0.16308848559856415,0.0045674447901546955,-93.09769439697266,1.7870187759399414,-0.039939846843481064,0.0349711999297142,-89.4916763305664,0.3841967284679413,-0.11646493524312973,0.03115062601864338,-89.4100570678711,0.27464550733566284,-0.049453165382146835,0.05289998650550842
179,S4 rain-out,11,-89.38175201416016,3.5085866451263428,-0.028879744932055473,0.023348037153482437,-84.02359008789062,1.3106563091278076,0.05442393943667412,0.06157580763101578,-88.26019287109375,0.7931839823722839,-0.09105836600065231,0.010278754867613316,-86.0245132446289,1.0975903272628784,0.15150751173496246,0.040730856359004974
179,S4 rain-out,12,-92.24857330322266,0.7783089876174927,-0.07456440478563309,0.006376966834068298,-85.48868560791016,2.7054097652435303,-0.27419742941856384,0.008709345012903214,-87.2020263671875,1.3202440738677979,-0.13645799458026886,0.026604780927300453,-91.077392578125,0.2772058844566345,0.030182959511876106,0.026725830510258675
179,S4 rain-out,13,-90.69561767578125,0.15854187309741974,-0.08568110316991806,0.01819957047700882,-88.48706817626953,1.5005828142166138,-0.032425496727228165,0.04523899406194687,-83.11944580078125,1.437671422958374,0.5211465358734131,0.02806178852915764,-86.49829864501953,0.2708243429660797,0.1447048932313919,0.01938854530453682
179,S4 rain-out,14,-90.13228607177734,2.688896417617798,-0.11521618813276291,0.013968147337436676,-89.5563735961914,1.8213497400283813,-0.06503737717866898,0.036199457943439484,-89.83797454833984,1.2921125888824463,-0.086751289665699,0.02357916161417961,-90.052734375,0.42536047101020813,-0.044122397899627686,0.0376906581223011
179,S4 rain-out,15,-91.16864013671875,2.7784736156463623,-0.11040675640106201,0.011781261302530766,-79.88677978515625,1.9206219911575317,-0.08311709761619568,0.06407445669174194,-87.27102661132812,0.2524968087673187,-0.2823443114757538,0.013125686906278133,-90.84078216552734,0.18766683340072632,-0.11588623374700546,0.022607294842600822
179,S4 rain-out,16,-90.3152847290039,1.2543864250183105,-0.09059099107980728,0.052394937723875046,-89.3579330444336,2.1293957233428955,-0.34570613503456116,0.022675706073641777,-84.85284423828125,0.9048787951469421,0.3627055883407593,0.0382465198636055,-90.17062377929688,0.10675211995840073,0.02628093957901001,0.011645869351923466
179,S4 rain-out,17,-97.49303436279297,3.0347821712493896,-0.2815191447734833,0.018530912697315216,-90.201171875,0.9022754430770874,-0.17314617335796356,0.017879916355013847,-86.52904510498047,1.320044994354248,-0.10420074313879013,0.028659403324127197,-91.8836441040039,0.9781407713890076,-0.0973886251449585,0.036809612065553665
179,S4 rain-out,18,-91.2623291015625,1.6166269779205322,-0.14661967754364014,0.023331264033913612,-81.78784942626953,2.2242555618286133,-0.12728732824325562,0.024247366935014725,-89.53252410888672,2.0423126220703125,-0.14592359960079193,0.013883884996175766,-92.20410919189453,1.0429469347000122,-0.12260297685861588,0.034225888550281525
179,S4 rain-out,19,-90.55716705322266,2.100257396697998,-0.10009676218032837,0.006289821583777666,-82.63349914550781,2.425297975540161,-0.23121793568134308,0.003860324155539274,-89.98788452148438,0.4951087534427643,-0.3657959997653961,0.018366621807217598,-92.03826904296875,1.0354745388031006,-0.14582060277462006,0.020076513290405273
179,S4 rain-out,20,-92.54092407226562,3.013641119003296,-0.13233841955661774,0.03331557661294937,-89.52616119384766,1.2682487964630127,-0.299227237701416,0.007626465056091547,-89.50540924072266,1.4027427434921265,-0.277151495218277,0.029231978580355644,-90.9202880859375,0.07225560396909714,-0.08195409923791885,0.016027385368943214
179,S4 rain-out,21,-79.17498779296875,1.8141597509384155,-0.021328411996364594,0.07574285566806793,-104.63690948486328,1.7209633588790894,-0.20487745106220245,0.03391890972852707,-87.72772216796875,2.2991175651550293,-0.15599112212657928,0.018587158992886543,-91.93603515625,0.36607348918914795,-0.05821962282061577,0.042418867349624634
179,S4 rain-out,22,-94.2350082397461,2.3120641708374023,-0.2171829342842102,0.03214618191123009,-88.28540802001953,0.8518738150596619,-0.025094494223594666,0.02112407237291336,-90.9539794921875,1.4250766038894653,-0.11871528625488281,0.023654626682400703,-93.90494537353516,0.7883185148239136,-0.20250320434570312,0.008865952491760254
179,S5 deep drought,0,-89.3738021850586,0.936244785785675,-0.054266270250082016,0.014823216944932938,-89.73626708984375,1.831874132156372,-0.04287884011864662,0.03467809036374092,-87.37545776367188,0.8363952040672302,-0.03685122728347778,0.03681950643658638,-91.57494354248047,0.821527361869812,0.10593577474355698,0.00873548910021782
179,S5 deep drought,1,-93.11260986328125,2.552298069000244,-0.20798759162425995,0.020907307043671608,-85.70428466796875,1.4668205976486206,-0.1965452879667282,0.016498839482665062,-91.28753662109375,0.5049045085906982,0.31124147772789,0.02655399963259697,-93.16678619384766,0.5876494646072388,-0.11604055017232895,0.029608622193336487
179,S5 deep drought,2,-88.67890167236328,1.393965482711792,-0.07596830278635025,0.05133277177810669,-92.80284881591797,0.12764587998390198,-0.10184340924024582,0.044030312448740005,-88.6325912475586,0.6387410163879395,-0.05560530349612236,0.036522526293992996,-92.49320220947266,0.635577917098999,-0.237657368183136,0.03511890769004822
179,S5 deep drought,3,-88.56464385986328,1.3904348611831665,-0.10617821663618088,0.014130771160125732,-90.1097412109375,0.5449439883232117,-0.17279194295406342,0.016814349219202995,-90.57211303710938,0.9841351509094238,-0.2728319466114044,0.01831519603729248,-94.33917236328125,0.8722696304321289,-0.22687678039073944,0.020854974165558815
179,S5 deep drought,4,-94.90653228759766,3.7498834133148193,-0.16242583096027374,0.024246448650956154,-95.17115020751953,0.9922888278961182,-0.4757174551486969,0.03226131573319435,-94.63406372070312,0.5762473344802856,-0.3529549837112427,0.016300851479172707,-95.27770233154297,0.7440206408500671,-0.18744824826717377,0.02482309751212597
179,S5 deep drought,5,-96.342041015625,1.1901942491531372,-0.19803400337696075,0.03168002888560295,-87.37134552001953,1.7251712083816528,-0.17018882930278778,0.021728897467255592,-85.27489471435547,1.1050385236740112,-0.021221110597252846,0.028047965839505196,-89.08123779296875,0.950793981552124,-0.009596976451575756,0.00755870807915926
179,S5 deep drought,6,-89.3899154663086,0.7760800719261169,-0.09704942256212234,0.039048150181770325,-94.39449310302734,1.2511152029037476,-0.14232581853866577,0.011392191983759403,-90.9411392211914,0.8338456153869629,-0.11082229763269424,0.0179701317101717,-91.08346557617188,0.22991099953651428,-0.19081585109233856,0.027324093505740166
179,S5 deep drought,7,-89.7550048828125,0.9944179654121399,-0.10841303318738937,0.014596194960176945,-91.40121459960938,0.7336047887802124,-0.1897963434457779,0.026122136041522026,-90.872314453125,0.38993969559669495,-0.27665889263153076,0.02148846723139286,-92.4075927734375,0.9649592638015747,-0.226657435297966,0.02155400440096855
179,S5 deep drought,8,-90.23436737060547,0.32683154940605164,-0.11322940140962601,0.05078625679016113,-92.795166015625,1.7558362483978271,-0.3608728349208832,0.009005925618112087,-87.51799774169922,1.4590494632720947,-0.20077085494995117,0.022338517010211945,-91.000732421875,1.0134546756744385,-0.09887631982564926,0.02683604322373867
179,S5 deep drought,9,-89.6197738647461,1.349472999572754,-0.09109527617692947,0.028876323252916336,-88.99361419677734,0.9845041036605835,-0.05648994818329811,0.029613155871629715,-84.560302734375,1.9386026859283447,0.07014613598585129,0.034821443259716034,-90.22972869873047,1.484290599822998,0.1220293715596199,0.07115662097930908
179,S5 deep drought,10,-91.08513641357422,0.6137868165969849,-0.13318608701229095,0.009127463214099407,-94.5653305053711,1.346078872680664,-0.0762520357966423,0.034662287682294846,-89.24272918701172,0.11735077947378159,-0.10407578200101852,0.01629398763179779,-88.34066009521484,0.6007155776023865,-0.020143989473581314,0.026187075302004814
179,S5 deep drought,11,-88.83111572265625,1.8304011821746826,-0.025136252865195274,0.017378007993102074,-89.03386688232422,0.41213908791542053,0.03500017523765564,0.0481736995279789,-89.465576171875,0.3350430130958557,-0.06781098991632462,0.03352443128824234,-85.94338989257812,1.147851824760437,-0.05134465917944908,0.03685784339904785
179,S5 deep drought,12,-92.30176544189453,0.2842443287372589,-0.08898093551397324,0.020909003913402557,-85.7027359008789,2.6885597705841064,-0.26766642928123474,0.021242717280983925,-87.90435028076172,1.354725956916809,-0.15382783114910126,0.024668587371706963,-91.54090118408203,0.799285888671875,0.02023942768573761,0.01839843951165676
179,S5 deep drought,13,-90.663330078125,0.23129062354564667,-0.10723522305488586,0.02944575436413288,-89.06448364257812,1.0789611339569092,-0.009727216325700283,0.03532739356160164,-83.1319580078125,2.1875803470611572,0.5137541890144348,0.03428863361477852,-87.6483154296875,0.300656795501709,0.14915624260902405,0.03469512239098549
179,S5 deep drought,14,-88.98494720458984,1.1554023027420044,-0.07356756925582886,0.009495846927165985,-94.64691162109375,1.3778133392333984,-0.08376959711313248,0.03245703503489494,-89.5869369506836,0.38904067873954773,-0.07419369369745255,0.0271060299128294,-89.4957046508789,0.635732114315033,-0.05501636862754822,0.004465581849217415
179,S5 deep drought,15,-88.97730255126953,1.7740118503570557,-0.05150404945015907,0.011642595753073692,-86.01702880859375,1.590178370475769,-0.07342059165239334,0.04690230265259743,-88.32903289794922,0.8364332318305969,-0.24782298505306244,0.046256594359874725,-90.07171630859375,0.4087121784687042,-0.1324150264263153,0.01882277801632881
179,S5 deep drought,16,-90.26007080078125,1.3553111553192139,-0.09821770340204239,0.03055426850914955,-88.85336303710938,1.9491748809814453,-0.33162209391593933,0.024237560108304024,-86.25989532470703,0.8105008006095886,0.40644124150276184,0.0341891273856163,-90.7347412109375,0.3161378502845764,0.0007097739726305008,0.010953189805150032
179,S5 deep drought,17,-97.59416961669922,3.010695219039917,-0.23766262829303741,0.03387261927127838,-88.84998321533203,1.1299916505813599,-0.08489956706762314,0.039756353944540024,-89.9627456665039,1.3569066524505615,-0.12736105918884277,0.019711047410964966,-94.01754760742188,0.7486086487770081,-0.13045108318328857,0.030284667387604713
179,S5 deep drought,18,-89.23123168945312,1.5906968116760254,-0.10597007721662521,0.017737362533807755,-87.48479461669922,1.6377484798431396,-0.15606260299682617,0.019075701013207436,-89.57721710205078,2.02529239654541,-0.1391931176185608,0.017924152314662933,-92.69490814208984,0.6610814929008484,-0.15788668394088745,0.02672216296195984
179,S5 deep drought,19,-89.20895385742188,1.7953555583953857,-0.09296988695859909,0.009084365330636501,-82.7409439086914,2.4382095336914062,-0.2385881543159485,0.0024856929667294025,-91.16645050048828,0.4677550196647644,-0.3556826412677765,0.03230186179280281,-92.81842041015625,0.5508910417556763,-0.1646469384431839,0.012336533516645432
179,S5 deep drought,20,-92.42826080322266,2.6832823753356934,-0.1390872448682785,0.02757139503955841,-88.26220703125,1.2152965068817139,-0.2832324504852295,0.016162976622581482,-94.59867095947266,0.8542547821998596,-0.3138456642627716,0.02579910308122635,-94.01920318603516,0.8582144379615784,-0.13291533291339874,0.01303984597325325
179,S5 deep drought,21,-79.0670394897461,1.722505807876587,-3.863374513457529e-05,0.06600505113601685,-103.90045928955078,1.3330821990966797,-0.18507204949855804,0.009083040989935398,-87.17407989501953,1.2781473398208618,-0.15743230283260345,0.02099468745291233,-91.1489486694336,0.7105333209037781,-0.06911793351173401,0.03458034247159958
179,S5 deep drought,22,-91.04010772705078,1.5997053384780884,-0.11260386556386948,0.018682142719626427,-92.9156723022461,0.32270684838294983,0.009748372249305248,0.015986822545528412,-90.72647094726562,0.725295901298523,-0.11905615776777267,0.02853458933532238,-93.70426177978516,0.2355014681816101,-0.20849937200546265,0.010379362851381302
179,S6 relocate: high-relief,0,-87.83242797851562,0.8595349192619324,-0.058499570935964584,0.010182350873947144,-90.48983001708984,1.7121522426605225,-0.05284135043621063,0.029289942234754562,-88.41116333007812,1.0047894716262817,-0.06786036491394043,0.0406469888985157,-91.54813385009766,0.4617154896259308,0.09106063842773438,0.010724183171987534
179,S6 relocate: high-relief,1,-94.23978424072266,3.290786027908325,-0.21559174358844757,0.0013229148462414742,-85.82271575927734,1.611832618713379,-0.20387597382068634,0.023459674790501595,-93.21097564697266,0.42922210693359375,0.24852043390274048,0.005231762304902077,-92.32656860351562,0.8344694972038269,-0.11189685016870499,0.02178025431931019
179,S6 relocate: high-relief,2,-88.9639663696289,1.5900332927703857,-0.0759088322520256,0.04950084164738655,-94.45886993408203,0.33735719323158264,-0.13755296170711517,0.039979469031095505,-89.7382583618164,0.3439110517501831,-0.08797246962785721,0.04585466906428337,-93.2474594116211,0.22463476657867432,-0.23153090476989746,0.027641236782073975
179,S6 relocate: high-relief,3,-89.46062469482422,1.633091688156128,-0.10918456315994263,0.016468601301312447,-91.89273834228516,1.0079268217086792,-0.21189093589782715,0.012367353774607182,-91.72705078125,0.8581120371818542,-0.3735070526599884,0.02975325658917427,-95.07244110107422,0.2891649603843689,-0.25635039806365967,0.018837060779333115
179,S6 relocate: high-relief,4,-94.44650268554688,3.8009889125823975,-0.15329571068286896,0.025936083868145943,-95.25045013427734,0.9865412712097168,-0.46846437454223633,0.04101620614528656,-95.09664916992188,0.5713884830474854,-0.3424933850765228,0.011986609548330307,-95.0517578125,0.8822832107543945,-0.16542397439479828,0.01481281965970993
179,S6 relocate: high-relief,5,-97.05168914794922,0.6578726172447205,-0.22408004105091095,0.02724609710276127,-84.72039031982422,2.149108648300171,-0.17455382645130157,0.01650005578994751,-84.36795806884766,1.1502535343170166,-0.02320966124534607,0.020540889352560043,-87.67304229736328,0.8230217695236206,0.0092915715649724,0.007883187383413315
179,S6 relocate: high-relief,6,-89.1211929321289,0.4814812242984772,-0.09196605533361435,0.04048364236950874,-95.18614959716797,1.345745325088501,-0.17402540147304535,0.01637488231062889,-91.77872467041016,1.116804599761963,-0.1419462412595749,0.004203492775559425,-92.42218780517578,0.4426925778388977,-0.23903866112232208,0.014208385720849037
179,S6 relocate: high-relief,7,-89.92411041259766,1.2443441152572632,-0.11091673374176025,0.019692284986376762,-93.3027572631836,1.0288177728652954,-0.23054902255535126,0.021004781126976013,-91.62342071533203,0.4633047580718994,-0.40029844641685486,0.025541767477989197,-93.1078109741211,0.62309730052948,-0.26362308859825134,0.006036544684320688
179,S6 relocate: high-relief,8,-89.90874481201172,0.37237346172332764,-0.10576821118593216,0.044746801257133484,-93.19793701171875,1.8113034963607788,-0.3708270490169525,0.011657176539301872,-88.7956771850586,0.7122320532798767,-0.21378885209560394,0.023003196343779564,-91.72113037109375,1.1051315069198608,-0.09677636623382568,0.02513555809855461
179,S6 relocate: high-relief,9,-91.0466079711914,0.5023686289787292,-0.12701736390590668,0.024316096678376198,-87.26390838623047,1.1024565696716309,-0.06696722656488419,0.02603236585855484,-84.36050415039062,2.190042734146118,0.019642820581793785,0.02721523679792881,-89.03072357177734,1.1158969402313232,0.13765394687652588,0.06977442651987076
179,S6 relocate: high-relief,10,-90.7069320678711,0.4646243453025818,-0.1326465755701065,0.007707708515226841,-95.89322662353516,1.2704365253448486,-0.10488530993461609,0.028109252452850342,-90.23663330078125,0.6901025176048279,-0.13774573802947998,0.018513135612010956,-90.02875518798828,0.7464615106582642,-0.07978451251983643,0.026061465963721275
179,S6 relocate: high-relief,11,-89.0300521850586,2.106830358505249,-0.03192226216197014,0.01791546493768692,-90.7136459350586,0.4168787896633148,-0.008524127304553986,0.06290692090988159,-90.95301055908203,0.31562069058418274,-0.1454450935125351,0.024432893842458725,-86.4578857421875,1.0122959613800049,0.13648061454296112,0.04179975017905235
179,S6 relocate: high-relief,12,-91.71526336669922,0.05512300878763199,-0.09018180519342422,0.01650380529463291,-85.5584716796875,2.778510570526123,-0.27973225712776184,0.01278088241815567,-87.84769439697266,1.2945187091827393,-0.17288850247859955,0.019927898421883583,-92.14212799072266,0.39091718196868896,-0.02220902033150196,0.030141642317175865
179,S6 relocate: high-relief,13,-92.04741668701172,0.775361180305481,-0.1367354840040207,0.021060815081000328,-88.5584487915039,1.66238272190094,-0.02472863346338272,0.030765609815716743,-82.5765380859375,2.5049402713775635,0.5006790161132812,0.029073474928736687,-86.70543670654297,0.34765148162841797,0.1642501950263977,0.034786157310009
179,S6 relocate: high-relief,14,-89.19198608398438,1.1538944244384766,-0.06869606673717499,0.011942518875002861,-96.58624267578125,1.1654167175292969,-0.11654412746429443,0.026813896372914314,-90.82530975341797,1.1866438388824463,-0.11454517394304276,0.03421277180314064,-90.89794158935547,0.2389698028564453,-0.08186238259077072,0.03656370937824249
179,S6 relocate: high-relief,15,-88.87630462646484,2.1142807006835938,-0.06343799084424973,0.02332792431116104,-86.6272201538086,1.7771661281585693,-0.11850418895483017,0.056589871644973755,-89.0628662109375,0.8352298736572266,-0.3653073310852051,0.04853486642241478,-91.84393310546875,0.3929535448551178,-0.16914059221744537,0.025422176346182823
179,S6 relocate: high-relief,16,-89.91607666015625,1.3474498987197876,-0.07138169556856155,0.03134247660636902,-88.92401885986328,1.9957460165023804,-0.33748313784599304,0.014431960880756378,-86.14000701904297,0.6207097172737122,0.40734872221946716,0.034646619111299515,-90.67766571044922,0.2530234456062317,0.002416933188214898,0.010466906242072582
179,S6 relocate: high-relief,17,-98.2138900756836,2.516627550125122,-0.2505004405975342,0.03065509907901287,-88.77983856201172,1.3575090169906616,-0.07951844483613968,0.04319588094949722,-89.53316497802734,1.5845980644226074,-0.10690730065107346,0.015100746415555477,-93.14398193359375,0.3103826344013214,-0.09270522743463516,0.025899328291416168
179,S6 relocate: high-relief,18,-89.3465805053711,1.8794503211975098,-0.10376616567373276,0.009160379879176617,-88.22180938720703,2.046990394592285,-0.15686136484146118,0.019648505374789238,-89.86568450927734,1.8132679462432861,-0.17430369555950165,0.016460195183753967,-93.36336517333984,0.8093842267990112,-0.1526225358247757,0.011428107507526875
179,S6 relocate: high-relief,19,-89.83380889892578,1.9677748680114746,-0.09737259149551392,0.011506850831210613,-83.1777114868164,2.5455682277679443,-0.2550787627696991,0.010380529798567295,-92.03589630126953,0.9768108129501343,-0.3871651589870453,0.03126338869333267,-92.72101593017578,0.5680729150772095,-0.1652306318283081,0.011513203382492065
179,S6 relocate: high-relief,20,-93.99285125732422,3.01584792137146,-0.19970567524433136,0.021001461893320084,-88.3194580078125,1.602790355682373,-0.3010995388031006,0.013468842953443527,-94.3760986328125,0.6839661002159119,-0.32221725583076477,0.015090965665876865,-92.65865325927734,1.0301767587661743,-0.08234421163797379,0.012109402567148209
179,S6 relocate: high-relief,21,-79.32483673095703,2.1260311603546143,0.026866359636187553,0.06341566145420074,-104.36151885986328,1.5076813697814941,-0.1719895452260971,0.017650078982114792,-86.69253540039062,0.8527231812477112,-0.1515108197927475,0.022254066541790962,-90.59195709228516,0.7813313603401184,-0.05709252133965492,0.03595181182026863
179,S6 relocate: high-relief,22,-91.3639144897461,1.9000986814498901,-0.11176642775535583,0.021483078598976135,-92.8182144165039,0.4786032736301422,-0.03158630058169365,0.011730805039405823,-91.33361053466797,1.1304055452346802,-0.10532316565513611,0.04343239590525627,-94.6155776977539,0.6472064852714539,-0.224382221698761,0.025088917464017868
179,S7 compound extreme,0,-90.490234375,0.4405878484249115,-0.07180395722389221,0.012033799663186073,-90.8698959350586,1.4461181163787842,0.0013219391694292426,0.05855405330657959,-83.09651947021484,1.9182913303375244,0.6762664318084717,0.0470089465379715,-92.3678970336914,0.6627703905105591,0.13973979651927948,0.02551163360476494
179,S7 compound extreme,1,-100.54312133789062,1.3639447689056396,-0.19232769310474396,0.043293919414281845,-86.371337890625,1.80333411693573,-0.043716590851545334,0.03871767595410347,-93.0702896118164,0.23508155345916748,0.3848985731601715,0.017084483057260513,-96.01775360107422,0.7425145506858826,-0.06048719212412834,0.07905931770801544
179,S7 compound extreme,2,-90.65072631835938,0.5100380182266235,-0.0386306494474411,0.05543520301580429,-94.8424072265625,0.3806219696998596,-0.049275871366262436,0.025653740391135216,-85.6261215209961,1.602149248123169,0.4577251672744751,0.013501301407814026,-92.78337860107422,0.759458601474762,-0.07174200564622879,0.05304539576172829
179,S7 compound extreme,3,-91.0411376953125,0.656531572341919,-0.05293891951441765,0.03450402617454529,-92.27750396728516,0.29597029089927673,-0.04232703521847725,0.04488059878349304,-89.89656829833984,1.1816067695617676,-0.258083313703537,0.038388531655073166,-92.40756225585938,0.8069379329681396,-0.20251572132110596,0.034908097237348557
179,S7 compound extreme,4,-101.73540496826172,1.3747421503067017,-0.10359429568052292,0.012743932195007801,-94.3956298828125,0.7709712386131287,-0.2513175904750824,0.07139696180820465,-95.36618041992188,0.3313458561897278,-0.3305175304412842,0.01303001120686531,-95.4219741821289,0.8515916466712952,-0.2171165496110916,0.04248080775141716
179,S7 compound extreme,5,-95.95018768310547,1.8070566654205322,-0.1900293231010437,0.03512367606163025,-87.50814056396484,1.2549834251403809,-0.06078192964196205,0.033663060516119,-85.01891326904297,1.70175039768219,0.534417986869812,0.02336963452398777,-93.26531982421875,1.919503092765808,0.08815941214561462,0.07496624439954758
179,S7 compound extreme,6,-90.82633209228516,0.7551270723342896,-0.05503581091761589,0.06343859434127808,-94.615234375,0.1956988126039505,-0.05027690529823303,0.022281678393483162,-84.3902587890625,2.5012903213500977,0.5360861420631409,0.007084742188453674,-91.36624145507812,0.6102982759475708,-0.04680242761969566,0.0650646835565567
179,S7 compound extreme,7,-90.2278823852539,0.48202160000801086,-0.08037855476140976,0.05325101688504219,-92.7793960571289,0.2869708836078644,-0.09904655069112778,0.04536846652626991,-84.49939727783203,1.6039071083068848,0.39186444878578186,0.006008323282003403,-92.26810455322266,0.8978058099746704,-0.03761851415038109,0.0457589253783226
179,S7 compound extreme,8,-90.90179443359375,0.5775582194328308,-0.07892320305109024,0.015709206461906433,-85.32994842529297,2.790811538696289,-0.2592814862728119,0.056539587676525116,-86.59769439697266,1.851383090019226,0.40911272168159485,0.02476886473596096,-91.1951904296875,0.8264625668525696,0.05297519266605377,0.04590308666229248
179,S7 compound extreme,9,-90.2247314453125,1.4491865634918213,-0.08336123079061508,0.00936396885663271,-90.0395278930664,1.3664393424987793,-0.008098766207695007,0.046018145978450775,-84.9788818359375,2.4948928356170654,0.5949097275733948,0.03420780599117279,-91.27684783935547,1.925565242767334,0.08475283533334732,0.0930785983800888
179,S7 compound extreme,10,-92.78809356689453,0.5547332763671875,-0.11356255412101746,0.027565972879529,-96.53917694091797,1.4990447759628296,-0.06202821806073189,0.023382846266031265,-84.344970703125,2.45316743850708,0.2012537568807602,0.041007619351148605,-89.0663070678711,1.3027498722076416,0.12954948842525482,0.03385363891720772
179,S7 compound extreme,11,-89.75560760498047,0.20517988502979279,-0.029972219839692116,0.012556307949125767,-93.60224151611328,1.051809549331665,-0.011242736130952835,0.052374545484781265,-84.5953598022461,1.5097112655639648,0.2641797959804535,0.05119976028800011,-89.6563949584961,1.2844651937484741,0.12229928374290466,0.10677560418844223
179,S7 compound extreme,12,-94.283935546875,0.4123694598674774,-0.10051903873682022,0.012514295987784863,-91.43045806884766,1.777742624282837,-0.21821601688861847,0.049621086567640305,-84.93111419677734,2.200009346008301,0.4341623783111572,0.033400800079107285,-90.82748413085938,1.2096803188323975,0.11528760194778442,0.049881283193826675
179,S7 compound extreme,13,-92.638916015625,1.1690224409103394,-0.12798497080802917,0.01412578672170639,-89.7996597290039,1.4750711917877197,0.05295192077755928,0.045503564178943634,-84.9554214477539,2.4012439250946045,0.5014134049415588,0.043162524700164795,-89.4139633178711,1.0269880294799805,0.1718803197145462,0.08392134308815002
179,S7 compound extreme,14,-90.39715576171875,1.2200762033462524,-0.04850161448121071,0.020325159654021263,-96.6822738647461,1.341254472732544,-0.06734107434749603,0.028592482209205627,-84.86034393310547,2.7722244262695312,0.4026985466480255,0.016315313056111336,-90.71356964111328,0.34659767150878906,0.09445122629404068,0.05627216771245003
179,S7 compound extreme,15,-89.92110443115234,0.18853864073753357,-0.05348220095038414,0.04926495999097824,-89.73446655273438,0.9203506708145142,-0.04441598430275917,0.04148804768919945,-81.23836517333984,1.6882987022399902,0.42812207341194153,0.02302437461912632,-90.19495391845703,0.5810887813568115,0.06332068145275116,0.053406305611133575
179,S7 compound extreme,16,-91.79874420166016,0.5641400218009949,-0.08064708113670349,0.022580284625291824,-95.38404083251953,0.9846384525299072,-0.23760110139846802,0.053378913551568985,-84.98995971679688,1.5623754262924194,0.42883968353271484,0.03536764532327652,-90.32526397705078,1.292870044708252,0.04305148124694824,0.07098107039928436
179,S7 compound extreme,17,-97.74390411376953,3.494138717651367,-0.25499024987220764,0.028641866520047188,-89.29458618164062,1.3974368572235107,-0.08608275651931763,0.0851258859038353,-92.6406021118164,1.5288537740707397,-0.1315731406211853,0.020487572997808456,-91.8676528930664,0.4502606689929962,-0.13331063091754913,0.0169195719063282
179,S7 compound extreme,18,-88.61920166015625,1.2635918855667114,-0.013314628042280674,0.04915812984108925,-88.46881103515625,1.3599649667739868,-0.0932273268699646,0.028789415955543518,-83.91645050048828,2.5788450241088867,0.4855799674987793,0.010689531452953815,-91.62618255615234,0.3677825629711151,0.0326044075191021,0.006564011797308922
179,S7 compound extreme,19,-93.54149627685547,1.2770366668701172,-0.04060046747326851,0.06138419732451439,-91.631591796875,0.6453051567077637,-0.19580602645874023,0.057456642389297485,-90.76334381103516,1.1348421573638916,-0.3556009829044342,0.05066024139523506,-90.81720733642578,0.7195833921432495,-0.18985982239246368,0.022916199639439583
179,S7 compound extreme,20,-99.06281280517578,1.3135344982147217,-0.18636102974414825,0.009339140728116035,-91.81441497802734,0.6944462060928345,-0.23248238861560822,0.0452568493783474,-96.1170654296875,0.6047752499580383,-0.2964283525943756,0.03018636256456375,-94.46886444091797,0.524074137210846,-0.16871137917041779,0.0077030775137245655
179,S7 compound extreme,21,-82.64227294921875,1.1732083559036255,-0.056711941957473755,0.04032242298126221,-101.50728607177734,0.8359179496765137,-0.20277248322963715,0.04059010371565819,-87.11288452148438,1.272863507270813,-0.14406093955039978,0.019860900938510895,-93.15084075927734,0.5802009105682373,-0.1450110226869583,0.027108455076813698
179,S7 compound extreme,22,-91.7825927734375,1.3348058462142944,-0.09788501262664795,0.028225772082805634,-94.1270751953125,0.2566388249397278,-0.061177585273981094,0.016504207625985146,-88.90340423583984,1.623837947845459,-0.1559661626815796,0.031346820294857025,-92.9910659790039,0.6105777025222778,-0.17196042835712433,0.009880580008029938
179,S8 pyro-feedback ON,0,-88.16455078125,0.8642627000808716,-0.05749816074967384,0.015113793313503265,-90.0494613647461,1.6233662366867065,-0.03842928633093834,0.03448665142059326,-86.7734375,0.900542676448822,-0.03784285858273506,0.04031148925423622,-91.23589324951172,0.6825739741325378,0.10734973102807999,0.012233949266374111
179,S8 pyro-feedback ON,1,-93.07903289794922,2.595550298690796,-0.2022145390510559,0.01519211195409298,-85.92850494384766,1.3204394578933716,-0.19107651710510254,0.025883544236421585,-93.02691650390625,0.2795328199863434,0.2817956507205963,0.023066803812980652,-93.2412338256836,0.6311587691307068,-0.1276359111070633,0.0187239870429039
179,S8 pyro-feedback ON,2,-88.79170989990234,1.3890610933303833,-0.07453090697526932,0.045680511742830276,-92.7860107421875,0.10713939368724823,-0.09544374793767929,0.0447554886341095,-88.46044158935547,0.6032147407531738,-0.050967928022146225,0.042056623846292496,-92.52825927734375,0.5882201194763184,-0.19928276538848877,0.04045119509100914
179,S8 pyro-feedback ON,3,-89.37747192382812,1.424475073814392,-0.10795918852090836,0.019313255324959755,-90.11688232421875,0.5760744214057922,-0.16781358420848846,0.010858639143407345,-90.8383560180664,0.9569740891456604,-0.2706751227378845,0.016781706362962723,-94.38971710205078,0.8012197017669678,-0.22771398723125458,0.0190846249461174
179,S8 pyro-feedback ON,4,-94.85424041748047,3.7788197994232178,-0.15732276439666748,0.02845611423254013,-94.8650131225586,0.7237841486930847,-0.4717518389225006,0.035182543098926544,-94.46344757080078,0.4201972186565399,-0.3323931097984314,0.014321786351501942,-95.0517578125,0.8822832107543945,-0.16637901961803436,0.01353080477565527
179,S8 pyro-feedback ON,5,-96.13899993896484,1.3029321432113647,-0.20120792090892792,0.027381936088204384,-84.6783676147461,1.9107292890548706,-0.15879970788955688,0.020323215052485466,-84.92337799072266,0.8304812908172607,-0.017144478857517242,0.027501164004206657,-88.65113067626953,0.825029730796814,-0.007017539814114571,0.007713207975029945
179,S8 pyro-feedback ON,6,-88.97198486328125,0.32947346568107605,-0.09570126980543137,0.038004498928785324,-93.67974853515625,1.0432287454605103,-0.1366729438304901,0.015137399546802044,-90.85639190673828,0.7592736482620239,-0.11815112829208374,0.01676558330655098,-91.60540008544922,0.37561166286468506,-0.19421030580997467,0.025754841044545174
179,S8 pyro-feedback ON,7,-89.2665786743164,0.9692668318748474,-0.10542383790016174,0.01427336223423481,-91.68688201904297,0.6959444880485535,-0.19611604511737823,0.02279132790863514,-91.84246826171875,0.9510277509689331,-0.2925075590610504,0.01921432465314865,-92.4075927734375,0.9649592638015747,-0.23229940235614777,0.01941877231001854
179,S8 pyro-feedback ON,8,-90.23436737060547,0.32683154940605164,-0.11096242070198059,0.04568742215633392,-92.8751449584961,1.7064921855926514,-0.362076997756958,0.009984798729419708,-90.62842559814453,0.7180167436599731,-0.21221427619457245,0.024578915908932686,-92.90985107421875,1.1450786590576172,-0.09677636623382568,0.02513555809855461
179,S8 pyro-feedback ON,9,-89.58771514892578,1.3715027570724487,-0.0941181480884552,0.024927468970417976,-87.11233520507812,0.8400217294692993,-0.0529513955116272,0.029145359992980957,-84.23059844970703,2.2763044834136963,0.07499654591083527,0.03130565956234932,-89.94214630126953,1.1090370416641235,0.1220293715596199,0.07115662097930908
179,S8 pyro-feedback ON,10,-90.53685760498047,0.3455989360809326,-0.13751806318759918,0.0039062106516212225,-94.198486328125,1.2748833894729614,-0.07092734426259995,0.030962064862251282,-89.24272918701172,0.11735077947378159,-0.10407578200101852,0.01629398763179779,-89.39794921875,0.9560865759849548,-0.02209317497909069,0.02894209325313568
179,S8 pyro-feedback ON,11,-88.83819580078125,1.8209619522094727,-0.03477809205651283,0.01220723893493414,-89.10245513916016,0.3433898091316223,0.040624652057886124,0.05827276036143303,-89.41802215576172,0.07072902470827103,-0.07184544950723648,0.030770298093557358,-86.18476104736328,1.2281558513641357,0.15922971069812775,0.04593495652079582
179,S8 pyro-feedback ON,12,-92.02814483642578,0.296761691570282,-0.09212610125541687,0.01669156365096569,-84.98941040039062,2.7108047008514404,-0.2648012936115265,0.023161575198173523,-87.90435028076172,1.354725956916809,-0.14120176434516907,0.026393456384539604,-91.61530303955078,0.700965404510498,0.012796864844858646,0.01796833984553814
179,S8 pyro-feedback ON,13,-90.4869613647461,0.3057480454444885,-0.11025809496641159,0.03028596006333828,-88.49819946289062,1.418384313583374,-0.007612708956003189,0.035298630595207214,-83.1319580078125,2.1875803470611572,0.5137541890144348,0.03428863361477852,-87.6483154296875,0.300656795501709,0.14915624260902405,0.03469512239098549
179,S8 pyro-feedback ON,14,-88.98494720458984,1.1554023027420044,-0.07356756925582886,0.009495846927165985,-94.93155670166016,1.112366795539856,-0.08240135759115219,0.03506823256611824,-89.8313980102539,0.5980949997901917,-0.0732010081410408,0.03270019218325615,-90.26712799072266,0.7452788352966309,-0.024573808535933495,0.0342460535466671
179,S8 pyro-feedback ON,15,-88.75582122802734,1.8690565824508667,-0.0652744397521019,0.021237583830952644,-85.00820922851562,1.4055826663970947,-0.07313814014196396,0.05568721517920494,-88.0764389038086,0.7384997010231018,-0.25244057178497314,0.04809121415019035,-91.09236907958984,0.44375845789909363,-0.1324150264263153,0.01882277801632881
179,S8 pyro-feedback ON,16,-90.47310638427734,1.14247727394104,-0.0771651566028595,0.03128121793270111,-88.85336303710938,1.9491748809814453,-0.32646143436431885,0.021584011614322662,-88.84896850585938,0.2842426896095276,0.4225073754787445,0.03324571251869202,-90.91011810302734,0.3860614001750946,0.002416933188214898,0.010466906242072582
179,S8 pyro-feedback ON,17,-97.49419403076172,3.026867151260376,-0.2542587220668793,0.033109717071056366,-88.822998046875,1.1501694917678833,-0.05415186285972595,0.061335425823926926,-89.77982330322266,1.3347196578979492,-0.10278365015983582,0.018537728115916252,-94.43668365478516,0.6436623930931091,-0.10990995168685913,0.03337189182639122
179,S8 pyro-feedback ON,18,-89.21070098876953,1.622633695602417,-0.10208802670240402,0.016978858038783073,-86.88477325439453,1.9113109111785889,-0.1260204315185547,0.02331848256289959,-89.3160400390625,1.9886609315872192,-0.12769360840320587,0.012922687456011772,-92.40792846679688,0.77605140209198,-0.1199670061469078,0.017101559787988663
179,S8 pyro-feedback ON,19,-89.85547637939453,2.00852632522583,-0.09777724742889404,0.006572911981493235,-82.7409439086914,2.4382095336914062,-0.23770521581172943,0.005871298257261515,-91.18895721435547,0.4901127815246582,-0.36410441994667053,0.03638864681124687,-92.81842041015625,0.5508910417556763,-0.16372595727443695,0.012739052064716816
179,S8 pyro-feedback ON,20,-92.35179901123047,2.670738697052002,-0.13556025922298431,0.029827596619725227,-88.35689544677734,1.2617374658584595,-0.28546881675720215,0.013644401915371418,-94.7214584350586,0.8671814799308777,-0.3138456642627716,0.02579910308122635,-93.96127319335938,0.8080751895904541,-0.09857389330863953,0.005985504947602749
179,S8 pyro-feedback ON,21,-78.5362548828125,1.9050300121307373,0.038712237030267715,0.053627364337444305,-104.1981430053711,1.4512860774993896,-0.16816659271717072,0.017399132251739502,-89.6209716796875,1.5513255596160889,-0.15501783788204193,0.020883694291114807,-92.00066375732422,0.6772459149360657,-0.07360830157995224,0.032485008239746094
179,S8 pyro-feedback ON,22,-92.03095245361328,1.851961612701416,-0.12545061111450195,0.030150795355439186,-91.66116333007812,0.8151202201843262,-0.001433475292287767,0.007276260759681463,-90.43375396728516,0.855022668838501,-0.07736822217702866,0.033280715346336365,-93.66014862060547,0.23596830666065216,-0.19680850207805634,0.0167388953268528
180,S0 baseline,0,-92.8473892211914,0.9965031147003174,-0.15027229487895966,0.05119136720895767,-90.44954681396484,0.3196708559989929,-0.1531647890806198,0.036964789032936096,-92.53264617919922,0.6915091276168823,-0.1903231143951416,0.014252770692110062,-93.18865966796875,0.14583571255207062,-0.19997574388980865,0.022522814571857452
180,S0 baseline,1,-99.9271240234375,1.4053012132644653,-0.33473968505859375,0.008009769953787327,-98.78667449951172,1.2379776239395142,-0.3082515001296997,0.01927373558282852,-89.79864501953125,1.8908042907714844,-0.21399928629398346,0.008775181137025356,-91.649169921875,0.4974239766597748,-0.22851897776126862,0.0049362340942025185
180,S0 baseline,2,-93.44513702392578,0.7059723138809204,-0.23128636181354523,0.009313666261732578,-91.74163818359375,0.9435750842094421,-0.213426411151886,0.03771220147609711,-91.34444427490234,1.1874216794967651,-0.27930477261543274,0.0017466250574216247,-93.6431655883789,0.1761796772480011,-0.33946022391319275,0.012908940203487873
180,S0 baseline,3,-93.6626205444336,0.5570336580276489,-0.19642026722431183,0.025122152641415596,-93.32684326171875,0.14952042698860168,-0.2302161008119583,0.04091770201921463,-92.2408218383789,1.277683973312378,-0.21398203074932098,0.01874392479658127,-94.1518325805664,0.13084542751312256,-0.2479589432477951,0.009016778320074081
180,S0 baseline,4,-93.86703491210938,2.2299559116363525,-0.15865617990493774,0.026799246668815613,-97.95291900634766,0.5126008987426758,-0.1654542237520218,0.035747453570365906,-91.24414825439453,1.7924058437347412,-0.17453761398792267,0.006805258337408304,-92.12997436523438,0.24711206555366516,-0.19195742905139923,0.020953930914402008
180,S0 baseline,5,-91.95149993896484,0.5891887545585632,-0.1998148113489151,0.009766347706317902,-90.97833251953125,1.2464439868927002,-0.10694839805364609,0.005262888502329588,-90.26619720458984,1.4660160541534424,-0.15580792725086212,0.0029531698673963547,-91.34134674072266,0.22977790236473083,-0.13334442675113678,0.010836812667548656
180,S0 baseline,6,-92.96688079833984,0.10619667917490005,-0.23559916019439697,0.007176824379712343,-92.98421478271484,0.5652647614479065,-0.15034474432468414,0.012040519155561924,-91.47208404541016,0.5094914436340332,-0.1660478562116623,0.02225860208272934,-92.1697998046875,0.345081627368927,-0.3468988835811615,0.019231930375099182
180,S0 baseline,7,-93.82650756835938,0.8302857875823975,-0.16162355244159698,0.019322486594319344,-91.9972915649414,0.5152388215065002,-0.10843759775161743,0.01968958228826523,-93.2247085571289,0.25942733883857727,-0.2266640067100525,0.015148816630244255,-92.8207778930664,0.19679664075374603,-0.18881535530090332,0.022383298724889755
180,S0 baseline,8,-91.31658172607422,0.3190576434135437,-0.07996322959661484,0.02590949833393097,-88.09293365478516,0.43895187973976135,-0.00040240524685941637,0.01683815009891987,-92.62757110595703,0.2612494230270386,-0.08138713240623474,0.021464280784130096,-92.630859375,0.538136899471283,-0.011082015931606293,0.028484923765063286
180,S0 baseline,9,-91.95272064208984,0.5773541927337646,-0.19053761661052704,0.008494620211422443,-90.99765014648438,1.255999207496643,-0.16572153568267822,0.019675027579069138,-90.15178680419922,1.5919814109802246,-0.1562509685754776,0.017065126448869705,-91.11465454101562,0.5364530086517334,-0.17437295615673065,0.008697609417140484
180,S0 baseline,10,-94.77433013916016,0.37002551555633545,-0.2956622540950775,0.00837722048163414,-92.65679168701172,0.4196242690086365,-0.07598159462213516,0.026751423254609108,-93.41305541992188,0.6892508268356323,-0.1736786812543869,0.03271915391087532,-93.6266860961914,0.5490835905075073,-0.4832814931869507,0.0014273186679929495
180,S0 baseline,11,-93.78534698486328,0.37717488408088684,-0.14570778608322144,0.016746262088418007,-91.52632904052734,0.25721198320388794,-0.17371873557567596,0.05097796022891998,-92.6832046508789,0.22175858914852142,-0.2522256076335907,0.017964480444788933,-92.56338500976562,0.22673191130161285,-0.18638499081134796,0.020847415551543236
180,S0 baseline,12,-92.3106918334961,0.5523844957351685,-0.17707671225070953,0.0354447215795517,-93.65839385986328,0.7718186378479004,-0.31040850281715393,0.00796368345618248,-96.91970825195312,0.8777076005935669,-0.30673280358314514,0.029788831248879433,-94.0107650756836,0.32428091764450073,-0.16518045961856842,0.015453753061592579
180,S0 baseline,13,-85.6531753540039,0.6619850397109985,0.015027795918285847,0.013303769752383232,-81.20024871826172,1.1679350137710571,0.07715459913015366,0.023576512932777405,-90.8038101196289,0.24507316946983337,-0.10316190123558044,0.048263683915138245,-78.30233001708984,2.044153928756714,0.10578685998916626,0.018803315237164497
180,S0 baseline,14,-93.43649291992188,0.814915120601654,-0.22397851943969727,0.020795831456780434,-93.9935073852539,0.6945323944091797,-0.08273959904909134,0.03280213102698326,-88.45394134521484,0.4827061891555786,-0.09097439795732498,0.0201328806579113,-94.01187896728516,0.1710919886827469,-0.3248656094074249,0.01638924889266491
180,S0 baseline,15,-97.57974243164062,1.2354360818862915,-0.1998535394668579,0.002638493198901415,-84.52281951904297,0.897405207157135,0.04652683809399605,0.00468618655577302,-93.64715576171875,0.8507493734359741,-0.13921014964580536,0.048688940703868866,-89.8177261352539,0.2958679795265198,-0.04955487325787544,0.06968283653259277
180,S0 baseline,16,-91.96314239501953,0.9240968227386475,-0.1550164520740509,0.020232222974300385,-89.9076919555664,1.3891770839691162,-0.14274637401103973,0.013414567336440086,-93.20610809326172,0.43037402629852295,-0.16567416489124298,0.0318823903799057,-93.33345794677734,0.510925829410553,-0.1892751306295395,0.012121481820940971
180,S0 baseline,17,-94.20667266845703,0.2561262249946594,-0.3313962519168854,0.014175004325807095,-87.61478424072266,1.7002514600753784,-0.0476805604994297,0.02490811049938202,-91.4031982421875,0.7486212849617004,-0.17904770374298096,0.02249569445848465,-92.6512680053711,0.5809181332588196,-0.19436432421207428,0.009134193882346153
180,S0 baseline,18,-94.27584838867188,0.4925699234008789,-0.25049594044685364,0.023437099531292915,-94.8301773071289,0.7542244791984558,-0.15956836938858032,0.011646722443401814,-92.10924530029297,0.9158472418785095,-0.2400084286928177,0.018241966143250465,-94.28406524658203,0.7454184889793396,-0.42093217372894287,0.012498795986175537
180,S0 baseline,19,-97.23990631103516,0.31689032912254333,-0.1879030019044876,0.0243171788752079,-93.45482635498047,0.27317339181900024,-0.166922464966774,0.05291245877742767,-93.63871002197266,0.6577981114387512,-0.24802915751934052,0.014760074205696583,-94.1683578491211,0.48399561643600464,-0.11018142104148865,0.01736910454928875
180,S0 baseline,20,-92.51203155517578,0.9543982744216919,-0.1885092407464981,0.004751909989863634,-93.4778060913086,0.27259114384651184,-0.16429488360881805,0.011815265752375126,-95.70751190185547,0.6544390916824341,-0.16545410454273224,0.011220350861549377,-93.611572265625,0.52663654088974,-0.08282426744699478,0.012142975814640522
180,S0 baseline,21,-92.5613021850586,0.6524176001548767,-0.2638661563396454,0.026281051337718964,-91.61475372314453,1.2654953002929688,-0.11388228088617325,0.023958005011081696,-92.60870361328125,0.2741324305534363,-0.09827976673841476,0.010135173797607422,-93.01184844970703,0.07745472341775894,-0.0940793976187706,0.014427673071622849
180,S1 wind +20%,0,-92.91272735595703,0.9454663991928101,-0.1442410796880722,0.07350292801856995,-90.86609649658203,0.5653892159461975,-0.16823172569274902,0.026827652007341385,-92.63760375976562,0.9815412163734436,-0.1903231143951416,0.014252770692110062,-93.56688690185547,0.12158606946468353,-0.2025291919708252,0.024611325934529305
180,S1 wind +20%,1,-99.81977081298828,1.336010456085205,-0.3322136104106903,0.0073874215595424175,-98.05233764648438,0.9675979018211365,-0.2615317106246948,0.013136828318238258,-90.11279296875,1.8967370986938477,-0.20995359122753143,0.005736498162150383,-91.64176177978516,0.44268378615379333,-0.22752989828586578,0.0061963628977537155
180,S1 wind +20%,2,-93.28076171875,0.6039347648620605,-0.21744823455810547,0.0032172356732189655,-91.2440185546875,1.1233173608779907,-0.20947343111038208,0.04030555486679077,-91.3783950805664,1.3633054494857788,-0.29141271114349365,0.009982157498598099,-93.17166900634766,0.2331346571445465,-0.30571886897087097,0.015112259425222874
180,S1 wind +20%,3,-93.63580322265625,0.5759491920471191,-0.18813075125217438,0.017450639978051186,-92.20113372802734,0.575853705406189,-0.23246006667613983,0.040509458631277084,-92.33218383789062,1.1935840845108032,-0.21464376151561737,0.02118697203695774,-93.14794158935547,0.4396631717681885,-0.22128088772296906,0.014450650662183762
180,S1 wind +20%,4,-93.81210327148438,2.306919574737549,-0.15476888418197632,0.03025331161916256,-98.21131134033203,0.49292945861816406,-0.16997003555297852,0.028810329735279083,-91.4979476928711,1.4353355169296265,-0.175831139087677,0.008633359335362911,-92.60526275634766,0.394412636756897,-0.1949947476387024,0.017729775980114937
180,S1 wind +20%,5,-91.95149993896484,0.5891887545585632,-0.2047952562570572,0.00893673300743103,-91.0239028930664,1.3002005815505981,-0.08335579186677933,0.005200386978685856,-90.16483306884766,1.3385629653930664,-0.15931367874145508,0.006400797516107559,-90.51889038085938,0.4581960439682007,-0.13402768969535828,0.010322138667106628
180,S1 wind +20%,6,-92.8836441040039,0.027438238263130188,-0.21287184953689575,0.020478978753089905,-92.98421478271484,0.5652647614479065,-0.15034474432468414,0.012040519155561924,-91.30361938476562,0.42019134759902954,-0.168567955493927,0.019383791834115982,-91.9775161743164,0.35725635290145874,-0.3268967866897583,0.023434123024344444
180,S1 wind +20%,7,-94.02530670166016,0.5923603177070618,-0.16162355244159698,0.019322486594319344,-91.9363784790039,0.4579351246356964,-0.10910407453775406,0.017402537167072296,-93.5262222290039,0.2593096196651459,-0.22941988706588745,0.018929284065961838,-93.17111206054688,0.15131360292434692,-0.20330959558486938,0.01304814126342535
180,S1 wind +20%,8,-91.62024688720703,0.2196076214313507,-0.07632395625114441,0.024236906319856644,-88.03202056884766,0.35697340965270996,-0.004552812781184912,0.009858574718236923,-92.57880401611328,0.3064004182815552,-0.08138713240623474,0.021464280784130096,-92.6046371459961,0.5227664113044739,0.00039940947317518294,0.03876953199505806
180,S1 wind +20%,9,-92.0340805053711,0.5008833408355713,-0.19619429111480713,0.006634669844061136,-90.99765014648438,1.255999207496643,-0.16572153568267822,0.019675027579069138,-90.92896270751953,1.7184715270996094,-0.16528744995594025,0.011694015935063362,-91.15409088134766,0.480722576379776,-0.17437295615673065,0.008697609417140484
180,S1 wind +20%,10,-94.77877044677734,0.46821334958076477,-0.2806430459022522,0.006092153023928404,-92.57373809814453,0.5108302235603333,-0.0734434723854065,0.030340421944856644,-93.26656341552734,0.6837851405143738,-0.18181993067264557,0.034091345965862274,-93.53812408447266,0.4129284620285034,-0.44457384943962097,0.021788960322737694
180,S1 wind +20%,11,-93.49629974365234,0.3793396055698395,-0.10353083163499832,0.0261040311306715,-91.63763427734375,0.21091030538082123,-0.17435258626937866,0.046857286244630814,-92.93254852294922,0.017117878422141075,-0.25619837641716003,0.021345509216189384,-93.3305892944336,0.09644151479005814,-0.1924028843641281,0.015536499209702015
180,S1 wind +20%,12,-92.3566665649414,0.881331205368042,-0.17308659851551056,0.03610319644212723,-93.65839385986328,0.7718186378479004,-0.30819639563560486,0.0082861864939332,-96.8792953491211,0.8118258118629456,-0.30643191933631897,0.030015887692570686,-93.955810546875,0.3517096936702728,-0.16228647530078888,0.014940687455236912
180,S1 wind +20%,13,-85.78009796142578,0.8378984928131104,0.015027795918285847,0.013303769752383232,-80.52261352539062,1.2274909019470215,0.1311279684305191,0.010421951301395893,-90.7103271484375,0.32414814829826355,-0.09999731183052063,0.044174302369356155,-78.20343780517578,1.935453176498413,0.09845373779535294,0.016373271122574806
180,S1 wind +20%,14,-93.49275970458984,0.7368643283843994,-0.22150278091430664,0.018658719956874847,-93.9935073852539,0.6945323944091797,-0.08426320552825928,0.03612831234931946,-88.47814178466797,0.48258352279663086,-0.10273218154907227,0.026448016986250877,-94.4717025756836,0.345503032207489,-0.33754611015319824,0.020445488393306732
180,S1 wind +20%,15,-97.62332916259766,1.2939506769180298,-0.19362173974514008,0.0017686592182144523,-84.48220825195312,0.8763548135757446,0.10339131206274033,0.016055991873145103,-93.55738067626953,0.9677549600601196,-0.14114190638065338,0.045114271342754364,-89.70722198486328,0.2586541473865509,-0.04804893210530281,0.06935203820466995
180,S1 wind +20%,16,-91.9237060546875,0.9200435280799866,-0.1498071402311325,0.019820258021354675,-89.9076919555664,1.3891770839691162,-0.14274637401103973,0.013414567336440086,-93.1341552734375,0.3693358898162842,-0.1645665317773819,0.03329387679696083,-93.18441009521484,0.49549299478530884,-0.1808396577835083,0.01098109595477581
180,S1 wind +20%,17,-94.25443267822266,0.22665521502494812,-0.3342525064945221,0.014932110905647278,-89.85775756835938,1.6388912200927734,-0.0401960127055645,0.02224738709628582,-92.8664321899414,0.7494292855262756,-0.19686265289783478,0.014057272113859653,-92.7951889038086,0.603259801864624,-0.19614452123641968,0.008205491118133068
180,S1 wind +20%,18,-94.27584838867188,0.4925699234008789,-0.2442461997270584,0.02557731233537197,-94.98326873779297,0.8654493689537048,-0.1561761200428009,0.01409235317260027,-92.10924530029297,0.9158472418785095,-0.24813278019428253,0.01634569838643074,-94.11917114257812,0.8100614547729492,-0.4091736376285553,0.018823547288775444
180,S1 wind +20%,19,-98.70951080322266,0.8267583250999451,-0.18648667633533478,0.028688330203294754,-93.377197265625,0.18750837445259094,-0.1675618439912796,0.053491782397031784,-93.63871002197266,0.6577981114387512,-0.25003501772880554,0.015835892409086227,-93.03924560546875,0.15668019652366638,-0.08722150325775146,0.023977480828762054
180,S1 wind +20%,20,-92.5832748413086,0.9533300995826721,-0.19269555807113647,0.006267259828746319,-93.4887466430664,0.3735772669315338,-0.13234259188175201,0.03376816585659981,-95.81607055664062,0.732538640499115,-0.16228951513767242,0.009920180775225163,-93.611572265625,0.52663654088974,-0.0809185579419136,0.011293841525912285
180,S1 wind +20%,21,-92.5613021850586,0.6524176001548767,-0.26505807042121887,0.0255338866263628,-91.61475372314453,1.2654953002929688,-0.10729014128446579,0.024277541786432266,-92.57344818115234,0.20411385595798492,-0.09827976673841476,0.010135173797607422,-93.01184844970703,0.07745472341775894,-0.09674320369958878,0.01490839570760727
180,S2 heatwave +5K,0,-90.9456787109375,0.9394214153289795,-0.1427362710237503,0.0471610389649868,-89.24359893798828,1.1634398698806763,-0.1531647890806198,0.036964789032936096,-92.43827056884766,0.7345955967903137,-0.19682788848876953,0.006918526720255613,-93.0927734375,0.20979294180870056,-0.19344617426395416,0.022991802543401718
180,S2 heatwave +5K,1,-99.7923812866211,1.5474849939346313,-0.33188769221305847,0.009976093657314777,-97.39682006835938,1.3611375093460083,-0.2914460599422455,0.035417959094047546,-89.30423736572266,1.9230186939239502,-0.2046983689069748,0.004680941812694073,-91.78913116455078,0.31986483931541443,-0.2324228733778,0.0007150507299229503
180,S2 heatwave +5K,2,-93.44513702392578,0.7059723138809204,-0.23128636181354523,0.009313666261732578,-91.74163818359375,0.9435750842094421,-0.213426411151886,0.03771220147609711,-91.15245819091797,1.2578402757644653,-0.27217063307762146,0.0018948896322399378,-93.1645736694336,0.33199185132980347,-0.32894906401634216,0.012630786746740341
180,S2 heatwave +5K,3,-93.6626205444336,0.5570336580276489,-0.19642026722431183,0.025122152641415596,-93.32684326171875,0.14952042698860168,-0.2302161008119583,0.04091770201921463,-92.048828125,1.4349488019943237,-0.20551688969135284,0.017840439453721046,-94.1518325805664,0.13084542751312256,-0.2479589432477951,0.009016778320074081
180,S2 heatwave +5K,4,-94.58346557617188,2.0951218605041504,-0.1710113137960434,0.021686987951397896,-97.95291900634766,0.5126008987426758,-0.1546459048986435,0.037867624312639236,-90.8432846069336,1.8732069730758667,-0.1753302663564682,0.005047210492193699,-92.14801788330078,0.21451501548290253,-0.2075623720884323,0.017892638221383095
180,S2 heatwave +5K,5,-91.77320098876953,0.6627160906791687,-0.18967615067958832,0.006340694613754749,-91.31026458740234,1.222385048866272,-0.17445975542068481,0.01725204847753048,-89.8196792602539,1.4701513051986694,-0.171608567237854,0.012583720497786999,-92.11761474609375,0.2554027736186981,-0.18338584899902344,0.015192469581961632
180,S2 heatwave +5K,6,-92.99520874023438,0.09335608780384064,-0.23274731636047363,0.0037543214857578278,-93.19881439208984,0.7971108555793762,-0.15034474432468414,0.012040519155561924,-91.38410186767578,0.5257799625396729,-0.16844896972179413,0.022650867700576782,-92.00579071044922,0.3475039005279541,-0.34361472725868225,0.019269397482275963
180,S2 heatwave +5K,7,-93.85464477539062,0.9558887481689453,-0.1802721619606018,0.010800069198012352,-92.351318359375,0.5111839175224304,-0.14973120391368866,0.012275372631847858,-92.92093658447266,0.11554526537656784,-0.23324327170848846,0.01049783080816269,-92.35946655273438,0.43730777502059937,-0.20284532010555267,0.018287211656570435
180,S2 heatwave +5K,8,-91.6891860961914,0.13188870251178741,-0.0921105146408081,0.015217050909996033,-88.42031860351562,0.2986903786659241,-0.03826598450541496,0.014713101089000702,-92.2267074584961,0.18483996391296387,-0.08320672810077667,0.023863038048148155,-91.99262237548828,0.2788534164428711,-0.02515566162765026,0.03710874915122986
180,S2 heatwave +5K,9,-92.10430908203125,0.7390241026878357,-0.2040746957063675,0.008420901373028755,-90.99765014648438,1.255999207496643,-0.18434850871562958,0.016785461455583572,-89.87516021728516,1.6237432956695557,-0.1640431135892868,0.01339202281087637,-90.7436294555664,0.24172677099704742,-0.18137919902801514,0.009002532809972763
180,S2 heatwave +5K,10,-93.28558349609375,0.62751305103302,-0.2739095687866211,0.01346191018819809,-92.90524291992188,0.2570536434650421,-0.11612006276845932,0.025375504046678543,-93.21444702148438,0.681015133857727,-0.1937531977891922,0.014657384715974331,-92.40966796875,0.5603638291358948,-0.5217232704162598,0.008189331740140915
180,S2 heatwave +5K,11,-94.47628784179688,0.6037418246269226,-0.16458655893802643,0.018301991745829582,-91.52632904052734,0.25721198320388794,-0.17371873557567596,0.05097796022891998,-92.72896575927734,0.2273835837841034,-0.2539623975753784,0.01942572556436062,-91.8994369506836,0.18077509105205536,-0.19142484664916992,0.006375671364367008
180,S2 heatwave +5K,12,-91.96883392333984,0.7188751101493835,-0.15221475064754486,0.03872637450695038,-93.87299346923828,0.870866596698761,-0.30957305431365967,0.006782147102057934,-96.29141998291016,0.8597745895385742,-0.3154672384262085,0.03184511139988899,-93.53551483154297,0.49248722195625305,-0.18609781563282013,0.015183570794761181
180,S2 heatwave +5K,13,-87.3299789428711,0.6104310154914856,-0.00823140237480402,0.01275727804750204,-81.20024871826172,1.1679350137710571,0.02488115429878235,0.05953217297792435,-90.53411102294922,0.30012333393096924,-0.11118841171264648,0.04886811599135399,-78.9927749633789,1.4942456483840942,-0.18405039608478546,0.05344579368829727
180,S2 heatwave +5K,14,-93.63216400146484,0.48280438780784607,-0.21834252774715424,0.021689921617507935,-93.9935073852539,0.6945323944091797,-0.08273959904909134,0.03280213102698326,-88.53531646728516,0.5863704085350037,-0.09311943501234055,0.02545901946723461,-93.64807891845703,0.15356802940368652,-0.3142905533313751,0.020312480628490448
180,S2 heatwave +5K,15,-95.5900650024414,1.3248176574707031,-0.15295888483524323,0.020288337022066116,-84.95557403564453,1.1910805702209473,0.03370325639843941,0.011155029758810997,-93.36139678955078,0.8856005072593689,-0.15448123216629028,0.039348628371953964,-89.61312866210938,0.5006462335586548,-0.06528577953577042,0.07789406925439835
180,S2 heatwave +5K,16,-91.96314239501953,0.9240968227386475,-0.15259553492069244,0.014463054947555065,-89.84394073486328,1.4332400560379028,-0.15283040702342987,0.016698872670531273,-93.04500579833984,0.5415092706680298,-0.17121438682079315,0.03413168713450432,-93.3613510131836,0.4828053414821625,-0.19955195486545563,0.00847882404923439
180,S2 heatwave +5K,17,-94.20667266845703,0.2561262249946594,-0.3352861702442169,0.017613638192415237,-87.5510482788086,1.750964641571045,-0.052322160452604294,0.029015202075242996,-91.45404815673828,0.6794511675834656,-0.19116003811359406,0.029282649978995323,-92.6512680053711,0.5809181332588196,-0.1959272176027298,0.007281742990016937
180,S2 heatwave +5K,18,-94.27584838867188,0.4925699234008789,-0.25609371066093445,0.019508162513375282,-94.77884674072266,0.7600336074829102,-0.15793035924434662,0.01356656663119793,-92.271484375,0.8854289054870605,-0.24891085922718048,0.017295025289058685,-94.28697967529297,0.7414134740829468,-0.43032121658325195,0.007173814345151186
180,S2 heatwave +5K,19,-97.38597869873047,0.6855547428131104,-0.18696177005767822,0.024449137970805168,-93.45482635498047,0.27317339181900024,-0.16493721306324005,0.05255104601383209,-93.38248443603516,0.6162371039390564,-0.2554549276828766,0.01574144884943962,-94.44966888427734,0.5598737597465515,-0.17029468715190887,0.00862205307930708
180,S2 heatwave +5K,20,-92.60479736328125,1.0556743144989014,-0.19239914417266846,0.008199184201657772,-93.7901840209961,0.3120971918106079,-0.2149897664785385,0.011179829016327858,-95.69366455078125,0.645072877407074,-0.17631864547729492,0.01596039906144142,-94.06695556640625,0.5791385173797607,-0.15233781933784485,0.018853606656193733
180,S2 heatwave +5K,21,-92.63362884521484,0.557263970375061,-0.26775607466697693,0.029455289244651794,-91.80541229248047,1.1614004373550415,-0.13171236217021942,0.020074637606739998,-92.6208724975586,0.26279759407043457,-0.11888016015291214,0.008023848757147789,-93.24138641357422,0.16572217643260956,-0.13739530742168427,0.009408693760633469
180,S3 drying RH -30%,0,-92.8473892211914,0.9965031147003174,-0.15027229487895966,0.05119136720895767,-89.24359893798828,1.1634398698806763,-0.1531647890806198,0.036964789032936096,-92.46725463867188,0.6982337236404419,-0.19466082751750946,0.010865563526749611,-93.0927734375,0.20979294180870056,-0.19837652146816254,0.024764293804764748
180,S3 drying RH -30%,1,-99.9271240234375,1.4053012132644653,-0.33473968505859375,0.008009769953787327,-98.78667449951172,1.2379776239395142,-0.3082515001296997,0.01927373558282852,-89.60665130615234,2.0591981410980225,-0.20262384414672852,0.00196204986423254,-91.649169921875,0.4974239766597748,-0.22851897776126862,0.0049362340942025185
180,S3 drying RH -30%,2,-93.44513702392578,0.7059723138809204,-0.23128636181354523,0.009313666261732578,-91.74163818359375,0.9435750842094421,-0.213426411151886,0.03771220147609711,-91.15245819091797,1.2578402757644653,-0.27217063307762146,0.0018948896322399378,-93.1645736694336,0.33199185132980347,-0.32894906401634216,0.012630786746740341
180,S3 drying RH -30%,3,-93.6626205444336,0.5570336580276489,-0.19642026722431183,0.025122152641415596,-93.32684326171875,0.14952042698860168,-0.2302161008119583,0.04091770201921463,-92.048828125,1.4349488019943237,-0.20551688969135284,0.017840439453721046,-94.1518325805664,0.13084542751312256,-0.2479589432477951,0.009016778320074081
180,S3 drying RH -30%,4,-94.58346557617188,2.0951218605041504,-0.1710113137960434,0.021686987951397896,-97.95291900634766,0.5126008987426758,-0.1546459048986435,0.037867624312639236,-90.7876205444336,1.823631763458252,-0.169536292552948,0.002060159808024764,-91.85549926757812,0.13490788638591766,-0.1940569430589676,0.027485311031341553
180,S3 drying RH -30%,5,-92.4316177368164,0.5112656354904175,-0.21585069596767426,0.005845916923135519,-91.31026458740234,1.222385048866272,-0.16506928205490112,0.014863062649965286,-89.85147857666016,1.4853081703186035,-0.16478969156742096,0.0074171158485114574,-91.9776382446289,0.16064836084842682,-0.183550164103508,0.016081372275948524
180,S3 drying RH -30%,6,-93.00857543945312,0.10162699967622757,-0.23321278393268585,0.003983368165791035,-93.19881439208984,0.7971108555793762,-0.15034474432468414,0.012040519155561924,-91.38410186767578,0.5257799625396729,-0.1731477826833725,0.021458609029650688,-92.00579071044922,0.3475039005279541,-0.34361472725868225,0.019269397482275963
180,S3 drying RH -30%,7,-93.85464477539062,0.9558887481689453,-0.1802721619606018,0.010800069198012352,-92.351318359375,0.5111839175224304,-0.14973120391368866,0.012275372631847858,-92.92093658447266,0.11554526537656784,-0.23461008071899414,0.008933940902352333,-92.35946655273438,0.43730777502059937,-0.20284532010555267,0.018287211656570435
180,S3 drying RH -30%,8,-91.8347396850586,0.12772302329540253,-0.0921105146408081,0.015217050909996033,-88.42031860351562,0.2986903786659241,-0.03826598450541496,0.014713101089000702,-92.2267074584961,0.18483996391296387,-0.08335131406784058,0.023954104632139206,-91.620849609375,0.13475275039672852,-0.01368339080363512,0.02822841890156269
180,S3 drying RH -30%,9,-92.425048828125,0.46232470870018005,-0.21006552875041962,0.011642609722912312,-90.99765014648438,1.255999207496643,-0.1749580353498459,0.015729673206806183,-89.8959732055664,1.6625689268112183,-0.15435923635959625,0.01584584265947342,-90.5885238647461,0.34727710485458374,-0.18136203289031982,0.00897897593677044
180,S3 drying RH -30%,10,-93.20136260986328,0.6254135966300964,-0.26950183510780334,0.01661841943860054,-92.90524291992188,0.2570536434650421,-0.11612006276845932,0.025375504046678543,-92.9106674194336,0.4937681555747986,-0.19703447818756104,0.010790236294269562,-92.04914093017578,0.5152206420898438,-0.51744145154953,0.009029586799442768
180,S3 drying RH -30%,11,-94.42160034179688,0.584336519241333,-0.16505205631256104,0.017797810956835747,-91.52632904052734,0.25721198320388794,-0.17371873557567596,0.05097796022891998,-92.72896575927734,0.2273835837841034,-0.2586612403392792,0.018202679231762886,-91.8994369506836,0.18077509105205536,-0.19142484664916992,0.006375671364367008
180,S3 drying RH -30%,12,-91.9363021850586,0.6822861433029175,-0.15221475064754486,0.03872637450695038,-93.87299346923828,0.870866596698761,-0.30957305431365967,0.006782147102057934,-96.29141998291016,0.8597745895385742,-0.3154672384262085,0.03184511139988899,-92.52640533447266,0.20544429123401642,-0.18325866758823395,0.01306710485368967
180,S3 drying RH -30%,13,-86.29739379882812,0.5754266381263733,-0.005737252999097109,0.010367101058363914,-81.20024871826172,1.1679350137710571,0.0779900774359703,0.022395480424165726,-90.5219497680664,0.30553197860717773,-0.10025224834680557,0.05268720164895058,-78.9927749633789,1.4942456483840942,-0.18405039608478546,0.05344579368829727
180,S3 drying RH -30%,14,-93.09268951416016,0.39815402030944824,-0.20129089057445526,0.032839253544807434,-93.9935073852539,0.6945323944091797,-0.08344713598489761,0.030099114403128624,-88.51689910888672,0.5685064196586609,-0.09675603359937668,0.027610640972852707,-93.55533599853516,0.1900070756673813,-0.3164844214916229,0.026082882657647133
180,S3 drying RH -30%,15,-95.5396957397461,1.357139229774475,-0.14861881732940674,0.018387699499726295,-84.95557403564453,1.1910805702209473,0.03370325639843941,0.011155029758810997,-92.94159698486328,0.7413352131843567,-0.1555698662996292,0.04368355870246887,-89.40057373046875,0.5765783190727234,-0.06286334246397018,0.0777151808142662
180,S3 drying RH -30%,16,-91.64545440673828,0.6385018825531006,-0.1347365528345108,0.005154711194336414,-89.84394073486328,1.4332400560379028,-0.15392854809761047,0.0154320253059268,-93.1539077758789,0.870206892490387,-0.1716916561126709,0.03259998559951782,-93.3613510131836,0.4828053414821625,-0.19620035588741302,0.009205139242112637
180,S3 drying RH -30%,17,-94.20667266845703,0.2561262249946594,-0.33466753363609314,0.0176667720079422,-87.5510482788086,1.750964641571045,-0.059466179460287094,0.02103244513273239,-91.4031982421875,0.7486212849617004,-0.18254618346691132,0.023609517142176628,-92.6512680053711,0.5809181332588196,-0.19748593866825104,0.008853447623550892
180,S3 drying RH -30%,18,-94.23983001708984,0.44359877705574036,-0.2554750442504883,0.018651092424988747,-94.77884674072266,0.7600336074829102,-0.1583702564239502,0.014824104495346546,-92.271484375,0.8854289054870605,-0.2576460838317871,0.020916609093546867,-94.28697967529297,0.7414134740829468,-0.43032121658325195,0.007173814345151186
180,S3 drying RH -30%,19,-97.38597869873047,0.6855547428131104,-0.18696177005767822,0.024449137970805168,-93.80884552001953,0.4503059387207031,-0.20888514816761017,0.05333174392580986,-93.38248443603516,0.6162371039390564,-0.2737673223018646,0.024488117545843124,-94.38787078857422,0.6329903602600098,-0.1709897369146347,0.00865520816296339
180,S3 drying RH -30%,20,-92.60479736328125,1.0556743144989014,-0.19239914417266846,0.008199184201657772,-93.76807403564453,0.33752769231796265,-0.21043477952480316,0.013427519239485264,-95.69366455078125,0.645072877407074,-0.1757577657699585,0.014246969483792782,-94.06695556640625,0.5791385173797607,-0.15632639825344086,0.004831222351640463
180,S3 drying RH -30%,21,-92.63362884521484,0.557263970375061,-0.26775607466697693,0.029455289244651794,-91.7929916381836,1.1517584323883057,-0.13889096677303314,0.014392899349331856,-92.38250732421875,0.3118687868118286,-0.11585819721221924,0.00746128847822547,-93.30484771728516,0.11980783939361572,-0.14265471696853638,0.006174221634864807
180,S4 rain-out,0,-93.03250122070312,1.1913224458694458,-0.16436724364757538,0.04548269137740135,-91.2469253540039,0.1078549474477768,-0.14480559527873993,0.029178868979215622,-87.11421966552734,1.4520281553268433,-0.16039477288722992,0.021549465134739876,-92.65277099609375,0.704306960105896,-0.188889279961586,0.03175164759159088
180,S4 rain-out,1,-100.79743194580078,1.577125072479248,-0.33778324723243713,0.005205545574426651,-98.62592315673828,0.7462841868400574,-0.3133414089679718,0.01401826273649931,-89.8230209350586,2.2419798374176025,-0.18275123834609985,0.017843425273895264,-91.11532592773438,0.5046380758285522,-0.21381516754627228,0.0023235429544001818
180,S4 rain-out,2,-94.70062255859375,0.9849035143852234,-0.3005730211734772,0.01337713934481144,-93.10296630859375,0.3897072672843933,-0.2727556526660919,0.04090680554509163,-92.35479736328125,1.2520458698272705,-0.3109055757522583,0.007095945067703724,-93.39214324951172,0.762008011341095,-0.3320809602737427,0.027283959090709686
180,S4 rain-out,3,-94.7922134399414,0.3042067587375641,-0.2298571914434433,0.026382727548480034,-93.68436431884766,0.4356355369091034,-0.23678326606750488,0.042431872338056564,-92.2131576538086,1.2141739130020142,-0.2084469199180603,0.020076341927051544,-93.88150024414062,0.6772293448448181,-0.22976963222026825,0.00824100710451603
180,S4 rain-out,4,-95.52117919921875,0.6817309856414795,-0.1789642572402954,0.024147285148501396,-98.01141357421875,0.5550757050514221,-0.15798057615756989,0.03425697609782219,-92.27941131591797,1.2096924781799316,-0.18992821872234344,0.009662294760346413,-91.66900634765625,0.8384356498718262,-0.17879866063594818,0.028847288340330124
180,S4 rain-out,5,-92.72461700439453,0.27337658405303955,-0.22044223546981812,0.009062565863132477,-90.11331176757812,0.9456555247306824,-0.12745539844036102,0.022034795954823494,-91.45513153076172,1.1740014553070068,-0.1596805304288864,0.0028319270350039005,-90.97467041015625,0.7351738810539246,-0.11702146381139755,0.005912094376981258
180,S4 rain-out,6,-94.25491333007812,0.3444719612598419,-0.3000185787677765,0.0037732308264821768,-94.63573455810547,0.6935306191444397,-0.1986066848039627,0.00037931615952402353,-92.0202407836914,0.708930253982544,-0.2017683982849121,0.023164963349699974,-92.24271392822266,1.1558107137680054,-0.3539578914642334,0.013166137970983982
180,S4 rain-out,7,-95.05638885498047,0.9607493877410889,-0.20744429528713226,0.021212244406342506,-93.06124877929688,0.16393424570560455,-0.16620413959026337,0.0027658669278025627,-93.2602767944336,0.37545427680015564,-0.2178841233253479,0.013948063366115093,-92.84423065185547,0.6167255640029907,-0.19529218971729279,0.012320292182266712
180,S4 rain-out,8,-91.92227935791016,0.5340664386749268,-0.09241052716970444,0.018404798582196236,-88.68341064453125,0.4051407277584076,0.007443135604262352,0.029238445684313774,-91.7025146484375,0.3979260325431824,-0.07462979108095169,0.01766745187342167,-92.47433471679688,0.6496939659118652,0.004120178055018187,0.024176442995667458
180,S4 rain-out,9,-92.1755599975586,0.2983163297176361,-0.1994636505842209,0.012336398474872112,-91.30252838134766,0.24141143262386322,-0.16899855434894562,0.018383702263236046,-90.95565795898438,0.9734495282173157,-0.17241324484348297,0.024688685312867165,-90.6536865234375,0.6862688660621643,-0.15699802339076996,0.01632959023118019
180,S4 rain-out,10,-96.23174285888672,0.6644872426986694,-0.3722817599773407,0.009683703072369099,-95.08818817138672,0.5092417001724243,-0.1626214236021042,0.021912360563874245,-94.33685302734375,1.0761960744857788,-0.28794562816619873,0.05234832316637039,-93.56636810302734,0.8782908916473389,-0.4904184341430664,0.007229420822113752
180,S4 rain-out,11,-94.77722930908203,0.7935405373573303,-0.19281429052352905,0.013848730362951756,-93.47207641601562,0.23625770211219788,-0.23312509059906006,0.03609679266810417,-92.71875,0.31409314274787903,-0.24705345928668976,0.017263852059841156,-92.33740234375,0.6374634504318237,-0.17552143335342407,0.01816895231604576
180,S4 rain-out,12,-93.1751937866211,0.1744600534439087,-0.1939266473054886,0.03402779623866081,-93.72779083251953,0.5030024647712708,-0.2928747832775116,0.006553400307893753,-96.40664672851562,0.9496497511863708,-0.2840966284275055,0.017719049006700516,-93.78619384765625,1.105669617652893,-0.14866413176059723,0.021817142143845558
180,S4 rain-out,13,-86.16594696044922,0.49879777431488037,0.01279648020863533,0.016312995925545692,-81.04024505615234,1.0011792182922363,0.06518474966287613,0.0281706303358078,-86.20489501953125,0.18310201168060303,-0.06770605593919754,0.025093765929341316,-78.62017822265625,1.817862629890442,0.11512672901153564,0.021608391776680946
180,S4 rain-out,14,-94.3674545288086,0.5010291337966919,-0.28626808524131775,0.018431488424539566,-93.6759033203125,0.5988800525665283,-0.07933475822210312,0.0389234758913517,-89.1579818725586,0.39859625697135925,-0.13135559856891632,0.028539717197418213,-93.25420379638672,0.6502213478088379,-0.3205745220184326,0.02070506103336811
180,S4 rain-out,15,-98.69827270507812,1.3420144319534302,-0.2219603806734085,0.004758534952998161,-84.8564224243164,0.8420836329460144,0.04087510704994202,0.016891665756702423,-93.51971435546875,0.8346797227859497,-0.11739111691713333,0.04611710458993912,-90.13178253173828,1.1327699422836304,-0.02199026755988598,0.06750820577144623
180,S4 rain-out,16,-92.94361114501953,0.9998325109481812,-0.1761317402124405,0.018589260056614876,-89.67788696289062,1.2743957042694092,-0.13441826403141022,0.012123184278607368,-95.2490234375,0.8182824850082397,-0.18877214193344116,0.025065487250685692,-93.26944732666016,0.3448633849620819,-0.18545657396316528,0.015675654634833336
180,S4 rain-out,17,-94.89093017578125,0.09569825232028961,-0.35384121537208557,0.014803895726799965,-87.9024887084961,1.4845571517944336,-0.07433522492647171,0.02860972471535206,-91.10701751708984,0.6810135841369629,-0.16922016441822052,0.02974352240562439,-92.1504898071289,0.3416725993156433,-0.17583627998828888,0.01611214317381382
180,S4 rain-out,18,-95.57935333251953,0.8879125118255615,-0.3147456645965576,0.028244460001587868,-94.5331802368164,0.40243011713027954,-0.15718014538288116,0.02027936279773712,-92.83291625976562,1.5794559717178345,-0.3618180751800537,0.023549605160951614,-94.06819915771484,0.8297814130783081,-0.423236221075058,0.00803946889936924
180,S4 rain-out,19,-97.63739776611328,0.4708891808986664,-0.2041216343641281,0.020273661240935326,-94.8004379272461,0.14580191671848297,-0.21656791865825653,0.031777702271938324,-93.9968490600586,0.7739807367324829,-0.2517836093902588,0.01714310236275196,-94.44429779052734,0.3336016833782196,-0.10388403385877609,0.022513926029205322
180,S4 rain-out,20,-92.74172973632812,0.9392114877700806,-0.19522273540496826,0.009671421721577644,-93.5196533203125,0.2545149624347687,-0.18216657638549805,0.013782310299575329,-91.25647735595703,0.9220122694969177,-0.14714908599853516,0.0055367895402014256,-93.03939819335938,0.20304252207279205,-0.06966549903154373,0.008747701533138752
180,S4 rain-out,21,-93.72967529296875,0.7330621480941772,-0.2889542281627655,0.025981100276112556,-91.81997680664062,1.3758313655853271,-0.09941860288381577,0.012312722392380238,-94.3382797241211,0.29377609491348267,-0.1241888701915741,0.023864170536398888,-92.86788940429688,0.5393038988113403,-0.09685063362121582,0.019609760493040085
180,S5 deep drought,0,-95.8740005493164,0.8630127906799316,-0.20603398978710175,0.05792495235800743,-90.25131225585938,0.0830211266875267,-0.14692513644695282,0.03442071005702019,-93.17273712158203,1.0348362922668457,-0.18119533360004425,0.009426812641322613,-93.0232925415039,0.19532731175422668,-0.19542241096496582,0.017121845856308937
180,S5 deep drought,1,-99.88361358642578,1.4718432426452637,-0.35103675723075867,0.009229525923728943,-98.77320098876953,0.9624608159065247,-0.22976310551166534,0.014570825733244419,-88.1883316040039,1.2721236944198608,-0.20189619064331055,0.0023796032182872295,-91.51607513427734,0.06883366405963898,-0.22343730926513672,0.004458937328308821
180,S5 deep drought,2,-93.40705108642578,0.6766479015350342,-0.22774849832057953,0.014771521091461182,-91.57183074951172,1.1339805126190186,-0.20731408894062042,0.029186416417360306,-91.24319458007812,1.0485883951187134,-0.2713976800441742,0.004486219957470894,-93.0797119140625,0.3749823570251465,-0.31785333156585693,0.017262602224946022
180,S5 deep drought,3,-93.6626205444336,0.5570336580276489,-0.1977405697107315,0.024626627564430237,-92.7447509765625,0.14826907217502594,-0.22410380840301514,0.035497263073921204,-91.97879791259766,1.2292158603668213,-0.20826344192028046,0.020073089748620987,-94.1518325805664,0.13084542751312256,-0.24441222846508026,0.005955700762569904
180,S5 deep drought,4,-94.18277740478516,1.774356722831726,-0.17113302648067474,0.029866842553019524,-97.62896728515625,0.39751726388931274,-0.15777169167995453,0.0366680845618248,-90.95891571044922,1.7699164152145386,-0.17946018278598785,0.00378481880761683,-92.12195587158203,0.23591187596321106,-0.2001446634531021,0.021351445466279984
180,S5 deep drought,5,-92.0445327758789,0.5139758586883545,-0.20278537273406982,0.0044063120149075985,-89.47015380859375,0.49190637469291687,-0.08509568125009537,0.0031345433089882135,-89.01390838623047,1.232593059539795,-0.13801760971546173,0.025564614683389664,-91.97457122802734,0.2094925493001938,-0.1496046930551529,0.018158134073019028
180,S5 deep drought,6,-92.9499740600586,0.1850944310426712,-0.22270919382572174,0.004274869803339243,-92.7733383178711,0.8600761294364929,-0.15034474432468414,0.012040519155561924,-91.38410186767578,0.5257799625396729,-0.16720886528491974,0.0193717610090971,-92.00579071044922,0.3475039005279541,-0.3429218828678131,0.020132699981331825
180,S5 deep drought,7,-93.23480224609375,0.7616581916809082,-0.1577615886926651,0.016806071624159813,-92.29618072509766,0.5304006934165955,-0.1515476107597351,0.012096857652068138,-92.92093658447266,0.11554526537656784,-0.23237258195877075,0.010594690218567848,-92.34142303466797,0.4566899240016937,-0.19387005269527435,0.015025245025753975
180,S5 deep drought,8,-91.16658782958984,0.2386016994714737,-0.07144089043140411,0.025983840227127075,-86.75325775146484,0.7794965505599976,0.030122309923171997,0.022846568375825882,-92.32379150390625,0.14504311978816986,-0.08207020163536072,0.025136254727840424,-91.93233489990234,0.33830493688583374,-0.012592241168022156,0.02851780690252781
180,S5 deep drought,9,-91.80521392822266,0.6223359107971191,-0.18716351687908173,0.010422906838357449,-89.43842315673828,1.1450270414352417,-0.11089462786912918,0.01283388864248991,-89.99031829833984,1.736549735069275,-0.15342652797698975,0.01504331361502409,-90.57047271728516,0.3854843080043793,-0.1863132119178772,0.008841198869049549
180,S5 deep drought,10,-94.10626983642578,0.9285397529602051,-0.27187299728393555,0.016575338318943977,-92.4066390991211,0.27653148770332336,-0.10239382833242416,0.024471284821629524,-93.21444702148438,0.681015133857727,-0.1884659081697464,0.018986642360687256,-92.49816131591797,0.6170151233673096,-0.5169588923454285,0.011914918199181557
180,S5 deep drought,11,-94.58431243896484,0.6531863808631897,-0.16743843257427216,0.02212173491716385,-91.5391845703125,0.2750716209411621,-0.17371873557567596,0.05097796022891998,-92.69637298583984,0.2031598538160324,-0.2522256076335907,0.017964480444788933,-92.1761245727539,0.2609589993953705,-0.18693210184574127,0.02076047845184803
180,S5 deep drought,12,-92.09526824951172,0.68270343542099,-0.15397129952907562,0.042531680315732956,-91.5177001953125,0.4164121150970459,-0.2492649108171463,0.015131940133869648,-96.51761627197266,0.903561532497406,-0.3185938894748688,0.032815709710121155,-93.83911895751953,0.39285561442375183,-0.18047092854976654,0.010149698704481125
180,S5 deep drought,13,-86.3536376953125,0.5399123430252075,-0.008589123375713825,0.006368196103721857,-79.6125717163086,1.4069676399230957,0.14158199727535248,0.006809809245169163,-89.7576904296875,0.27465298771858215,-0.07217354327440262,0.03605371341109276,-78.22675323486328,1.9201068878173828,0.08864971250295639,0.010919459164142609
180,S5 deep drought,14,-93.41007232666016,0.7910863161087036,-0.22005820274353027,0.02135821431875229,-93.78263092041016,0.41987740993499756,-0.08273959904909134,0.03280213102698326,-88.65067291259766,0.6258997321128845,-0.09185338020324707,0.020638227462768555,-93.95401000976562,0.15151184797286987,-0.3262048065662384,0.017224010080099106
180,S5 deep drought,15,-97.38687133789062,1.4517734050750732,-0.19493718445301056,0.005417685490101576,-84.95557403564453,1.1910805702209473,0.04182426631450653,0.006684259977191687,-93.64715576171875,0.8507493734359741,-0.1510976105928421,0.03881407529115677,-89.8177261352539,0.2958679795265198,-0.0663236603140831,0.08012064546346664
180,S5 deep drought,16,-91.96314239501953,0.9240968227386475,-0.15171019732952118,0.018439704552292824,-89.90316009521484,1.4179699420928955,-0.14110834896564484,0.015537838451564312,-91.74618530273438,0.8881583213806152,-0.11976281553506851,0.020800825208425522,-93.3613510131836,0.4828053414821625,-0.19590365886688232,0.010429088957607746
180,S5 deep drought,17,-94.20667266845703,0.2561262249946594,-0.3352861702442169,0.017613638192415237,-87.5855712890625,1.7376588582992554,-0.0476805604994297,0.02490811049938202,-91.4031982421875,0.7486212849617004,-0.18254618346691132,0.023609517142176628,-92.6512680053711,0.5809181332588196,-0.19748593866825104,0.008853447623550892
180,S5 deep drought,18,-94.27584838867188,0.4925699234008789,-0.2534385025501251,0.022168220952153206,-94.590087890625,0.5355260968208313,-0.15923386812210083,0.012027418240904808,-92.1452865600586,0.951006293296814,-0.24384653568267822,0.01569012925028801,-94.28697967529297,0.7414134740829468,-0.4259216785430908,0.007187920156866312
180,S5 deep drought,19,-97.38707733154297,0.7241115570068359,-0.19005133211612701,0.02734725922346115,-93.45482635498047,0.27317339181900024,-0.1676897406578064,0.05309126898646355,-93.83716583251953,0.5804097056388855,-0.2556192874908447,0.013479574583470821,-94.1683578491211,0.48399561643600464,-0.11478371173143387,0.01824779063463211
180,S5 deep drought,20,-92.61934661865234,1.070311427116394,-0.19561521708965302,0.01257729809731245,-91.4478988647461,0.6076139807701111,-0.12354933470487595,0.008685938082635403,-96.20285034179688,0.7100828886032104,-0.16972248256206512,0.010315515100955963,-94.09317779541016,0.5454765558242798,-0.14467178285121918,0.013988707214593887
180,S5 deep drought,21,-92.63362884521484,0.557263970375061,-0.26708224415779114,0.030826840549707413,-90.05330657958984,0.4281119406223297,-0.08254321664571762,0.018716156482696533,-92.8510971069336,0.6005535125732422,-0.1150251030921936,0.013053197413682938,-93.24138641357422,0.16572217643260956,-0.13669933378696442,0.009922289289534092
180,S6 relocate: high-relief,0,-93.2542953491211,0.8823717832565308,-0.15879833698272705,0.050140753388404846,-90.53380584716797,0.6255192160606384,-0.1838994175195694,0.04670944809913635,-94.01211547851562,0.2722689211368561,-0.242737278342247,0.008763142861425877,-93.56710052490234,0.19180017709732056,-0.20020675659179688,0.011655095033347607
180,S6 relocate: high-relief,1,-100.32537078857422,1.4064040184020996,-0.3308771848678589,0.014226803556084633,-99.53429412841797,1.481806993484497,-0.3715713322162628,0.019935978576540947,-92.9005355834961,1.0647437572479248,-0.28313878178596497,0.0019456283189356327,-92.02994537353516,0.394361287355423,-0.2477039098739624,0.007510016206651926
180,S6 relocate: high-relief,2,-93.72745513916016,0.5885693430900574,-0.23157353699207306,0.021774010732769966,-91.78516387939453,0.9202282428741455,-0.21022720634937286,0.042827773839235306,-93.47991943359375,1.034448504447937,-0.27345672249794006,0.014872275292873383,-93.60425567626953,0.14254941046237946,-0.3315705955028534,0.018111027777194977
180,S6 relocate: high-relief,3,-94.2661361694336,0.2777246832847595,-0.1905493140220642,0.040366750210523605,-93.50808715820312,0.2870078384876251,-0.2521880567073822,0.049822352826595306,-94.00811004638672,0.8145937919616699,-0.3068111836910248,0.0015973257832229137,-94.02481842041016,0.11718258261680603,-0.2381756454706192,0.00985085591673851
180,S6 relocate: high-relief,4,-94.3436508178711,2.2729008197784424,-0.16772286593914032,0.025971634313464165,-98.71257781982422,0.19179940223693848,-0.19880469143390656,0.024362552911043167,-94.07415008544922,0.8245971202850342,-0.18882489204406738,0.011114422231912613,-92.34707641601562,0.25132182240486145,-0.19278495013713837,0.01307698804885149
180,S6 relocate: high-relief,5,-92.43595123291016,0.5926511883735657,-0.198018416762352,0.020375149324536324,-91.60118865966797,1.1572540998458862,-0.15665464103221893,0.006330448668450117,-93.2801284790039,0.7625085711479187,-0.18941329419612885,0.0022257694508880377,-91.5545883178711,0.1629941165447235,-0.14752590656280518,0.00807602796703577
180,S6 relocate: high-relief,6,-93.39044189453125,0.3571852743625641,-0.2354731559753418,0.009336051531136036,-93.16766357421875,0.6247573494911194,-0.16792386770248413,0.0031648280564695597,-93.06526947021484,0.06538674980401993,-0.25626346468925476,0.021588344126939774,-91.98657989501953,0.37951886653900146,-0.34033283591270447,0.019528694450855255
180,S6 relocate: high-relief,7,-94.17864990234375,1.1383482217788696,-0.15583568811416626,0.029432782903313637,-92.59573364257812,0.4349578022956848,-0.1477196216583252,0.0144505575299263,-95.2890625,0.3713180422782898,-0.293881893157959,0.02424578182399273,-93.12775421142578,0.1546289026737213,-0.1920146942138672,0.026923928409814835
180,S6 relocate: high-relief,8,-92.7388916015625,0.39768925309181213,-0.1078634262084961,0.027244264259934425,-88.65911102294922,0.1879594475030899,-0.06956491619348526,0.01971558853983879,-94.76476287841797,0.17561396956443787,-0.1665159910917282,0.027408914640545845,-93.00213623046875,0.42951062321662903,-0.02916082739830017,0.03284379094839096
180,S6 relocate: high-relief,9,-92.39582061767578,0.4216434061527252,-0.1892033815383911,0.019341524690389633,-91.44367218017578,0.9086741805076599,-0.19943393766880035,0.01398349367082119,-92.56204223632812,0.7263849377632141,-0.16119273006916046,0.016465211287140846,-91.34661865234375,0.37114134430885315,-0.19013245403766632,0.00970998965203762
180,S6 relocate: high-relief,10,-94.91289520263672,0.22955819964408875,-0.2913680970668793,0.022242462262511253,-92.84024047851562,0.3125838339328766,-0.08966195583343506,0.01446579024195671,-95.3429946899414,0.8068544268608093,-0.2396961897611618,0.051157381385564804,-93.5579833984375,0.4641813039779663,-0.48146653175354004,0.004660442471504211
180,S6 relocate: high-relief,11,-94.1865463256836,0.5794520378112793,-0.1426040381193161,0.021319273859262466,-92.556396484375,0.31662118434906006,-0.23935341835021973,0.02593006007373333,-95.20272064208984,0.7698858380317688,-0.35414114594459534,0.03234327957034111,-92.81151580810547,0.2345830202102661,-0.20079267024993896,0.021664299070835114
180,S6 relocate: high-relief,12,-92.4886245727539,0.3090885579586029,-0.17208705842494965,0.03911082446575165,-93.60749053955078,0.710182249546051,-0.296737939119339,0.019464829936623573,-96.77046966552734,1.0193359851837158,-0.28976842761039734,0.031899593770504,-93.37267303466797,0.20743444561958313,-0.15490086376667023,0.012334738858044147
180,S6 relocate: high-relief,13,-86.63631439208984,0.730688214302063,0.005505528301000595,0.015897396951913834,-81.8953857421875,1.2964696884155273,0.023339783772826195,0.026551419869065285,-91.9864501953125,1.097515344619751,-0.1531274914741516,0.04328532889485359,-78.4626235961914,1.9017542600631714,0.09600213170051575,0.022446848452091217
180,S6 relocate: high-relief,14,-93.51678466796875,0.7899202108383179,-0.2168974131345749,0.01601635478436947,-94.1511001586914,0.6316814422607422,-0.12415223568677902,0.020251182839274406,-90.74847412109375,1.3850080966949463,-0.17554187774658203,0.008559498004615307,-93.80654907226562,0.182925745844841,-0.31830108165740967,0.016206268221139908
180,S6 relocate: high-relief,15,-97.604248046875,1.2189035415649414,-0.19160234928131104,0.006481855176389217,-84.6627426147461,1.029364824295044,-0.008586674928665161,0.025453485548496246,-96.20104217529297,1.81599760055542,-0.1857393980026245,0.049315422773361206,-89.8177261352539,0.2958679795265198,-0.05110298469662666,0.06835015118122101
180,S6 relocate: high-relief,16,-92.38582611083984,0.9958370327949524,-0.1577051728963852,0.024980725720524788,-90.51215362548828,0.7816252112388611,-0.19402162730693817,0.005738453008234501,-95.22295379638672,0.5481810569763184,-0.21848516166210175,0.03117290697991848,-93.61003875732422,0.49439239501953125,-0.19620303809642792,0.01223903987556696
180,S6 relocate: high-relief,17,-94.55773162841797,0.21623970568180084,-0.3339008390903473,0.012700106017291546,-87.89459991455078,1.3821706771850586,-0.07215151935815811,0.030138641595840454,-92.70551300048828,0.5802640914916992,-0.20364248752593994,0.024272751063108444,-92.8641128540039,0.6062154769897461,-0.20533424615859985,0.007738166023045778
180,S6 relocate: high-relief,18,-94.36821746826172,0.6196038722991943,-0.2436836212873459,0.027903424575924873,-94.73385620117188,0.6549415588378906,-0.15861095488071442,0.010441804304718971,-92.1089859008789,0.8460431694984436,-0.22694987058639526,0.021859191358089447,-93.52203369140625,0.5543621778488159,-0.41249731183052063,0.012051892466843128
180,S6 relocate: high-relief,19,-97.4175796508789,0.602196216583252,-0.1853446513414383,0.022161824628710747,-93.8775405883789,0.2880280017852783,-0.23422451317310333,0.043037448078393936,-96.53240966796875,0.7461003661155701,-0.2984248101711273,0.021477797999978065,-94.29375457763672,0.33575478196144104,-0.12167954444885254,0.021266302093863487
180,S6 relocate: high-relief,20,-93.8235855102539,1.2608442306518555,-0.2011750489473343,0.010859261266887188,-94.37747955322266,0.3723129332065582,-0.201308012008667,0.014759465120732784,-96.84166717529297,0.43084171414375305,-0.21317653357982635,0.00861715991050005,-93.87188720703125,0.618175208568573,-0.09528467804193497,0.007941213436424732
180,S6 relocate: high-relief,21,-92.90250396728516,0.7352807521820068,-0.2610852122306824,0.01412184163928032,-92.45623016357422,1.145412802696228,-0.14850662648677826,0.013430810533463955,-94.32525634765625,0.3130047917366028,-0.1451384574174881,0.018141336739063263,-93.2197265625,0.20908083021640778,-0.10426401346921921,0.019451728090643883
180,S7 compound extreme,0,-92.5544662475586,0.7128867506980896,-0.13180577754974365,0.06525111943483353,-86.16482543945312,1.2034443616867065,-0.1003478541970253,0.015518729574978352,-92.17916870117188,0.26323679089546204,-0.19066567718982697,0.012023000977933407,-92.97270965576172,0.12111974507570267,-0.2571624219417572,0.03160955756902695
180,S7 compound extreme,1,-98.00479125976562,2.7727582454681396,-0.3060690462589264,0.030517516657710075,-94.32282257080078,2.0093281269073486,-0.17186780273914337,0.040811937302351,-89.35094451904297,0.9182782173156738,-0.2109050750732422,0.02212556265294552,-91.75701904296875,0.20837830007076263,-0.26759251952171326,0.03425362706184387
180,S7 compound extreme,2,-94.23135375976562,0.6666497588157654,-0.20853257179260254,0.007484958507120609,-90.42696380615234,1.0905247926712036,-0.19291841983795166,0.01832052879035473,-89.97493743896484,0.9832876324653625,-0.24803470075130463,0.02283172309398651,-91.5876693725586,0.9679356813430786,-0.33388814330101013,0.03825795277953148
180,S7 compound extreme,3,-94.50677490234375,0.3575808107852936,-0.16670525074005127,0.022258223965764046,-91.56685638427734,0.3573736250400543,-0.19700630009174347,0.02250279113650322,-91.36843872070312,0.6751338243484497,-0.18754911422729492,0.03245869278907776,-93.3481674194336,0.1418602466583252,-0.2285488098859787,0.016891013830900192
180,S7 compound extreme,4,-95.28521728515625,1.7860848903656006,-0.16304995119571686,0.03199414536356926,-97.15998077392578,0.7666525840759277,-0.08673176914453506,0.047718171030282974,-89.56232452392578,1.191697359085083,-0.17247088253498077,0.011477272026240826,-92.2222671508789,0.2561492621898651,-0.23430390655994415,0.021897612139582634
180,S7 compound extreme,5,-93.17070770263672,0.4585435688495636,-0.1955270916223526,0.025046145543456078,-90.64340209960938,1.128309965133667,-0.059315454214811325,0.013174016959965229,-88.9149169921875,0.9831907749176025,-0.1827673465013504,0.014753798954188824,-92.19805908203125,0.9446848034858704,-0.2218918800354004,0.011657344177365303
180,S7 compound extreme,6,-93.16048431396484,0.8887932300567627,-0.18694178760051727,0.02284807525575161,-91.86165618896484,0.1372940093278885,-0.13406556844711304,0.017145605757832527,-87.82556915283203,0.5305175185203552,-0.14238645136356354,0.010236382484436035,-90.94812774658203,0.6803180575370789,-0.2993040382862091,0.017238283529877663
180,S7 compound extreme,7,-94.25426483154297,0.8146272897720337,-0.0972612202167511,0.02246973104774952,-94.09415435791016,0.948875367641449,-0.10180429369211197,0.013718576170504093,-91.00332641601562,0.4992276728153229,-0.2238544076681137,0.02033313736319542,-92.28948211669922,0.5879433155059814,-0.21076680719852448,0.008803031407296658
180,S7 compound extreme,8,-92.5535888671875,0.19493220746517181,-0.0072094895876944065,0.027341855689883232,-88.70557403564453,0.15162739157676697,-0.0064904517494142056,0.02570638619363308,-90.3221435546875,0.4384034276008606,-0.1015625,0.040646426379680634,-93.46734619140625,0.7123845815658569,-0.24028778076171875,0.046869371086359024
180,S7 compound extreme,9,-93.41747283935547,0.6075472831726074,-0.19839631021022797,0.020395521074533463,-91.31371307373047,1.1984906196594238,-0.10745617002248764,0.02134288288652897,-89.6292495727539,1.294189453125,-0.19388557970523834,0.01297430507838726,-90.0875473022461,0.6660718321800232,-0.19292519986629486,0.018511949107050896
180,S7 compound extreme,10,-94.57816314697266,1.3424179553985596,-0.23329459130764008,0.012259877286851406,-92.95844268798828,0.4447619616985321,-0.10016399621963501,0.03457106649875641,-90.5999984741211,0.029488004744052887,-0.1781904250383377,0.024563204497098923,-91.00464630126953,0.2629823386669159,-0.48962339758872986,0.003651742124930024
180,S7 compound extreme,11,-94.79959869384766,0.8736993670463562,-0.10730963200330734,0.025419386103749275,-93.4409408569336,1.0773760080337524,-0.12910310924053192,0.06633219867944717,-89.99593353271484,0.46944740414619446,-0.2550670802593231,0.02064383402466774,-92.469970703125,0.6594057679176331,-0.21130841970443726,0.020777620375156403
180,S7 compound extreme,12,-92.9559097290039,1.1209543943405151,-0.12945127487182617,0.048104893416166306,-92.09635162353516,0.609380304813385,-0.26571181416511536,0.008046694099903107,-93.99869537353516,1.2118189334869385,-0.2905830144882202,0.017576545476913452,-91.1104507446289,0.5685015320777893,-0.19723860919475555,0.010753083042800426
180,S7 compound extreme,13,-88.63843536376953,0.8608642816543579,-0.007919048890471458,0.01060642022639513,-79.52748107910156,0.7192009091377258,0.07968100905418396,0.049135610461235046,-88.0689468383789,0.6383311152458191,-0.10367125272750854,0.04690731689333916,-81.39698028564453,3.3891279697418213,-0.20301121473312378,0.05809313803911209
180,S7 compound extreme,14,-92.7612533569336,0.45821288228034973,-0.17968226969242096,0.02386293187737465,-92.8567886352539,0.7906965613365173,-0.05743448808789253,0.0358428992331028,-86.6572494506836,0.26665711402893066,-0.08244810253381729,0.02825918234884739,-92.97708892822266,0.7211076021194458,-0.3218282461166382,0.022004418075084686
180,S7 compound extreme,15,-97.74921417236328,1.3120473623275757,-0.14446361362934113,0.008718027733266354,-85.02406311035156,1.086378812789917,0.08912193775177002,0.033645328134298325,-90.78396606445312,0.6809775233268738,-0.14567546546459198,0.04071711003780365,-89.4874267578125,1.1377869844436646,-0.30539464950561523,0.03447596728801727
180,S7 compound extreme,16,-91.29216766357422,1.2057580947875977,-0.08557373285293579,0.01957460679113865,-89.34600067138672,1.007120132446289,-0.10271655768156052,0.019879693165421486,-91.27400970458984,0.47273343801498413,-0.1609100103378296,0.04022969678044319,-92.23861694335938,0.3710396885871887,-0.1805226057767868,0.011785205453634262
180,S7 compound extreme,17,-94.1251220703125,0.27057895064353943,-0.29797497391700745,0.02767406404018402,-89.59075927734375,1.4844229221343994,0.013861975632607937,0.03937457874417305,-91.53329467773438,0.7854341864585876,-0.19986450672149658,0.018737366423010826,-92.45186614990234,0.5131347179412842,-0.2002168446779251,0.0016435328871011734
180,S7 compound extreme,18,-94.97098541259766,1.608319878578186,-0.19665293395519257,0.028236836194992065,-95.02278900146484,0.934894323348999,-0.15137729048728943,0.02318423055112362,-90.24896240234375,1.012452483177185,-0.2715195119380951,0.010184467770159245,-93.011962890625,0.5794731378555298,-0.39928963780403137,0.004852172918617725
180,S7 compound extreme,19,-96.80899047851562,1.3669551610946655,-0.14018766582012177,0.007789752446115017,-93.79135131835938,0.7934667468070984,-0.19632023572921753,0.07098007947206497,-91.47997283935547,0.006909858901053667,-0.25076600909233093,0.01737142913043499,-93.72296142578125,1.132702350616455,-0.1460600346326828,0.0056267972104251385
180,S7 compound extreme,20,-92.67608642578125,1.504796028137207,-0.13317185640335083,0.0033570146188139915,-93.5899658203125,0.25689616799354553,-0.12727360427379608,0.04614658281207085,-94.190673828125,0.8679289817810059,-0.16506288945674896,0.0046832324005663395,-93.42389678955078,0.12020403146743774,-0.17440377175807953,0.006010205484926701
180,S7 compound extreme,21,-92.63125610351562,0.9023436903953552,-0.21669381856918335,0.018972888588905334,-91.55110931396484,1.162175178527832,-0.09565818309783936,0.022735942155122757,-91.0044174194336,1.015281319618225,-0.11478682607412338,0.012160452082753181,-93.26131439208984,0.3417615294456482,-0.1533941626548767,0.011786791495978832
180,S8 pyro-feedback ON,0,-92.8473892211914,0.9965031147003174,-0.15027229487895966,0.05119136720895767,-90.44954681396484,0.3196708559989929,-0.14477293193340302,0.03260822594165802,-92.53264617919922,0.6915091276168823,-0.1903231143951416,0.014252770692110062,-93.18865966796875,0.14583571255207062,-0.19997574388980865,0.022522814571857452
180,S8 pyro-feedback ON,1,-99.9271240234375,1.4053012132644653,-0.34366002678871155,0.00222781952470541,-98.78667449951172,1.2379776239395142,-0.3082515001296997,0.01927373558282852,-93.54052734375,1.2000583410263062,-0.23231960833072662,0.013257487677037716,-91.649169921875,0.4974239766597748,-0.22851897776126862,0.0049362340942025185
180,S8 pyro-feedback ON,2,-93.44513702392578,0.7059723138809204,-0.2289915531873703,0.00920575950294733,-92.43030548095703,0.6587497591972351,-0.22367846965789795,0.04382631182670593,-91.37654876708984,1.2271740436553955,-0.28254956007003784,0.004094087518751621,-93.3309555053711,0.11644964665174484,-0.32899531722068787,0.0122215049341321
180,S8 pyro-feedback ON,3,-93.5926742553711,0.458160936832428,-0.18494069576263428,0.02610638551414013,-92.43011474609375,0.33504486083984375,-0.1948091983795166,0.037819087505340576,-92.2408218383789,1.277683973312378,-0.2172268033027649,0.022184455767273903,-93.21344757080078,0.40886446833610535,-0.22515375912189484,0.01222280878573656
180,S8 pyro-feedback ON,4,-93.9806137084961,2.295137882232666,-0.15865617990493774,0.026799246668815613,-97.99849700927734,0.4686952531337738,-0.16662025451660156,0.03429018333554268,-95.73800659179688,0.6417972445487976,-0.1973399966955185,0.008753519505262375,-92.12997436523438,0.24711206555366516,-0.19195742905139923,0.020953930914402008
180,S8 pyro-feedback ON,5,-92.0650634765625,0.5005269050598145,-0.2035045623779297,0.011979691684246063,-91.0239028930664,1.3002005815505981,-0.10910234600305557,0.00630206847563386,-94.5064926147461,0.3366556167602539,-0.1824551671743393,0.005859752185642719,-91.34134674072266,0.22977790236473083,-0.13334442675113678,0.010836812667548656
180,S8 pyro-feedback ON,6,-92.96688079833984,0.10619667917490005,-0.2239939421415329,0.011444826610386372,-93.67471313476562,0.2126932591199875,-0.16139906644821167,0.007039638701826334,-91.34806060791016,0.36687907576560974,-0.168567955493927,0.019383791834115982,-92.0850601196289,0.40203264355659485,-0.3405601978302002,0.017245834693312645
180,S8 pyro-feedback ON,7,-93.97021484375,0.5204584002494812,-0.16162355244159698,0.019322486594319344,-91.79105377197266,0.36284375190734863,-0.10406788438558578,0.01662941463291645,-93.2247085571289,0.25942733883857727,-0.22941988706588745,0.018929284065961838,-92.98049926757812,0.03045022301375866,-0.19638319313526154,0.022257868200540543
180,S8 pyro-feedback ON,8,-91.31658172607422,0.3190576434135437,-0.07996322959661484,0.02590949833393097,-88.09293365478516,0.43895187973976135,-0.00040240524685941637,0.01683815009891987,-92.62757110595703,0.2612494230270386,-0.08138713240623474,0.021464280784130096,-92.630859375,0.538136899471283,-0.011082015931606293,0.028484923765063286
180,S8 pyro-feedback ON,9,-91.95272064208984,0.5773541927337646,-0.19422733783721924,0.012998765334486961,-91.043212890625,1.319838047027588,-0.1678754836320877,0.021388191729784012,-94.33038330078125,0.31492382287979126,-0.17459475994110107,0.021563667804002762,-91.11465454101562,0.5364530086517334,-0.17437295615673065,0.008697609417140484
180,S8 pyro-feedback ON,10,-94.77433013916016,0.37002551555633545,-0.2851456105709076,0.015436328947544098,-93.3924560546875,0.8896153569221497,-0.08449780195951462,0.02435353584587574,-93.28903198242188,0.5139102935791016,-0.17587940394878387,0.03269827365875244,-93.55794525146484,0.32287484407424927,-0.4713389575481415,0.004850799683481455
180,S8 pyro-feedback ON,11,-93.78534698486328,0.37717488408088684,-0.14483153820037842,0.01632295362651348,-91.52632904052734,0.25721198320388794,-0.17952243983745575,0.05318069830536842,-92.6832046508789,0.22175858914852142,-0.267085462808609,0.025541022419929504,-92.95321655273438,0.23474010825157166,-0.20985783636569977,0.007977980189025402
180,S8 pyro-feedback ON,12,-92.3106918334961,0.5523844957351685,-0.17562465369701385,0.03669796511530876,-93.65839385986328,0.7718186378479004,-0.31181809306144714,0.007166695315390825,-96.91970825195312,0.8777076005935669,-0.30673280358314514,0.029788831248879433,-94.0107650756836,0.32428091764450073,-0.16226749122142792,0.015789378434419632
180,S8 pyro-feedback ON,13,-85.6531753540039,0.6619850397109985,0.015027795918285847,0.013303769752383232,-81.20024871826172,1.1679350137710571,0.07715459913015366,0.023576512932777405,-90.8038101196289,0.24507316946983337,-0.10316190123558044,0.048263683915138245,-78.30233001708984,2.044153928756714,0.10578685998916626,0.018803315237164497
180,S8 pyro-feedback ON,14,-93.43649291992188,0.814915120601654,-0.22397851943969727,0.020795831456780434,-93.9935073852539,0.6945323944091797,-0.08589974045753479,0.0353565588593483,-88.45394134521484,0.4827061891555786,-0.11855300515890121,0.021567808464169502,-94.01187896728516,0.1710919886827469,-0.3384803533554077,0.021165236830711365
180,S8 pyro-feedback ON,15,-97.57974243164062,1.2354360818862915,-0.1998535394668579,0.002638493198901415,-84.52281951904297,0.897405207157135,0.04652683809399605,0.00468618655577302,-93.64715576171875,0.8507493734359741,-0.13921014964580536,0.048688940703868866,-89.8177261352539,0.2958679795265198,-0.04955487325787544,0.06968283653259277
180,S8 pyro-feedback ON,16,-91.96314239501953,0.9240968227386475,-0.15356439352035522,0.019373783841729164,-89.822265625,1.268534541130066,-0.14274637401103973,0.013414567336440086,-93.71893310546875,0.3969596028327942,-0.16567416489124298,0.0318823903799057,-93.3644790649414,0.5530169606208801,-0.19151663780212402,0.007764872163534164
180,S8 pyro-feedback ON,17,-94.6006851196289,0.41528502106666565,-0.3313962519168854,0.014175004325807095,-87.48274993896484,1.5851117372512817,0.01872755028307438,0.016739968210458755,-91.44551849365234,0.78342205286026,-0.1751459240913391,0.022506313398480415,-92.6512680053711,0.5809181332588196,-0.19233448803424835,0.011749984696507454
180,S8 pyro-feedback ON,18,-94.27584838867188,0.4925699234008789,-0.24157793819904327,0.02958277240395546,-94.8301773071289,0.7542244791984558,-0.1562279909849167,0.01468808576464653,-92.10924530029297,0.9158472418785095,-0.25704851746559143,0.024967381730675697,-94.08688354492188,0.7768446803092957,-0.41006729006767273,0.013375839218497276
180,S8 pyro-feedback ON,19,-97.3177490234375,0.41983115673065186,-0.1815226823091507,0.028803599998354912,-93.40782928466797,0.21875406801700592,-0.16813288629055023,0.05241357535123825,-94.64118194580078,0.6735062599182129,-0.25050243735313416,0.015415503643453121,-93.69512939453125,0.2400786429643631,-0.09134691953659058,0.028453467413783073
180,S8 pyro-feedback ON,20,-92.51203155517578,0.9543982744216919,-0.1885092407464981,0.004751909989863634,-93.4778060913086,0.27259114384651184,-0.16516439616680145,0.011112977750599384,-95.70751190185547,0.6544390916824341,-0.16545410454273224,0.011220350861549377,-93.6872329711914,0.4735535681247711,-0.08282426744699478,0.012142975814640522
180,S8 pyro-feedback ON,21,-92.5613021850586,0.6524176001548767,-0.2638661563396454,0.026281051337718964,-91.49718475341797,1.2030308246612549,-0.09280765056610107,0.025565532967448235,-92.60870361328125,0.2741324305534363,-0.09827976673841476,0.010135173797607422,-93.01184844970703,0.07745472341775894,-0.10241946578025818,0.013818538747727871
181,S0 baseline,0,-94.98699951171875,0.9056704640388489,-0.2414163202047348,0.03076874278485775,-94.85836029052734,0.7778967618942261,-0.18615657091140747,0.026088519021868706,-96.04447174072266,0.18355269730091095,-0.22122211754322052,0.0207265205681324,-93.0648422241211,0.3456208407878876,-0.1571643054485321,0.01457898411899805
181,S0 baseline,1,-86.4572982788086,1.6043667793273926,-0.1166200339794159,0.04888725280761719,-84.7691879272461,1.3887004852294922,-0.007727983873337507,0.024631669744849205,-84.66693878173828,2.034252643585205,0.0010565606644377112,0.061706963926553726,-85.1403579711914,1.1353387832641602,-0.011545546352863312,0.04361069202423096
181,S0 baseline,2,-94.24481964111328,0.832670271396637,-0.11338973045349121,0.018632417544722557,-90.5332260131836,1.1883907318115234,-0.08129531145095825,0.01381754968315363,-92.00509643554688,0.7587429285049438,-0.17223848402500153,0.012191261164844036,-95.2771987915039,0.2590048313140869,-0.21235467493534088,0.03516356274485588
181,S0 baseline,3,-104.87789154052734,3.435225486755371,-0.3555581867694855,0.048502929508686066,-88.86426544189453,1.1066210269927979,-0.036532457917928696,0.026461157947778702,-90.74475860595703,0.16765575110912323,-0.16110163927078247,0.06302496045827866,-90.81110382080078,2.2654356956481934,-0.071884386241436,0.06502687931060791
181,S0 baseline,4,-92.43475341796875,1.1407538652420044,-0.1652817577123642,0.024023495614528656,-94.06646728515625,0.963644802570343,-0.2518439292907715,0.051402874290943146,-91.93130493164062,1.5885460376739502,0.008360971696674824,0.04676556959748268,-93.42589569091797,1.1365000009536743,-0.1694921851158142,0.028173154219985008
181,S0 baseline,5,-93.66217041015625,0.7085539102554321,-0.3444174826145172,0.057870086282491684,-87.5565185546875,1.6841803789138794,-0.0025696696247905493,0.019414404407143593,-91.78438568115234,1.526718258857727,-0.11252758651971817,0.024830371141433716,-91.71903228759766,0.3515247702598572,-0.14785030484199524,0.023113004863262177
181,S0 baseline,6,-94.41259002685547,0.3145751655101776,-0.16038954257965088,0.024997487664222717,-91.62835693359375,0.534375011920929,-0.046932294964790344,0.018594184890389442,-91.45108795166016,1.0502089262008667,-0.09382209926843643,0.016181951388716698,-93.89656829833984,0.4828372895717621,-0.2983078062534332,0.04429950192570686
181,S0 baseline,7,-101.25943756103516,1.7237693071365356,-0.1632794886827469,0.04170463979244232,-90.667236328125,0.458795428276062,0.09383809566497803,0.05358012020587921,-95.10467529296875,0.6226399540901184,-0.237152561545372,0.07197641581296921,-94.68246459960938,0.491558700799942,-0.2407275289297104,0.00691821426153183
181,S0 baseline,8,-94.78262329101562,0.415103018283844,-0.17626003921031952,0.05599553883075714,-88.77566528320312,0.537320077419281,-0.11931878328323364,0.02565246820449829,-93.78582763671875,0.9843619465827942,-0.14263759553432465,0.021433675661683083,-93.51541137695312,0.1868109107017517,-0.197578564286232,0.0342162624001503
181,S0 baseline,9,-94.4427490234375,0.8599549531936646,-0.40346479415893555,0.07775288075208664,-90.0981216430664,0.514438271522522,-0.07636725157499313,0.024350490421056747,-93.3360366821289,0.8012605309486389,-0.11141417175531387,0.02449306659400463,-91.6019058227539,0.5328709483146667,-0.1310478150844574,0.030513621866703033
181,S0 baseline,10,-93.56082153320312,0.9838566780090332,-0.1433122754096985,0.016257476061582565,-91.8187255859375,0.18294695019721985,-0.05154191330075264,0.005157920066267252,-89.75653076171875,0.8205761909484863,-0.022188453003764153,0.01716257818043232,-93.72998046875,0.6211739778518677,-0.2958301603794098,0.07109653204679489
181,S0 baseline,11,-96.9320068359375,0.30600273609161377,-0.17047107219696045,0.030166514217853546,-90.55682373046875,1.4961960315704346,-0.006353624630719423,0.016764748841524124,-92.36222076416016,1.783939242362976,-0.19486431777477264,0.03366384282708168,-94.9617919921875,0.1991937756538391,-0.2791050374507904,0.04266451299190521
181,S0 baseline,12,-90.8701400756836,0.9442984461784363,-0.15413950383663177,0.03853127732872963,-91.63800811767578,1.0270637273788452,-0.21245022118091583,0.031293973326683044,-90.07035064697266,0.6259326338768005,-0.1180354580283165,0.010772966779768467,-93.43988037109375,0.08462529629468918,-0.1815367490053177,0.027172531932592392
181,S0 baseline,13,-93.46212768554688,1.1041595935821533,-0.3238964378833771,0.07321670651435852,-92.25920867919922,1.5446512699127197,-0.08814754337072372,0.013531138189136982,-97.0267562866211,0.37066301703453064,-0.14316795766353607,0.01380630861967802,-94.11398315429688,0.19815735518932343,-0.15875020623207092,0.028386466205120087
181,S0 baseline,14,-97.00972747802734,0.9347426295280457,-0.1198761835694313,0.01707938127219677,-91.0159912109375,0.533848226070404,-0.02407853864133358,0.017217891290783882,-89.01700592041016,0.8524946570396423,-0.011051383800804615,0.01109927985817194,-95.71385955810547,0.45399072766304016,-0.2544046640396118,0.06460315734148026
181,S0 baseline,15,-94.1674575805664,1.0915566682815552,-0.13773013651371002,0.0502108633518219,-88.17130279541016,1.7187329530715942,-0.007455502171069384,0.026723861694335938,-91.15637969970703,1.32157301902771,-0.1340935379266739,0.032252296805381775,-95.30014038085938,0.4755239486694336,-0.2982809245586395,0.06434562802314758
181,S0 baseline,16,-92.59285736083984,0.5781693458557129,-0.17827565968036652,0.05195240676403046,-90.07150268554688,0.09322872012853622,-0.20478808879852295,0.019580742344260216,-90.70665740966797,0.48153960704803467,-0.0935010090470314,0.012216943316161633,-91.27742767333984,0.8348639011383057,-0.13691700994968414,0.013612410053610802
181,S0 baseline,17,-94.94245147705078,0.6520231366157532,-0.3705514371395111,0.07565196603536606,-89.80260467529297,0.4956848919391632,-0.13636814057826996,0.02780708111822605,-93.31692504882812,1.440402626991272,-0.06493290513753891,0.030273256823420525,-94.21720123291016,0.32492563128471375,-0.0859532579779625,0.03221040591597557
181,S0 baseline,18,-92.98345184326172,0.695263147354126,-0.135221466422081,0.02922936901450157,-91.94780731201172,0.9362137913703918,0.01975485123693943,0.0205902811139822,-89.0847396850586,0.5436407327651978,0.03136863932013512,0.0069327098317444324,-95.84420013427734,0.5383233428001404,-0.34110715985298157,0.048783425241708755
181,S0 baseline,19,-93.26404571533203,0.5472457408905029,-0.13883648812770844,0.05363946780562401,-86.82939910888672,1.5632823705673218,0.018337426707148552,0.028056008741259575,-91.59520721435547,0.8804436326026917,-0.16885386407375336,0.025120876729488373,-92.9148178100586,0.4952186644077301,-0.28650808334350586,0.05929228663444519
181,S0 baseline,20,-90.2134017944336,0.9800857305526733,-0.11904769390821457,0.024292116984725,-90.59748077392578,0.7176151275634766,-0.24292202293872833,0.014889989979565144,-90.95320892333984,0.049753475934267044,-0.1236892119050026,0.008892642334103584,-90.2785873413086,1.167556881904602,-0.1467730551958084,0.012460365891456604
181,S0 baseline,21,-94.5604476928711,0.5835434794425964,-0.32917284965515137,0.0759047120809555,-93.4688949584961,0.875927209854126,-0.12097137421369553,0.07473872601985931,-93.14530181884766,1.0786951780319214,-0.10257884114980698,0.038040947169065475,-92.63135528564453,0.3677400052547455,-0.1382540911436081,0.003859063843265176
181,S1 wind +20%,0,-95.53958892822266,0.5355749726295471,-0.2312833070755005,0.03899515047669411,-94.7291030883789,0.6397818922996521,-0.16060678660869598,0.019578322768211365,-95.98473358154297,0.3104392886161804,-0.22422969341278076,0.026828497648239136,-94.12349700927734,0.4828815460205078,-0.16524404287338257,0.022294512018561363
181,S1 wind +20%,1,-86.4572982788086,1.6043667793273926,-0.11972977966070175,0.04634832218289375,-88.29513549804688,1.317124843597412,-0.028642436489462852,0.03005203604698181,-86.81661224365234,2.3516738414764404,-0.0066450126469135284,0.06457941234111786,-85.10064697265625,1.0792617797851562,-0.009481736458837986,0.039183370769023895
181,S1 wind +20%,2,-94.24271392822266,0.8317937850952148,-0.11893296241760254,0.016493812203407288,-90.6900634765625,0.7797737717628479,-0.0905967652797699,0.014397291466593742,-92.00509643554688,0.7587429285049438,-0.17019511759281158,0.01081828586757183,-95.11318969726562,0.18850171566009521,-0.22068138420581818,0.03368210420012474
181,S1 wind +20%,3,-103.87847137451172,3.2894444465637207,-0.3420459032058716,0.047964420169591904,-88.80944061279297,0.9066210985183716,-0.03430113196372986,0.03036375902593136,-90.59912109375,0.13544529676437378,-0.16190029680728912,0.062486499547958374,-89.99124145507812,2.126467227935791,-0.05682839825749397,0.06387272477149963
181,S1 wind +20%,4,-92.45149993896484,1.1747303009033203,-0.15146653354167938,0.02846003696322441,-93.35931396484375,1.4644598960876465,-0.2207004576921463,0.04218025133013725,-90.46792602539062,0.8628562092781067,0.006285503506660461,0.04892025515437126,-94.59854888916016,1.4583274126052856,-0.18089719116687775,0.02658735029399395
181,S1 wind +20%,5,-93.5293197631836,0.5983160734176636,-0.335864782333374,0.0587453618645668,-90.37088012695312,1.2147703170776367,-0.028378793969750404,0.024530498310923576,-94.12239837646484,0.1990467756986618,-0.1240464523434639,0.016274791210889816,-91.90221405029297,0.36049503087997437,-0.1323605626821518,0.011652793735265732
181,S1 wind +20%,6,-93.8622055053711,0.3404056429862976,-0.1530352234840393,0.023793844506144524,-89.77005004882812,0.4567252993583679,-0.018854456022381783,0.03200588747859001,-91.49347686767578,1.1178034543991089,-0.09435687214136124,0.01275090966373682,-94.3824234008789,0.6653706431388855,-0.3103630244731903,0.051890306174755096
181,S1 wind +20%,7,-102.37581634521484,1.3305569887161255,-0.1866905838251114,0.05013539642095566,-90.7159652709961,0.9068049788475037,0.09388166666030884,0.05362566187977791,-94.95185089111328,0.5514464378356934,-0.2243526726961136,0.06888725608587265,-94.68246459960938,0.491558700799942,-0.23610925674438477,0.010257137008011341
181,S1 wind +20%,8,-95.44902801513672,0.14774593710899353,-0.16896915435791016,0.06356777250766754,-90.134521484375,0.2668338418006897,-0.1034739539027214,0.028414791449904442,-96.3443603515625,0.1065128967165947,-0.1603717803955078,0.026331260800361633,-93.41048431396484,0.2704296410083771,-0.17721538245677948,0.027730893343687057
181,S1 wind +20%,9,-94.2490234375,0.9679014682769775,-0.3835723400115967,0.09367190301418304,-92.44329833984375,1.1374263763427734,-0.04558805748820305,0.02874687872827053,-95.95037078857422,0.3194916546344757,-0.13047952950000763,0.031130759045481682,-91.45133209228516,0.5384823679924011,-0.12885357439517975,0.036484427750110626
181,S1 wind +20%,10,-94.2200927734375,0.9407712817192078,-0.15951482951641083,0.016279639676213264,-90.92206573486328,0.780097484588623,-0.027514606714248657,0.016122493892908096,-89.7457275390625,0.7315428256988525,-0.030020037665963173,0.015769951045513153,-92.95156860351562,0.4197680652141571,-0.3032101094722748,0.07174386084079742
181,S1 wind +20%,11,-97.34400177001953,0.5388776063919067,-0.18289239704608917,0.031259141862392426,-90.47927856445312,1.4844577312469482,0.0066344160586595535,0.016833433881402016,-92.29339599609375,1.876649022102356,-0.19467586278915405,0.03663176670670509,-94.28592681884766,0.3674233555793762,-0.25711485743522644,0.04236365482211113
181,S1 wind +20%,12,-91.47203826904297,1.392525315284729,-0.143086239695549,0.054988473653793335,-90.19464111328125,1.1935524940490723,-0.18241173028945923,0.032598722726106644,-90.2069320678711,0.7210907340049744,-0.12202759832143784,0.010529641062021255,-93.52255249023438,0.14611290395259857,-0.17616669833660126,0.02711055614054203
181,S1 wind +20%,13,-93.1666259765625,1.0317093133926392,-0.28627440333366394,0.07384265214204788,-93.11869049072266,1.6215018033981323,-0.06127600371837616,0.008077072910964489,-97.07381439208984,0.321339875459671,-0.14748358726501465,0.013025578111410141,-94.0453872680664,0.11185504496097565,-0.16598933935165405,0.024559877812862396
181,S1 wind +20%,14,-96.92293548583984,0.9725114703178406,-0.1176215410232544,0.016437692567706108,-90.582763671875,0.6219627857208252,-0.018912380561232567,0.013791771605610847,-89.07333374023438,0.9247491359710693,-0.018375517800450325,0.007356034126132727,-95.23543548583984,0.6793889999389648,-0.24603064358234406,0.06719879060983658
181,S1 wind +20%,15,-94.07892608642578,1.1552045345306396,-0.14011026918888092,0.05094404146075249,-89.14871215820312,2.5687167644500732,-0.01059586089104414,0.022799266502261162,-91.15637969970703,1.32157301902771,-0.13792704045772552,0.03644701465964317,-95.41226959228516,0.4471593499183655,-0.30561962723731995,0.060968704521656036
181,S1 wind +20%,16,-93.01443481445312,0.7028405666351318,-0.16940200328826904,0.0539480559527874,-88.70999908447266,0.6685246229171753,-0.2012709379196167,0.02474992163479328,-90.88211822509766,0.419232040643692,-0.09373802691698074,0.018661729991436005,-91.7867431640625,0.6174907684326172,-0.14952798187732697,0.00269346428103745
181,S1 wind +20%,17,-94.83451080322266,0.8196726441383362,-0.3564893901348114,0.08378494530916214,-87.6700210571289,0.4864272475242615,-0.08457907289266586,0.045779235661029816,-93.0160903930664,1.2044731378555298,-0.075334832072258,0.03728099539875984,-94.90676879882812,0.6883194446563721,-0.08774998039007187,0.03276567906141281
181,S1 wind +20%,18,-92.82308197021484,0.7552744746208191,-0.12234234809875488,0.021956047043204308,-90.24358367919922,1.1890729665756226,0.0294966921210289,0.011672441847622395,-89.13250732421875,0.4930574297904968,0.02861999161541462,0.006480587180703878,-96.22441864013672,0.6804760098457336,-0.349092572927475,0.049586910754442215
181,S1 wind +20%,19,-93.323974609375,0.4905526041984558,-0.13417713344097137,0.0580388568341732,-87.62374114990234,1.1849260330200195,0.02108943648636341,0.03152153268456459,-91.59520721435547,0.8804436326026917,-0.1718512773513794,0.025210203602910042,-93.73505401611328,0.8589604496955872,-0.2988073527812958,0.050186797976493835
181,S1 wind +20%,20,-90.58065032958984,1.238988995552063,-0.1112000122666359,0.03726114332675934,-90.06494903564453,0.12098797410726547,-0.21730278432369232,0.029104048386216164,-90.6689224243164,0.599532961845398,-0.12434159964323044,0.015940876677632332,-90.16124725341797,1.7174911499023438,-0.14226745069026947,0.01632513478398323
181,S1 wind +20%,21,-94.33737182617188,0.48101672530174255,-0.3098621666431427,0.08359263837337494,-91.54241943359375,1.104349136352539,0.014109854586422443,0.051784947514534,-93.2215576171875,0.9613906145095825,-0.10441303253173828,0.033113639801740646,-92.9557113647461,0.5832502841949463,-0.12820643186569214,0.00807405635714531
181,S2 heatwave +5K,0,-94.96070098876953,0.5341660976409912,-0.24588792026042938,0.02672644518315792,-94.78754425048828,1.049180269241333,-0.18872497975826263,0.028443200513720512,-95.6434555053711,0.4368625283241272,-0.22714054584503174,0.019025323912501335,-90.12732696533203,0.5705781579017639,-0.11967926472425461,0.03252071142196655
181,S2 heatwave +5K,1,-87.4925537109375,1.3410696983337402,-0.23787085711956024,0.059882234781980515,-85.32671356201172,1.777803659439087,-0.04034909978508949,0.01084245927631855,-84.52623748779297,1.8814826011657715,-0.020338602364063263,0.07944124937057495,-83.13037872314453,1.7445372343063354,-0.0736275240778923,0.05426931753754616
181,S2 heatwave +5K,2,-94.42696380615234,0.5623248815536499,-0.11672959476709366,0.021842271089553833,-90.11714935302734,1.3464471101760864,-0.07548274844884872,0.019164150580763817,-91.86593627929688,0.6412656307220459,-0.21521282196044922,0.02045133151113987,-93.21469116210938,0.49515774846076965,-0.19891995191574097,0.03815547004342079
181,S2 heatwave +5K,3,-104.60787200927734,3.561291217803955,-0.348263144493103,0.053322311490774155,-88.33667755126953,1.0029081106185913,-0.033247917890548706,0.028134124353528023,-90.7153091430664,0.12861402332782745,-0.18748588860034943,0.05781876668334007,-92.00152587890625,2.7438437938690186,-0.12252411246299744,0.07482930272817612
181,S2 heatwave +5K,4,-92.239501953125,0.9909167885780334,-0.16888964176177979,0.022060157731175423,-93.67654418945312,0.8879024982452393,-0.24941350519657135,0.052863363176584244,-91.56148529052734,1.8587936162948608,0.002038282109424472,0.03205316513776779,-89.82525634765625,0.6164605617523193,-0.13057848811149597,0.044613566249608994
181,S2 heatwave +5K,5,-94.04803466796875,0.7456861138343811,-0.35863807797431946,0.046850889921188354,-87.63871002197266,0.9139114618301392,-0.0512746125459671,0.010991750285029411,-91.7896957397461,1.5273131132125854,-0.11740817874670029,0.020311536267399788,-88.3382339477539,0.7311196327209473,-0.13404834270477295,0.035591971129179
181,S2 heatwave +5K,6,-94.39774322509766,0.6484694480895996,-0.15418581664562225,0.029866773635149002,-90.9253921508789,0.916350245475769,-0.045442815870046616,0.01740594580769539,-91.33834838867188,1.4086753129959106,-0.1174815222620964,0.012194174341857433,-92.95055389404297,0.2889290750026703,-0.28718820214271545,0.04030156880617142
181,S2 heatwave +5K,7,-100.94486236572266,1.5944817066192627,-0.16031672060489655,0.04375588893890381,-90.1241226196289,0.16063101589679718,0.09465648978948593,0.05247828736901283,-95.2224349975586,1.0239410400390625,-0.24041438102722168,0.06956833600997925,-94.21115112304688,0.6544163823127747,-0.2567214369773865,0.008890756405889988
181,S2 heatwave +5K,8,-94.1141357421875,0.3359048068523407,-0.17203138768672943,0.054163891822099686,-88.35845947265625,0.6004213690757751,-0.14049823582172394,0.019976643845438957,-93.28136444091797,1.0178368091583252,-0.16160953044891357,0.027707142755389214,-93.45431518554688,0.02919143997132778,-0.1793866753578186,0.042246997356414795
181,S2 heatwave +5K,9,-95.0230941772461,0.6587082147598267,-0.42417147755622864,0.0629207193851471,-90.49734497070312,0.6571683883666992,-0.10788654536008835,0.012782217934727669,-92.94214630126953,0.8619652986526489,-0.11864540725946426,0.012738131918013096,-88.5554428100586,0.5766175389289856,-0.12955613434314728,0.03292657807469368
181,S2 heatwave +5K,10,-93.61479949951172,0.8863990902900696,-0.13830536603927612,0.017282826825976372,-90.63937377929688,0.6684929728507996,-0.04572935029864311,0.004998913034796715,-89.65514373779297,0.9982143044471741,-0.049222707748413086,0.019847432151436806,-93.1855697631836,0.4817847013473511,-0.276539146900177,0.06130696088075638
181,S2 heatwave +5K,11,-96.74613189697266,0.0701732262969017,-0.16494296491146088,0.02118375338613987,-89.36902618408203,1.6503825187683105,-0.0005410574376583099,0.013409167528152466,-91.9019546508789,1.8277941942214966,-0.21472929418087006,0.03377993777394295,-92.0484619140625,1.195572853088379,-0.24210326373577118,0.045908331871032715
181,S2 heatwave +5K,12,-90.61905670166016,0.854361355304718,-0.14872880280017853,0.042536769062280655,-91.26971435546875,0.8803304433822632,-0.22049152851104736,0.0255968626588583,-89.61956787109375,0.5200360417366028,-0.1166248694062233,0.019796911627054214,-93.14705657958984,0.15597769618034363,-0.1704268455505371,0.029805876314640045
181,S2 heatwave +5K,13,-93.4119873046875,0.7728193402290344,-0.3389268219470978,0.05692156031727791,-92.2752914428711,1.2202383279800415,-0.12922446429729462,0.004624240566045046,-96.8014907836914,0.14622291922569275,-0.1419985145330429,0.012851949781179428,-94.0967788696289,0.09230904281139374,-0.16565275192260742,0.022753050550818443
181,S2 heatwave +5K,14,-96.8040771484375,1.0393342971801758,-0.1182568296790123,0.01892179064452648,-90.49820709228516,0.4232965111732483,-0.022481277585029602,0.018195128068327904,-89.36041259765625,0.6165405511856079,-0.02245570905506611,0.0074867322109639645,-95.3667221069336,0.7100677490234375,-0.26576176285743713,0.06870274990797043
181,S2 heatwave +5K,15,-94.2600326538086,0.9531257748603821,-0.13165844976902008,0.04184809327125549,-86.90533447265625,1.6367403268814087,-0.0016429288079962134,0.027330443263053894,-90.81023406982422,1.5340461730957031,-0.16987626254558563,0.02725088782608509,-92.35834503173828,1.2742167711257935,-0.2622511684894562,0.055099006742239
181,S2 heatwave +5K,16,-92.42901611328125,0.6530286073684692,-0.17971546947956085,0.05083496496081352,-89.9654312133789,0.1679704785346985,-0.22004707157611847,0.021040838211774826,-90.1654281616211,0.23836952447891235,-0.08826758712530136,0.003993384074419737,-90.86113739013672,0.7094310522079468,-0.11758715659379959,0.019893987104296684
181,S2 heatwave +5K,17,-95.16155242919922,0.24751803278923035,-0.3944590389728546,0.05750718712806702,-90.56539916992188,0.3684135973453522,-0.15682266652584076,0.020697159692645073,-92.86934661865234,1.6460176706314087,-0.07102986425161362,0.023993896320462227,-93.90472412109375,0.5283902883529663,-0.09004193544387817,0.023271823301911354
181,S2 heatwave +5K,18,-92.9686050415039,0.9039588570594788,-0.1275991052389145,0.031192680820822716,-91.51654052734375,0.5883827209472656,0.021244334056973457,0.023168310523033142,-88.71401977539062,0.6684961915016174,-0.006276691798120737,0.017461435869336128,-95.0696029663086,0.5689641237258911,-0.3360426425933838,0.042032212018966675
181,S2 heatwave +5K,19,-93.4078369140625,0.6419090628623962,-0.1378965973854065,0.04686710610985756,-85.72940826416016,1.3115379810333252,0.02578221820294857,0.027944274246692657,-91.40536499023438,0.5634617805480957,-0.20212368667125702,0.01512411329895258,-90.9592514038086,0.822564959526062,-0.2621055245399475,0.04563039913773537
181,S2 heatwave +5K,20,-90.05196380615234,0.902273416519165,-0.1156802773475647,0.03078381158411503,-90.06139373779297,0.7493804097175598,-0.23675347864627838,0.011761817149817944,-90.88451385498047,0.4872649312019348,-0.12474745512008667,0.013238213025033474,-87.11260223388672,1.366469144821167,-0.12080013006925583,0.022160515189170837
181,S2 heatwave +5K,21,-94.95162963867188,0.48196935653686523,-0.34840789437294006,0.06456577032804489,-93.62371826171875,1.0521794557571411,-0.14696769416332245,0.06695909798145294,-93.1452865600586,1.170320749282837,-0.1140308603644371,0.028564808890223503,-92.79401397705078,0.34454038739204407,-0.14794400334358215,0.007847272790968418
181,S3 drying RH -30%,0,-95.21253204345703,0.7255304455757141,-0.2451656609773636,0.02648777887225151,-94.7406997680664,1.0194692611694336,-0.18037249147891998,0.030084708705544472,-95.6569595336914,0.24510672688484192,-0.22577209770679474,0.017284948378801346,-89.70336151123047,0.46967750787734985,-0.13823258876800537,0.02474082075059414
181,S3 drying RH -30%,1,-86.6178207397461,1.8537352085113525,-0.14700977504253387,0.05520721524953842,-84.33728790283203,1.4591355323791504,-0.010128412395715714,0.02078484185039997,-84.32318878173828,2.0139966011047363,-0.0013260729610919952,0.06443170458078384,-83.26116180419922,1.7634402513504028,-0.045381177216768265,0.06391098350286484
181,S3 drying RH -30%,2,-94.48262786865234,0.6207410097122192,-0.12483027577400208,0.013719283975660801,-90.36197662353516,1.3649581670761108,-0.07682162523269653,0.019207363948225975,-91.86593627929688,0.6412656307220459,-0.17743901908397675,0.015427026897668839,-93.52816009521484,0.4679260849952698,-0.20282535254955292,0.03918076306581497
181,S3 drying RH -30%,3,-104.82825469970703,3.4048211574554443,-0.353858083486557,0.04949965700507164,-88.86426544189453,1.1066210269927979,-0.03458679839968681,0.02656419947743416,-90.7153091430664,0.12861402332782745,-0.16110163927078247,0.06302496045827866,-92.06632232666016,2.6523818969726562,-0.1289268136024475,0.07470045983791351
181,S3 drying RH -30%,4,-92.30001831054688,1.0078365802764893,-0.16888964176177979,0.022060157731175423,-93.62970733642578,0.8336958289146423,-0.24620302021503448,0.05132190138101578,-91.6290054321289,1.7479296922683716,0.018679210916161537,0.03461769223213196,-89.86629486083984,0.7518635988235474,-0.1479431390762329,0.03294632211327553
181,S3 drying RH -30%,5,-93.6248550415039,0.7510771155357361,-0.3552192151546478,0.051146022975444794,-87.09908294677734,1.5556226968765259,-0.006431111600250006,0.015851300209760666,-91.79813385009766,1.5197221040725708,-0.11663929373025894,0.023370865732431412,-88.26000213623047,0.7021798491477966,-0.12657798826694489,0.03298996388912201
181,S3 drying RH -30%,6,-94.4912338256836,0.5163003206253052,-0.16579672694206238,0.03241071477532387,-91.0283203125,0.9002795219421387,-0.042458608746528625,0.014220111072063446,-91.38858795166016,1.3926643133163452,-0.1045762300491333,0.01704884134232998,-92.95055389404297,0.2889290750026703,-0.2997070252895355,0.044667843729257584
181,S3 drying RH -30%,7,-100.9571304321289,1.5945055484771729,-0.16026227176189423,0.044854629784822464,-90.0073471069336,0.3257836699485779,0.09480708837509155,0.05018851161003113,-95.2224349975586,1.0239410400390625,-0.24041438102722168,0.06956833600997925,-94.0499496459961,0.7600293159484863,-0.25325044989585876,0.005111377686262131
181,S3 drying RH -30%,8,-94.26314544677734,0.1121758446097374,-0.17380781471729279,0.0597863644361496,-88.243408203125,0.6095871329307556,-0.12736009061336517,0.019332466647028923,-93.0952377319336,1.317733645439148,-0.1311202496290207,0.017536958679556847,-93.25872802734375,0.16387642920017242,-0.19675129652023315,0.03352140262722969
181,S3 drying RH -30%,9,-94.619140625,1.078010082244873,-0.41264715790748596,0.0749235451221466,-89.79327392578125,0.3858172297477722,-0.07490623742341995,0.026168467476963997,-92.916015625,0.8537270426750183,-0.11637967824935913,0.014242053031921387,-88.35372924804688,0.4870660901069641,-0.11733827739953995,0.03793491795659065
181,S3 drying RH -30%,10,-93.70828247070312,0.7751113176345825,-0.14816756546497345,0.01947653293609619,-91.02484893798828,0.5629457235336304,-0.04706822708249092,0.0032667149789631367,-89.67621612548828,0.9743029475212097,-0.030984140932559967,0.02017723210155964,-91.14752960205078,0.4559650421142578,-0.27861082553863525,0.07040116935968399
181,S3 drying RH -30%,11,-96.96652221679688,0.2386884093284607,-0.17542843520641327,0.028482481837272644,-89.65457153320312,1.4589375257492065,-9.710900485515594e-05,0.013021742925047874,-91.91806030273438,1.8276230096817017,-0.19847805798053741,0.04129863530397415,-92.73947143554688,0.7154938578605652,-0.26596710085868835,0.04403865337371826
181,S3 drying RH -30%,12,-90.61905670166016,0.854361355304718,-0.1536739319562912,0.03560951352119446,-91.26971435546875,0.8803304433822632,-0.22049152851104736,0.0255968626588583,-89.43930053710938,0.871723473072052,-0.10110453516244888,0.014517049305140972,-93.1551742553711,0.08652777224779129,-0.1817745566368103,0.02435777336359024
181,S3 drying RH -30%,13,-93.16320037841797,1.4324015378952026,-0.3222770690917969,0.07548953592777252,-91.57122802734375,1.2878588438034058,-0.08668654412031174,0.01505319308489561,-96.5288314819336,0.18487682938575745,-0.13881565630435944,0.010594204068183899,-94.01854705810547,0.08988839387893677,-0.155343696475029,0.026909977197647095
181,S3 drying RH -30%,14,-96.8040771484375,1.0393342971801758,-0.11720629781484604,0.02016615681350231,-90.40362548828125,0.4233317971229553,-0.022330665960907936,0.019062988460063934,-89.36041259765625,0.6165405511856079,-0.02245570905506611,0.0074867322109639645,-95.23201751708984,0.7109410762786865,-0.2641177773475647,0.07044270634651184
181,S3 drying RH -30%,15,-94.48043060302734,1.0388706922531128,-0.14274294674396515,0.047571636736392975,-87.27474212646484,1.476270079612732,-0.0011989778140559793,0.024282798171043396,-90.88155364990234,1.59195876121521,-0.14462850987911224,0.027262242510914803,-92.46996307373047,1.3097950220108032,-0.27837806940078735,0.06816963106393814
181,S3 drying RH -30%,16,-92.42901611328125,0.6530286073684692,-0.18168942630290985,0.052166931331157684,-89.4296646118164,0.1549334079027176,-0.20610599219799042,0.018158432096242905,-90.18853759765625,0.24465197324752808,-0.07871032506227493,0.007978202775120735,-90.74783325195312,0.7959074378013611,-0.13614048063755035,0.013130622915923595
181,S3 drying RH -30%,17,-94.75759887695312,0.4270031452178955,-0.3774591386318207,0.0754324346780777,-89.5868911743164,0.17232364416122437,-0.13490712642669678,0.02843969129025936,-92.85696411132812,1.6053458452224731,-0.06420615315437317,0.02797122299671173,-93.44995880126953,0.4231080710887909,-0.08424746990203857,0.03264771029353142
181,S3 drying RH -30%,18,-93.06209564208984,0.7880480289459229,-0.13953231275081635,0.0372488759458065,-91.73099517822266,0.5214489698410034,0.01990545727312565,0.02137642912566662,-88.71605682373047,0.6710222959518433,0.019894003868103027,0.010663979686796665,-95.0696029663086,0.5689641237258911,-0.33865785598754883,0.04849855601787567
181,S3 drying RH -30%,19,-93.5785903930664,0.6926815509796143,-0.1478155553340912,0.05361645668745041,-86.25699615478516,1.2985285520553589,0.024443337693810463,0.026381108909845352,-91.40536499023438,0.5634617805480957,-0.17566610872745514,0.021491561084985733,-91.37041473388672,0.5224687457084656,-0.2812279760837555,0.05757274106144905
181,S3 drying RH -30%,20,-90.05196380615234,0.902273416519165,-0.1156802773475647,0.03078381158411503,-89.96991729736328,0.8174710273742676,-0.23582012951374054,0.010960020124912262,-90.4821548461914,0.33455732464790344,-0.11286506801843643,0.011979826726019382,-87.24417877197266,1.5303133726119995,-0.12981802225112915,0.01510589849203825
181,S3 drying RH -30%,21,-94.16397094726562,0.6129411458969116,-0.3286300599575043,0.07562276721000671,-92.82595825195312,0.8909339308738708,-0.1185557022690773,0.07636932283639908,-93.06525421142578,1.186085820198059,-0.11118372529745102,0.032367583364248276,-92.71221160888672,0.22897034883499146,-0.1401061862707138,0.0050122300162911415
181,S4 rain-out,0,-95.71781158447266,0.8920819163322449,-0.2593049108982086,0.04721701145172119,-94.59075927734375,0.5324494242668152,-0.17622829973697662,0.034300483763217926,-96.1973876953125,0.04200966656208038,-0.21789102256298065,0.02280501089990139,-93.25493621826172,0.783193051815033,-0.14696528017520905,0.021350746974349022
181,S4 rain-out,1,-87.20389556884766,1.5250695943832397,-0.12323066592216492,0.06210120767354965,-85.1232681274414,1.4665493965148926,-0.018816709518432617,0.03484508395195007,-84.49190521240234,1.9249331951141357,0.012400969862937927,0.05791055038571358,-85.12403106689453,1.2627003192901611,-0.018084539100527763,0.04740012437105179
181,S4 rain-out,2,-95.29105377197266,0.6781976819038391,-0.16639305651187897,0.029981249943375587,-90.98434448242188,1.6891965866088867,-0.10376127809286118,0.0028920266777276993,-90.68712615966797,0.17757025361061096,-0.20267875492572784,0.009732302278280258,-94.01842498779297,1.0677905082702637,-0.20420442521572113,0.03404710441827774
181,S4 rain-out,3,-104.45905303955078,3.553887128829956,-0.3745589256286621,0.0646309107542038,-89.27392578125,1.2672181129455566,-0.0448836088180542,0.022527426481246948,-90.8180923461914,0.13846158981323242,-0.17621630430221558,0.06232220679521561,-90.51653289794922,1.9944871664047241,-0.07449591159820557,0.06687969714403152
181,S4 rain-out,4,-92.6775894165039,0.6206201910972595,-0.1870129555463791,0.03030095249414444,-93.7358627319336,1.8435369729995728,-0.2276143580675125,0.04662691056728363,-90.9067153930664,1.1524648666381836,-0.0026317983865737915,0.04010359197854996,-93.03520965576172,1.4779678583145142,-0.14992325007915497,0.027233242988586426
181,S4 rain-out,5,-94.35201263427734,0.6423362493515015,-0.35003232955932617,0.07441330701112747,-87.72293853759766,1.650522232055664,-0.008905536495149136,0.02230987697839737,-91.83025360107422,1.6079105138778687,-0.11045161634683609,0.02811495028436184,-91.6642074584961,0.15968817472457886,-0.14968347549438477,0.0289617832750082
181,S4 rain-out,6,-95.93334197998047,0.30394771695137024,-0.21267758309841156,0.024807382375001907,-93.43529510498047,0.9019195437431335,-0.12143782526254654,0.016133779659867287,-91.91046142578125,1.0021861791610718,-0.07596209645271301,0.02768835984170437,-94.53070068359375,0.9211942553520203,-0.30640944838523865,0.061354849487543106
181,S4 rain-out,7,-101.91238403320312,1.7393696308135986,-0.19904017448425293,0.044680263847112656,-91.3249282836914,0.6524916291236877,0.07257039099931717,0.053655341267585754,-93.2408218383789,0.6983082294464111,-0.21131187677383423,0.06271430850028992,-93.2137680053711,1.406637191772461,-0.2208452671766281,0.011952092871069908
181,S4 rain-out,8,-95.42668914794922,0.5245315432548523,-0.19031178951263428,0.04670483618974686,-88.5345687866211,0.25253626704216003,-0.11023073643445969,0.03341037780046463,-93.82369995117188,1.0539625883102417,-0.14326868951320648,0.026237305253744125,-93.40448760986328,0.4694708585739136,-0.18302913010120392,0.03939665108919144
181,S4 rain-out,9,-95.04656219482422,0.8842023611068726,-0.4153662621974945,0.08076494932174683,-90.32440185546875,0.642578125,-0.08793959766626358,0.029322989284992218,-92.26929473876953,0.5048850774765015,-0.11095575243234634,0.03325377777218819,-91.44326782226562,0.8860477805137634,-0.12658792734146118,0.03735535591840744
181,S4 rain-out,10,-94.47600555419922,1.0898337364196777,-0.17813920974731445,0.032116081565618515,-92.28221893310547,0.3513320982456207,-0.06083567813038826,0.012697337195277214,-90.8668212890625,0.8400643467903137,-0.05817456170916557,0.024206319823861122,-92.73324584960938,1.2815008163452148,-0.2907629609107971,0.08344011008739471
181,S4 rain-out,11,-97.63055419921875,0.24843208491802216,-0.19636577367782593,0.03217046335339546,-91.14859771728516,1.7093560695648193,-0.013840981759130955,0.012527274899184704,-90.21780395507812,1.92140531539917,-0.2112613469362259,0.03253582492470741,-94.19905853271484,0.8026880621910095,-0.262668251991272,0.027198242023587227
181,S4 rain-out,12,-91.48550415039062,0.9035096168518066,-0.1862272471189499,0.04869953170418739,-91.03980255126953,0.6140536069869995,-0.1875908225774765,0.044443175196647644,-94.42245483398438,0.763275146484375,-0.1927938461303711,0.019126448780298233,-94.11383819580078,0.06691254675388336,-0.199903205037117,0.03043917566537857
181,S4 rain-out,13,-94.19535064697266,1.0794888734817505,-0.34013405442237854,0.07411432266235352,-92.53963470458984,1.7032532691955566,-0.09772276878356934,0.01772467978298664,-97.05394744873047,0.2443007379770279,-0.14449091255664825,0.019194237887859344,-94.11417388916016,0.6629117727279663,-0.15229038894176483,0.03441818058490753
181,S4 rain-out,14,-97.749755859375,0.8023555874824524,-0.1503882110118866,0.03442035987973213,-91.5971908569336,0.5685093998908997,-0.042202096432447433,0.00960043165832758,-90.0955581665039,1.0501221418380737,-0.043670717626810074,0.027219319716095924,-95.31619262695312,0.9354384541511536,-0.24057120084762573,0.06997449696063995
181,S4 rain-out,15,-94.449951171875,0.6975595355033875,-0.16048534214496613,0.05682157352566719,-88.73755645751953,1.52178156375885,-0.019760390743613243,0.02149767056107521,-92.02933502197266,1.4150463342666626,-0.18840734660625458,0.04623261094093323,-94.72563934326172,0.7127476334571838,-0.3004707992076874,0.0738312155008316
181,S4 rain-out,16,-93.08892059326172,1.1049376726150513,-0.19381524622440338,0.06050760671496391,-89.39923095703125,0.766124963760376,-0.18024468421936035,0.025852670893073082,-95.04654693603516,0.610434889793396,-0.17867590487003326,0.02653297781944275,-91.93032836914062,0.8840871453285217,-0.15429182350635529,0.015583462081849575
181,S4 rain-out,17,-95.77401733398438,0.7939069867134094,-0.39200258255004883,0.07379720360040665,-90.10689544677734,0.43782782554626465,-0.14668773114681244,0.023661525920033455,-95.94991302490234,0.742327868938446,-0.14602446556091309,0.02284884825348854,-95.26728057861328,0.36536502838134766,-0.13184110820293427,0.03207185119390488
181,S4 rain-out,18,-93.69763946533203,0.8181991577148438,-0.170310840010643,0.04213259741663933,-92.52552032470703,0.9066290855407715,0.003035197965800762,0.008421379141509533,-87.62894439697266,0.5414597988128662,0.002297780942171812,0.02246614545583725,-94.7770004272461,0.9619776606559753,-0.3310348391532898,0.05304349586367607
181,S4 rain-out,19,-93.8252944946289,0.3484199047088623,-0.16912268102169037,0.06003131717443466,-87.23119354248047,1.1907944679260254,0.0029829852283000946,0.018291963264346123,-91.41693115234375,0.6942014098167419,-0.18944627046585083,0.025807270780205727,-92.1312484741211,0.9633692502975464,-0.28487709164619446,0.07097599655389786
181,S4 rain-out,20,-91.0002212524414,1.0448846817016602,-0.16257722675800323,0.047268934547901154,-90.1144790649414,0.2869834303855896,-0.22772018611431122,0.00833231583237648,-94.05511474609375,0.6756364107131958,-0.12365889549255371,0.03840126097202301,-91.2841567993164,1.4761674404144287,-0.14275257289409637,0.013588319532573223
181,S4 rain-out,21,-95.26617431640625,0.5070059299468994,-0.33914482593536377,0.08110205084085464,-93.68250274658203,0.9466134309768677,-0.1471080780029297,0.06430953741073608,-93.1213607788086,1.2026114463806152,-0.10328523069620132,0.04311906918883324,-92.75843048095703,0.7525280714035034,-0.13609591126441956,0.00809567142277956
181,S5 deep drought,0,-95.21195220947266,0.5940582156181335,-0.2712244987487793,0.03212837502360344,-93.88323974609375,0.4545242488384247,-0.17701540887355804,0.024796295911073685,-95.6485824584961,0.4423776865005493,-0.20968036353588104,0.01405080035328865,-92.3510971069336,0.4003787338733673,-0.13559646904468536,0.019835324957966805
181,S5 deep drought,1,-86.43265533447266,1.6048814058303833,-0.1352904886007309,0.0604313500225544,-83.71031951904297,1.0888851881027222,0.008158995769917965,0.026945974677801132,-84.4826889038086,1.8394795656204224,0.005075918976217508,0.0633651465177536,-85.50524139404297,1.20197594165802,-0.041398320347070694,0.04890434071421623
181,S5 deep drought,2,-94.1788558959961,0.8100765943527222,-0.11321673542261124,0.019553476944565773,-90.50394439697266,1.2088857889175415,-0.07999707013368607,0.01785530522465706,-92.24109649658203,0.6941167712211609,-0.1627989560365677,0.011808417737483978,-94.8528823852539,0.237038254737854,-0.2059863656759262,0.03572310134768486
181,S5 deep drought,3,-104.39432525634766,3.437791109085083,-0.3507433831691742,0.05164538323879242,-88.81460571289062,1.083695650100708,-0.03201860561966896,0.02713032066822052,-90.9454574584961,0.36129510402679443,-0.17243839800357819,0.06429944187402725,-93.04965209960938,2.011096715927124,-0.14529702067375183,0.06810043007135391
181,S5 deep drought,4,-92.17833709716797,1.0396488904953003,-0.19273997843265533,0.028144212439656258,-93.8833999633789,0.6528931856155396,-0.25094738602638245,0.05265162140130997,-92.05303955078125,1.8800528049468994,0.012365657836198807,0.032220203429460526,-90.25302124023438,0.8271379470825195,-0.14435596764087677,0.034756019711494446
181,S5 deep drought,5,-93.5462417602539,0.6195444464683533,-0.3669348955154419,0.049712054431438446,-87.7078857421875,1.4631271362304688,-0.0182249266654253,0.0212734155356884,-91.80147552490234,1.529695749282837,-0.12178004533052444,0.017641834914684296,-90.92498779296875,0.48119890689849854,-0.14295513927936554,0.0304549690335989
181,S5 deep drought,6,-93.99258422851562,0.6183910965919495,-0.15349873900413513,0.025128843262791634,-91.19189453125,0.5812641382217407,-0.04824269935488701,0.017996765673160553,-91.01004028320312,1.3789981603622437,-0.07588273286819458,0.017486590892076492,-93.7845687866211,0.3420531749725342,-0.29641973972320557,0.044719479978084564
181,S5 deep drought,7,-100.94486236572266,1.5944817066192627,-0.15918022394180298,0.04506044462323189,-89.0866470336914,0.556412398815155,0.09465648978948593,0.05247828736901283,-95.1765365600586,1.014643907546997,-0.22494442760944366,0.07239200174808502,-94.46814727783203,0.7986854314804077,-0.2528313994407654,0.00231546675786376
181,S5 deep drought,8,-94.145263671875,0.41168320178985596,-0.18722911179065704,0.05174819752573967,-88.59471893310547,0.5650016665458679,-0.11775467544794083,0.026392541825771332,-93.54205322265625,1.1839547157287598,-0.14289581775665283,0.025369996204972267,-93.41997528076172,0.0570022277534008,-0.19123102724552155,0.03907390311360359
181,S5 deep drought,9,-94.46410369873047,0.8420913219451904,-0.40921473503112793,0.08130046725273132,-89.88180541992188,0.3786769509315491,-0.07490623742341995,0.026168467476963997,-92.82138061523438,0.7910473942756653,-0.11524037271738052,0.016568241640925407,-91.09258270263672,0.7687200307846069,-0.1310478150844574,0.030513621866703033
181,S5 deep drought,10,-93.4704818725586,0.8576069474220276,-0.1410454660654068,0.01592601276934147,-91.45114135742188,0.42118147015571594,-0.05139131471514702,0.0034705374855548143,-89.99588775634766,0.8001358509063721,-0.02444063313305378,0.01696185953915119,-93.3278579711914,0.5811333656311035,-0.2902041971683502,0.07342520356178284
181,S5 deep drought,11,-96.7970199584961,0.27086520195007324,-0.16364999115467072,0.025458719581365585,-89.99173736572266,1.8389133214950562,-0.0046678283251821995,0.015402672812342644,-91.8218765258789,1.6208189725875854,-0.15530768036842346,0.03366916626691818,-94.42529296875,0.14401724934577942,-0.27254632115364075,0.043318528681993484
181,S5 deep drought,12,-90.63091278076172,1.0004740953445435,-0.1096261516213417,0.04284638166427612,-91.29341888427734,0.832758903503418,-0.22049152851104736,0.0255968626588583,-89.89385986328125,0.7400151491165161,-0.11877426505088806,0.010741372592747211,-92.88473510742188,0.3457740247249603,-0.18070948123931885,0.026219042018055916
181,S5 deep drought,13,-92.93414306640625,1.2119975090026855,-0.35164716839790344,0.08072790503501892,-91.9864501953125,1.607323169708252,-0.08814754337072372,0.013531138189136982,-97.0267562866211,0.37066301703453064,-0.14316795766353607,0.01380630861967802,-94.01854705810547,0.08988839387893677,-0.15835745632648468,0.028938395902514458
181,S5 deep drought,14,-96.96324920654297,0.9313129782676697,-0.11704055219888687,0.017387522384524345,-90.5663833618164,0.44225066900253296,-0.022481277585029602,0.018195128068327904,-89.01374053955078,0.6652390360832214,-0.017680851742625237,0.007361292839050293,-96.1010971069336,0.6900672316551208,-0.26399460434913635,0.07006563991308212
181,S5 deep drought,15,-94.11624145507812,1.1281179189682007,-0.13546331226825714,0.04958736523985863,-87.88077545166016,1.760915756225586,-0.005327127408236265,0.028926532715559006,-90.8116226196289,1.1015076637268066,-0.12686996161937714,0.03580467775464058,-94.83574676513672,0.3161846995353699,-0.29172226786613464,0.06698185950517654
181,S5 deep drought,16,-92.27596282958984,0.7163763642311096,-0.17166768014431,0.05968241021037102,-90.0145034790039,0.00960516557097435,-0.21013541519641876,0.01584692858159542,-89.58837127685547,0.5342703461647034,-0.07542158663272858,0.006012205500155687,-90.84014129638672,0.7156891822814941,-0.1360897421836853,0.013049593195319176
181,S5 deep drought,17,-94.7706298828125,0.43986350297927856,-0.37789463996887207,0.07668564468622208,-89.4713363647461,0.12012657523155212,-0.1325584501028061,0.02973068505525589,-91.84909057617188,1.7851576805114746,-0.04036620631814003,0.03111771121621132,-94.09029388427734,0.2649696469306946,-0.08061746507883072,0.03808792680501938
181,S5 deep drought,18,-92.82376861572266,0.8548800945281982,-0.13273170590400696,0.028340457007288933,-91.69921112060547,0.7381352186203003,0.018444448709487915,0.021842213347554207,-88.28397369384766,0.21202127635478973,0.03465576842427254,0.009199250489473343,-95.7743911743164,0.6667868494987488,-0.33982279896736145,0.04800361767411232
181,S5 deep drought,19,-93.49654388427734,0.5327627062797546,-0.14095230400562286,0.05271020904183388,-85.3671646118164,1.7041422128677368,0.0226605087518692,0.028694428503513336,-91.20999908447266,0.690163791179657,-0.13636894524097443,0.020661665126681328,-92.38912200927734,0.13452772796154022,-0.2863255441188812,0.058755721896886826
181,S5 deep drought,20,-90.1270980834961,0.8043813705444336,-0.13358528912067413,0.03656820207834244,-90.52081298828125,0.699017345905304,-0.237542524933815,0.01313166692852974,-88.13614654541016,1.0351440906524658,-0.09727346897125244,0.004484004341065884,-89.74166870117188,1.136877417564392,-0.14424364268779755,0.013757171109318733
181,S5 deep drought,21,-94.5604476928711,0.5835434794425964,-0.3271520435810089,0.07397758215665817,-93.21601104736328,0.7830163836479187,-0.11356925964355469,0.07732174545526505,-93.11681365966797,1.2053627967834473,-0.10161173343658447,0.03940862417221069,-92.75011444091797,0.28250813484191895,-0.14049892127513885,0.004457148723304272
181,S6 relocate: high-relief,0,-95.06523895263672,0.86383056640625,-0.26726481318473816,0.009560675360262394,-95.9739990234375,0.49065589904785156,-0.26271870732307434,0.019563201814889908,-96.98788452148438,0.3324260413646698,-0.2619720995426178,0.02073795534670353,-93.85531616210938,0.5069844722747803,-0.23284912109375,0.013595915399491787
181,S6 relocate: high-relief,1,-89.90064239501953,0.7613967657089233,-0.15946777164936066,0.009923205710947514,-86.3208236694336,2.041489601135254,-0.10267528146505356,0.022786520421504974,-88.2883071899414,0.958652913570404,-0.10488184541463852,0.056096479296684265,-89.02645111083984,1.7236289978027344,-0.06359166651964188,0.030175328254699707
181,S6 relocate: high-relief,2,-94.1504135131836,0.7307316660881042,-0.1374015063047409,0.012426202185451984,-91.66921997070312,1.190415382385254,-0.17056603729724884,0.007235346827656031,-93.6063003540039,0.5882769227027893,-0.22410094738006592,0.0055342307314276695,-95.23680877685547,0.5321335792541504,-0.23398196697235107,0.028657564893364906
181,S6 relocate: high-relief,3,-109.13199615478516,2.6051173210144043,-0.40257295966148376,0.039960965514183044,-92.0491943359375,1.324130892753601,-0.1864783763885498,0.048819467425346375,-95.8707275390625,0.19478793442249298,-0.29598769545555115,0.057058244943618774,-92.63848114013672,2.2793526649475098,-0.17683739960193634,0.0369509682059288
181,S6 relocate: high-relief,4,-92.6019287109375,0.9684844613075256,-0.1853594183921814,0.00615251250565052,-95.25335693359375,1.380153775215149,-0.33097341656684875,0.02041090466082096,-93.77347564697266,1.0302780866622925,-0.07369966059923172,0.043263260275125504,-93.6068344116211,1.147706151008606,-0.19230611622333527,0.00868768710643053
181,S6 relocate: high-relief,5,-94.18228149414062,0.28840574622154236,-0.35294926166534424,0.010461677797138691,-89.2275161743164,1.2217013835906982,-0.13016091287136078,0.020675556734204292,-92.63998413085938,1.6382477283477783,-0.1761811524629593,0.01940072700381279,-91.79327392578125,0.1308106631040573,-0.17023998498916626,0.014081367291510105
181,S6 relocate: high-relief,6,-95.017822265625,0.3861203193664551,-0.1686519831418991,0.017828941345214844,-94.3888168334961,0.33322837948799133,-0.16201423108577728,0.012389359064400196,-93.7613296508789,0.38814613223075867,-0.152809277176857,0.011318153701722622,-95.1644515991211,0.7506275177001953,-0.39518311619758606,0.013731744140386581
181,S6 relocate: high-relief,7,-101.12396240234375,1.8961973190307617,-0.16949498653411865,0.0355195477604866,-92.06991577148438,0.591808557510376,0.02920834720134735,0.06355705112218857,-96.66938018798828,0.6389744877815247,-0.27706384658813477,0.0604514554142952,-94.7546615600586,0.24702394008636475,-0.2580121159553528,0.03519108518958092
181,S6 relocate: high-relief,8,-94.97156524658203,0.6444788575172424,-0.20116674900054932,0.036919571459293365,-89.91339111328125,0.35681214928627014,-0.19556456804275513,0.0200551375746727,-95.46395111083984,0.891361653804779,-0.21562741696834564,0.014003150165081024,-93.73351287841797,0.32977718114852905,-0.21351970732212067,0.019144685938954353
181,S6 relocate: high-relief,9,-95.1688232421875,0.3637975752353668,-0.41865602135658264,0.03311293572187424,-91.46566772460938,0.6803133487701416,-0.18505679070949554,0.018908826634287834,-93.86536407470703,0.8945377469062805,-0.16737784445285797,0.015171385370194912,-91.92217254638672,0.5754935145378113,-0.14139284193515778,0.01667036861181259
181,S6 relocate: high-relief,10,-93.78789520263672,0.6631360650062561,-0.15568451583385468,0.0067789009772241116,-94.81371307373047,0.1804143488407135,-0.177104189991951,0.014415223151445389,-92.34912109375,0.6764998435974121,-0.08923882246017456,0.015220812521874905,-95.15760040283203,0.7794293761253357,-0.3895036280155182,0.021482348442077637
181,S6 relocate: high-relief,11,-96.60567474365234,0.46491801738739014,-0.17005474865436554,0.031581148505210876,-92.20050811767578,1.231240153312683,-0.0943770781159401,0.019010255113244057,-95.07930755615234,1.1894959211349487,-0.251443475484848,0.028970442712306976,-95.48273468017578,0.18672442436218262,-0.31657978892326355,0.03905100002884865
181,S6 relocate: high-relief,12,-91.20784759521484,0.28217804431915283,-0.18579427897930145,0.02142423763871193,-92.89302825927734,0.5818277597427368,-0.2802000939846039,0.02188980020582676,-93.33654022216797,0.5696223974227905,-0.1781720370054245,0.02604105696082115,-93.51412963867188,0.14595958590507507,-0.20696799457073212,0.00531648239120841
181,S6 relocate: high-relief,13,-95.34650421142578,0.23634617030620575,-0.35401225090026855,0.0164810698479414,-93.83401489257812,0.9795175790786743,-0.21311216056346893,0.02573561668395996,-97.73955535888672,0.41264763474464417,-0.20206142961978912,0.005776719655841589,-94.45037841796875,0.34895968437194824,-0.17081479728221893,0.011134172789752483
181,S6 relocate: high-relief,14,-97.07763671875,0.7286219000816345,-0.14008884131908417,0.005207420326769352,-95.62886810302734,0.5502467751502991,-0.1678510457277298,0.005371630657464266,-91.9155502319336,0.1984625607728958,-0.07371601462364197,0.00556638278067112,-96.82523345947266,0.3917959928512573,-0.3543117940425873,0.050747256726026535
181,S6 relocate: high-relief,15,-94.06087493896484,1.1190115213394165,-0.15648336708545685,0.046547770500183105,-92.88191986083984,1.8180932998657227,-0.1394415944814682,0.004881282802671194,-94.02442169189453,1.0746201276779175,-0.20274777710437775,0.015178157016634941,-96.90509033203125,0.33941879868507385,-0.4014403522014618,0.012543034739792347
181,S6 relocate: high-relief,16,-92.73736572265625,0.5781298279762268,-0.20744271576404572,0.022664176300168037,-91.91098022460938,0.34414300322532654,-0.2823057174682617,0.029752792790532112,-92.7668228149414,0.32263603806495667,-0.09905079752206802,0.042202115058898926,-92.45639038085938,1.2712395191192627,-0.1805165410041809,0.024519477039575577
181,S6 relocate: high-relief,17,-95.36121368408203,0.3132063150405884,-0.3754185736179352,0.030969813466072083,-91.98992156982422,0.5791657567024231,-0.2218196988105774,0.01392554584890604,-95.0401382446289,1.3283350467681885,-0.1359066367149353,0.031180724501609802,-95.45613861083984,0.7846086621284485,-0.1527385115623474,0.010700501501560211
181,S6 relocate: high-relief,18,-93.14328002929688,0.4311668574810028,-0.1507643163204193,0.020433751866221428,-93.96495819091797,0.3054526150226593,-0.10638448596000671,0.00627471599727869,-92.57894134521484,0.7056456804275513,-0.04774738475680351,0.011377193033695221,-96.00528717041016,0.38614851236343384,-0.3767906725406647,0.034814201295375824
181,S6 relocate: high-relief,19,-93.5191421508789,1.109944224357605,-0.16985873878002167,0.039517275989055634,-91.41061401367188,1.367274522781372,-0.11810845881700516,0.010556485503911972,-94.84833526611328,0.5411924123764038,-0.2400905042886734,0.02607492357492447,-94.36419677734375,0.8289121985435486,-0.386961966753006,0.00963880680501461
181,S6 relocate: high-relief,20,-90.31368255615234,0.5366151332855225,-0.14433710277080536,0.0055956668220460415,-92.22247314453125,0.05754886567592621,-0.3038541376590729,0.007318162824958563,-92.68047332763672,0.16266070306301117,-0.120838962495327,0.008968663401901722,-91.39745330810547,1.295737385749817,-0.19116425514221191,0.013253473676741123
181,S6 relocate: high-relief,21,-94.97057342529297,0.2964894771575928,-0.33703961968421936,0.0429571270942688,-95.09552001953125,0.828345537185669,-0.19996099174022675,0.04260080307722092,-94.59618377685547,0.5577830672264099,-0.14063002169132233,0.0201860461384058,-92.9363021850586,0.4383781850337982,-0.14664554595947266,0.022211968898773193
181,S7 compound extreme,0,-95.95809173583984,0.5458393692970276,-0.22313696146011353,0.04982197284698486,-95.9672622680664,0.7377414107322693,-0.15557344257831573,0.021544592455029488,-95.1971435546875,0.6111631989479065,-0.2126045674085617,0.028241615742444992,-92.54207611083984,0.6656533479690552,-0.18777461349964142,0.030621802434325218
181,S7 compound extreme,1,-90.3198471069336,1.3443547487258911,-0.2597336769104004,0.03162674233317375,-89.1668701171875,2.3707165718078613,-0.10879379510879517,0.04331210255622864,-87.15938568115234,1.4739747047424316,-0.041998524218797684,0.07129447162151337,-85.55240631103516,1.4280674457550049,-0.23928551375865936,0.07780302315950394
181,S7 compound extreme,2,-94.5436019897461,0.7513883113861084,-0.12372433394193649,0.01746092550456524,-90.3791732788086,1.093629002571106,-0.07643672078847885,0.02099771983921528,-89.44771575927734,1.276583194732666,-0.19125182926654816,0.033280085772275925,-93.32412719726562,0.5062922239303589,-0.25946107506752014,0.05255048722028732
181,S7 compound extreme,3,-103.70247650146484,1.7742358446121216,-0.2995086908340454,0.06680815666913986,-88.07269287109375,0.5002965927124023,-0.02917957492172718,0.012147461995482445,-90.0451431274414,0.37755316495895386,-0.18423332273960114,0.05623975023627281,-91.51889038085938,2.9688801765441895,-0.17574089765548706,0.06824558228254318
181,S7 compound extreme,4,-93.15496063232422,0.9360993504524231,-0.1530100703239441,0.03865417093038559,-94.3696060180664,1.113158106803894,-0.17832612991333008,0.05642124265432358,-89.69550323486328,0.9082988500595093,0.028900878503918648,0.03443305566906929,-92.50469207763672,0.9077789783477783,-0.1738077849149704,0.042530834674835205
181,S7 compound extreme,5,-94.27887725830078,0.5176703929901123,-0.33811306953430176,0.06822188943624496,-92.5155258178711,0.7823599576950073,-0.07078248262405396,0.004719164688140154,-94.82577514648438,1.0721186399459839,-0.13351869583129883,0.014619240537285805,-88.7844009399414,0.9032644629478455,-0.1343749314546585,0.023733241483569145
181,S7 compound extreme,6,-93.4665298461914,1.5399553775787354,-0.13430576026439667,0.0183784831315279,-92.5075454711914,0.5905844569206238,-0.08212870359420776,0.020489199087023735,-90.65714263916016,1.6534969806671143,-0.11116688698530197,0.012999383732676506,-91.55928802490234,1.2259485721588135,-0.28698813915252686,0.038424137979745865
181,S7 compound extreme,7,-102.0654067993164,0.4316866993904114,-0.15204589068889618,0.03901829943060875,-87.9376220703125,1.087238073348999,0.16566018760204315,0.0912938341498375,-94.43832397460938,0.7666734457015991,-0.23366381227970123,0.04691900685429573,-92.75747680664062,0.5810648202896118,-0.26239487528800964,0.020184937864542007
181,S7 compound extreme,8,-94.89242553710938,0.8587382435798645,-0.1651931256055832,0.07226096093654633,-92.95545196533203,0.46643710136413574,-0.10676464438438416,0.026303505524992943,-95.71710205078125,0.17781618237495422,-0.1468425840139389,0.03160091117024422,-90.44931030273438,0.4644626975059509,-0.16868896782398224,0.025234181433916092
181,S7 compound extreme,9,-94.77953338623047,0.8426632881164551,-0.3888374865055084,0.09395081549882889,-92.48907470703125,0.9181414842605591,0.03514395281672478,0.03458221256732941,-95.78536224365234,0.24275581538677216,-0.1446542739868164,0.015904156491160393,-88.938720703125,0.6419655084609985,-0.13981018960475922,0.03059135377407074
181,S7 compound extreme,10,-94.55712890625,0.5737230777740479,-0.1450347751379013,0.02237628772854805,-91.4706802368164,0.43258410692214966,-0.02155054174363613,0.017469381913542747,-88.97811126708984,0.45087918639183044,-0.04646258056163788,0.03451581299304962,-91.897216796875,1.4810775518417358,-0.29949429631233215,0.05026214197278023
181,S7 compound extreme,11,-97.04308319091797,0.40866297483444214,-0.14359194040298462,0.023470411077141762,-88.23474884033203,2.5003395080566406,0.05793502926826477,0.027254529297351837,-91.22518920898438,1.5529909133911133,-0.19840580224990845,0.02202075533568859,-92.54827880859375,0.7809086441993713,-0.22681255638599396,0.019556531682610512
181,S7 compound extreme,12,-91.2648696899414,1.5193113088607788,-0.13042302429676056,0.06861423701047897,-91.25320434570312,0.7913087010383606,-0.16118669509887695,0.022926077246665955,-89.46343994140625,0.3446764647960663,-0.09765747934579849,0.01981414668262005,-89.10164642333984,0.7882635593414307,-0.14455954730510712,0.04411621391773224
181,S7 compound extreme,13,-93.4441909790039,1.2937884330749512,-0.2734908163547516,0.0631314218044281,-92.55673217773438,1.4502586126327515,-0.05376153811812401,0.02130490355193615,-96.1599349975586,0.5539456009864807,-0.1522994488477707,0.018240856006741524,-92.4058609008789,1.1366935968399048,-0.1890440434217453,0.03147668391466141
181,S7 compound extreme,14,-97.01070404052734,0.7633415460586548,-0.08861404657363892,0.020178254693746567,-88.96212005615234,0.05726589635014534,0.00451989471912384,0.0210101380944252,-88.74343872070312,0.49299144744873047,-0.046780090779066086,0.01969671994447708,-92.30117797851562,0.7987877130508423,-0.21821148693561554,0.05583500117063522
181,S7 compound extreme,15,-94.17902374267578,0.9703978896141052,-0.12206834554672241,0.04434729367494583,-87.61458587646484,2.327260971069336,0.015567761845886707,0.02374871075153351,-90.56635284423828,1.0466556549072266,-0.1461816430091858,0.0299722570925951,-92.5213623046875,0.7957216501235962,-0.273816853761673,0.048614129424095154
181,S7 compound extreme,16,-93.48934173583984,1.039673089981079,-0.17153646051883698,0.06039668619632721,-89.84723663330078,0.7486675977706909,-0.20315711200237274,0.02118634805083275,-89.7850112915039,0.4442446529865265,-0.06516974419355392,0.020454924553632736,-87.84026336669922,0.5345572233200073,-0.12031740695238113,0.008276570588350296
181,S7 compound extreme,17,-95.12380981445312,0.39577773213386536,-0.36293402314186096,0.0750623270869255,-90.74141693115234,0.23229500651359558,-0.13354623317718506,0.032697971910238266,-92.49139404296875,1.105360984802246,-0.07964881509542465,0.030459105968475342,-91.53215789794922,0.19731469452381134,-0.09468061476945877,0.020846115425229073
181,S7 compound extreme,18,-93.28133392333984,0.6082453727722168,-0.10257794708013535,0.01783175580203533,-91.5157241821289,0.951543390750885,0.03984898701310158,0.01490629743784666,-88.04210662841797,0.2213584929704666,-0.012522236444056034,0.015079757198691368,-93.91352081298828,1.1123640537261963,-0.33288705348968506,0.04239271581172943
181,S7 compound extreme,19,-93.44522857666016,0.9634423851966858,-0.12265989929437637,0.04693314805626869,-87.6533203125,1.8669582605361938,0.03562108054757118,0.02025577984750271,-90.66714477539062,0.5042781233787537,-0.17658734321594238,0.003225089283660054,-91.63611602783203,1.5250523090362549,-0.27688297629356384,0.04088342562317848
181,S7 compound extreme,20,-91.66912841796875,1.016461968421936,-0.10584524273872375,0.05614449828863144,-92.17105102539062,0.4707561433315277,-0.2838493883609772,0.01811908185482025,-90.197998046875,0.031035345047712326,-0.11156754940748215,0.007091903127729893,-86.9215087890625,1.7671380043029785,-0.11647001653909683,0.02864203229546547
181,S7 compound extreme,21,-94.59452056884766,0.5372819304466248,-0.26088595390319824,0.07257091999053955,-92.25537872314453,0.3676241636276245,0.02849372662603855,0.04677725210785866,-92.97506713867188,0.9678459167480469,-0.12611180543899536,0.03547240048646927,-92.66397094726562,0.2328164428472519,-0.14553914964199066,0.018760744482278824
181,S8 pyro-feedback ON,0,-94.98699951171875,0.9056704640388489,-0.2414163202047348,0.03076874278485775,-94.85836029052734,0.7778967618942261,-0.18615657091140747,0.026088519021868706,-97.54085540771484,0.20019075274467468,-0.22122211754322052,0.0207265205681324,-93.17040252685547,0.2816021740436554,-0.16047094762325287,0.014497759751975536
181,S8 pyro-feedback ON,1,-86.4572982788086,1.6043667793273926,-0.1166200339794159,0.04888725280761719,-84.7691879272461,1.3887004852294922,-0.007727983873337507,0.024631669744849205,-84.66693878173828,2.034252643585205,0.0010565606644377112,0.061706963926553726,-85.1403579711914,1.1353387832641602,-0.011545546352863312,0.04361069202423096
181,S8 pyro-feedback ON,2,-94.24481964111328,0.832670271396637,-0.11338973045349121,0.018632417544722557,-90.44788360595703,0.8465256094932556,-0.08129531145095825,0.01381754968315363,-92.00509643554688,0.7587429285049438,-0.17223848402500153,0.012191261164844036,-95.2771987915039,0.2590048313140869,-0.21235467493534088,0.03516356274485588
181,S8 pyro-feedback ON,3,-104.87789154052734,3.435225486755371,-0.3555581867694855,0.048502929508686066,-88.86426544189453,1.1066210269927979,-0.036532457917928696,0.026461157947778702,-90.74475860595703,0.16765575110912323,-0.16110163927078247,0.06302496045827866,-90.81110382080078,2.2654356956481934,-0.071884386241436,0.06502687931060791
181,S8 pyro-feedback ON,4,-92.43475341796875,1.1407538652420044,-0.1652817577123642,0.024023495614528656,-94.06646728515625,0.963644802570343,-0.2513279318809509,0.052088767290115356,-91.93130493164062,1.5885460376739502,0.0030879180412739515,0.05140639469027519,-93.42589569091797,1.1365000009536743,-0.1696193963289261,0.026994099840521812
181,S8 pyro-feedback ON,5,-93.66217041015625,0.7085539102554321,-0.3444174826145172,0.057870086282491684,-87.5565185546875,1.6841803789138794,-0.0025696696247905493,0.019414404407143593,-91.6501235961914,1.3743741512298584,-0.11252758651971817,0.024830371141433716,-91.59326171875,0.42145514488220215,-0.14785030484199524,0.023113004863262177
181,S8 pyro-feedback ON,6,-94.40038299560547,0.22067421674728394,-0.15546846389770508,0.02739253081381321,-91.79747772216797,0.6801896691322327,-0.05766737461090088,0.017107199877500534,-92.28579711914062,1.0659791231155396,-0.09611272811889648,0.013190091587603092,-94.07879638671875,0.4059299826622009,-0.29872965812683105,0.046586837619543076
181,S8 pyro-feedback ON,7,-101.25943756103516,1.7237693071365356,-0.1632794886827469,0.04170463979244232,-90.667236328125,0.458795428276062,0.09383809566497803,0.05358012020587921,-95.10467529296875,0.6226399540901184,-0.237152561545372,0.07197641581296921,-94.68246459960938,0.491558700799942,-0.2407275289297104,0.00691821426153183
181,S8 pyro-feedback ON,8,-95.01879119873047,0.2114996761083603,-0.17626003921031952,0.05599553883075714,-88.552978515625,0.6984589695930481,-0.11669518798589706,0.027165193110704422,-93.78582763671875,0.9843619465827942,-0.14263759553432465,0.021433675661683083,-93.47229766845703,0.12684336304664612,-0.19979684054851532,0.0337723009288311
181,S8 pyro-feedback ON,9,-94.4427490234375,0.8599549531936646,-0.40796253085136414,0.07722023874521255,-90.0981216430664,0.514438271522522,-0.07585125416517258,0.024355143308639526,-93.3360366821289,0.8012605309486389,-0.11141417175531387,0.02449306659400463,-91.6019058227539,0.5328709483146667,-0.13117504119873047,0.0259261392056942
181,S8 pyro-feedback ON,10,-93.56082153320312,0.9838566780090332,-0.1433122754096985,0.016257476061582565,-91.8187255859375,0.18294695019721985,-0.05154191330075264,0.005157920066267252,-89.75653076171875,0.8205761909484863,-0.022188453003764153,0.01716257818043232,-93.72998046875,0.6211739778518677,-0.2958301603794098,0.07109653204679489
181,S8 pyro-feedback ON,11,-96.9320068359375,0.30600273609161377,-0.17047107219696045,0.030166514217853546,-90.55682373046875,1.4961960315704346,-0.006353624630719423,0.016764748841524124,-92.36222076416016,1.783939242362976,-0.19486431777477264,0.03366384282708168,-94.9617919921875,0.1991937756538391,-0.2791050374507904,0.04266451299190521
181,S8 pyro-feedback ON,12,-90.8701400756836,0.9442984461784363,-0.15413950383663177,0.03853127732872963,-91.63800811767578,1.0270637273788452,-0.21245022118091583,0.031293973326683044,-90.07035064697266,0.6259326338768005,-0.1180354580283165,0.010772966779768467,-93.43988037109375,0.08462529629468918,-0.1815367490053177,0.027172531932592392
181,S8 pyro-feedback ON,13,-93.46212768554688,1.1041595935821533,-0.32953813672065735,0.0678623616695404,-92.25920867919922,1.5446512699127197,-0.0803140178322792,0.01699601486325264,-97.0267562866211,0.37066301703453064,-0.14316795766353607,0.01380630861967802,-94.11398315429688,0.19815735518932343,-0.15875020623207092,0.028386466205120087
181,S8 pyro-feedback ON,14,-96.98493194580078,0.9440575242042542,-0.12066604942083359,0.013723858632147312,-90.93733978271484,0.6441910862922668,-0.018912380561232567,0.013791771605610847,-89.11971282958984,0.9578755497932434,-0.024812305346131325,0.009440210647881031,-95.25919342041016,0.6478667855262756,-0.23057782649993896,0.06651216745376587
181,S8 pyro-feedback ON,15,-94.1674575805664,1.0915566682815552,-0.13773013651371002,0.0502108633518219,-88.17130279541016,1.7187329530715942,-0.007455502171069384,0.026723861694335938,-91.15637969970703,1.32157301902771,-0.1340935379266739,0.032252296805381775,-95.30014038085938,0.4755239486694336,-0.29757651686668396,0.06340671330690384
181,S8 pyro-feedback ON,16,-92.67657470703125,0.415636271238327,-0.17827565968036652,0.05195240676403046,-90.32776641845703,0.18719273805618286,-0.20586156845092773,0.01865706592798233,-90.7451400756836,0.5083904266357422,-0.09614203125238419,0.009590944275259972,-91.2206802368164,0.8870754241943359,-0.13262222707271576,0.011910710483789444
181,S8 pyro-feedback ON,17,-94.94245147705078,0.6520231366157532,-0.3705514371395111,0.07565196603536606,-89.80260467529297,0.4956848919391632,-0.13636814057826996,0.02780708111822605,-93.31692504882812,1.440402626991272,-0.06493290513753891,0.030273256823420525,-94.21720123291016,0.32492563128471375,-0.0859532579779625,0.03221040591597557
181,S8 pyro-feedback ON,18,-92.98345184326172,0.695263147354126,-0.135221466422081,0.02922936901450157,-91.94780731201172,0.9362137913703918,0.01975485123693943,0.0205902811139822,-89.0847396850586,0.5436407327651978,0.032665662467479706,0.005337176378816366,-95.8654556274414,0.5084655284881592,-0.34110715985298157,0.048783425241708755
181,S8 pyro-feedback ON,19,-93.26404571533203,0.5472457408905029,-0.13883648812770844,0.05363946780562401,-86.82939910888672,1.5632823705673218,0.018337426707148552,0.028056008741259575,-91.59520721435547,0.8804436326026917,-0.16885386407375336,0.025120876729488373,-92.9148178100586,0.4952186644077301,-0.28650808334350586,0.05929228663444519
181,S8 pyro-feedback ON,20,-90.2134017944336,0.9800857305526733,-0.11904769390821457,0.024292116984725,-90.59748077392578,0.7176151275634766,-0.2401079386472702,0.018575897440314293,-90.95320892333984,0.049753475934267044,-0.1236892119050026,0.008892642334103584,-90.2785873413086,1.167556881904602,-0.1467730551958084,0.012460365891456604
181,S8 pyro-feedback ON,21,-94.7966079711914,0.8764722347259521,-0.33219432830810547,0.07759425044059753,-93.2005386352539,1.144594430923462,-0.11945226043462753,0.07691410183906555,-93.14530181884766,1.0786951780319214,-0.10257884114980698,0.038040947169065475,-92.58824920654297,0.30708184838294983,-0.1382540911436081,0.003859063843265176
189,S0 baseline,0,-90.982177734375,0.33655259013175964,-0.19110943377017975,0.06326393038034439,-95.63321685791016,1.0018975734710693,-0.3217528164386749,0.030173033475875854,-93.78726959228516,1.529269814491272,-0.22892886400222778,0.08171238005161285,-91.4491195678711,1.8211209774017334,-0.16187135875225067,0.03212409093976021
189,S0 baseline,1,-94.43404388427734,0.495326429605484,-0.23541510105133057,0.04403744637966156,-95.41983795166016,1.472298264503479,-0.29775726795196533,0.017668668180704117,-94.86904907226562,1.5737740993499756,-0.36715054512023926,0.05197687819600105,-92.83087158203125,1.2542264461517334,-0.1760563999414444,0.03902743011713028
189,S0 baseline,2,-94.41600799560547,1.0159024000167847,-0.1415383666753769,0.039811450988054276,-93.76593780517578,0.6078758239746094,-0.19188416004180908,0.03395557776093483,-93.25797271728516,1.4876230955123901,-0.2781166136264801,0.0638391375541687,-92.67841339111328,1.1564346551895142,-0.17338652908802032,0.025494763627648354
189,S0 baseline,3,-93.28726959228516,1.4290275573730469,-0.0722929909825325,0.054997317492961884,-97.1644058227539,2.7264244556427,-0.4604460299015045,0.022606136277318,-94.19295501708984,1.417536735534668,-0.5135039687156677,0.031090958043932915,-92.39007568359375,0.5482233166694641,-0.053522706031799316,0.02216632291674614
189,S0 baseline,5,-92.98123168945312,0.43982210755348206,-0.10253623127937317,0.03291995823383331,-92.85660552978516,2.495744466781616,-0.15293490886688232,0.03559532389044762,-90.77198028564453,0.621769368648529,-0.16969794034957886,0.014646997675299644,-91.91757202148438,1.5719709396362305,-0.025397583842277527,0.03081410937011242
189,S0 baseline,6,-93.92887115478516,1.5908361673355103,-0.12590788304805756,0.05878683179616928,-94.98665618896484,0.9209566712379456,-0.2616144120693207,0.00995042733848095,-96.0416259765625,0.9890009164810181,-0.4915378987789154,0.03653533384203911,-92.72966766357422,1.3398536443710327,-0.15298275649547577,0.012408136390149593
189,S0 baseline,7,-91.2425537109375,0.6058927178382874,-0.19054622948169708,0.032816216349601746,-97.7549819946289,1.3856754302978516,-0.563371479511261,0.02822667546570301,-97.5428466796875,1.8216456174850464,-0.4841710329055786,0.025420162826776505,-94.33838653564453,1.3159199953079224,-0.21239018440246582,0.03450687602162361
189,S0 baseline,8,-93.78839111328125,0.23149080574512482,-0.39350149035453796,0.01572294533252716,-95.6177749633789,0.5025290250778198,-0.38163912296295166,0.027351725846529007,-91.43169403076172,1.7728713750839233,-0.2878989279270172,0.06295227259397507,-91.6712417602539,1.110280156135559,-0.10953855514526367,0.02655651792883873
189,S0 baseline,9,-95.7669906616211,1.1398911476135254,-0.18540483713150024,0.07077573984861374,-94.0117416381836,0.7903164625167847,-0.21613390743732452,0.006561636924743652,-92.84234619140625,1.5415962934494019,-0.24698495864868164,0.038653414696455,-94.1037826538086,1.338369607925415,-0.26020094752311707,0.008101028390228748
189,S0 baseline,10,-96.05203247070312,1.3734420537948608,-0.19226329028606415,0.04884374886751175,-92.3126449584961,1.1961238384246826,-0.20868134498596191,0.040357355028390884,-95.0060043334961,0.7905364632606506,-0.4113015830516815,0.05845224857330322,-93.09933471679688,1.3662248849868774,-0.14105774462223053,0.031135186553001404
189,S0 baseline,11,-89.42987823486328,0.26243895292282104,-0.08839595317840576,0.05097382515668869,-96.13988494873047,1.1430201530456543,-0.3783392012119293,0.022004634141921997,-95.99295806884766,1.3531996011734009,-0.329621821641922,0.05514177307486534,-93.18599700927734,1.1247848272323608,-0.10144785046577454,0.016652360558509827
189,S0 baseline,12,-91.53694915771484,1.1125069856643677,-0.24642793834209442,0.019845779985189438,-94.83660125732422,1.6004035472869873,-0.31386128067970276,0.030962741002440453,-94.90399169921875,1.1558053493499756,-0.3618067502975464,0.05690627917647362,-89.31705474853516,1.1779736280441284,-0.03602425381541252,0.015513939782977104
189,S0 baseline,13,-94.65547943115234,1.5587215423583984,-0.15885218977928162,0.0649297684431076,-92.88875579833984,1.07965087890625,-0.18712003529071808,0.009390078485012054,-93.8700180053711,1.685018539428711,-0.25058671832084656,0.0445929579436779,-93.15216064453125,1.1397737264633179,-0.25505802035331726,0.02164369635283947
189,S0 baseline,14,-90.7784194946289,1.6159824132919312,-0.17039114236831665,0.06605415046215057,-92.8662109375,1.5798375606536865,-0.17112600803375244,0.02830025739967823,-94.36917114257812,1.2153775691986084,-0.21539455652236938,0.038501590490341187,-93.692626953125,1.2540559768676758,-0.1049477681517601,0.02699730359017849
189,S0 baseline,15,-87.26016998291016,1.6113018989562988,-0.06828885525465012,0.044102992862463,-95.63077545166016,2.716639757156372,-0.31708183884620667,0.013118184171617031,-97.2758560180664,0.6223244667053223,-0.27461686730384827,0.019956251606345177,-91.82843780517578,1.1913421154022217,-0.14727714657783508,0.039229799062013626
189,S0 baseline,16,-94.41521453857422,0.2647593021392822,-0.2962667644023895,0.0218301173299551,-96.17450714111328,1.5264712572097778,-0.1718171387910843,0.03437306359410286,-93.33031463623047,0.3253771960735321,-0.19196343421936035,0.03130630403757095,-88.97048950195312,1.703006386756897,-0.08689437061548233,0.033850811421871185
189,S0 baseline,17,-91.42166137695312,0.838945209980011,-0.09541824460029602,0.038027599453926086,-91.61917114257812,1.3391540050506592,-0.17211119830608368,0.038882963359355927,-91.4956283569336,0.6061926484107971,-0.1264159083366394,0.006663524080067873,-93.61592864990234,0.8385035991668701,-0.22287721931934357,0.01074159424751997
189,S0 baseline,18,-93.7910385131836,1.3531310558319092,-0.1512131541967392,0.07158055156469345,-93.23197174072266,1.1224267482757568,-0.24567949771881104,0.023824915289878845,-95.04839324951172,0.6146771907806396,-0.36588266491889954,0.013082308694720268,-93.86515045166016,1.038172721862793,-0.1340848058462143,0.02656213939189911
189,S0 baseline,19,-91.712646484375,0.186305433511734,-0.1309480369091034,0.040113963186740875,-96.37381744384766,1.3358967304229736,-0.30258965492248535,0.02426747977733612,-93.20648193359375,1.5365869998931885,-0.17239601910114288,0.027299582958221436,-91.68425750732422,0.8856573700904846,-0.09726884961128235,0.04069220647215843
189,S0 baseline,20,-95.30917358398438,0.7288792729377747,-0.324921578168869,0.015916140750050545,-96.2878646850586,1.654383659362793,-0.23892705142498016,0.011013125069439411,-92.10575103759766,0.6116584539413452,-0.2676357626914978,0.03854046389460564,-90.62287139892578,1.0379924774169922,-0.10076948255300522,0.021853787824511528
189,S1 wind +20%,0,-90.88933563232422,0.3099117577075958,-0.18365491926670074,0.06655089557170868,-97.54923248291016,1.2764825820922852,-0.32593005895614624,0.022611012682318687,-93.93982696533203,1.495844841003418,-0.2257802039384842,0.07854630053043365,-91.4771957397461,1.8567748069763184,-0.16239161789417267,0.024455443024635315
189,S1 wind +20%,1,-94.43584442138672,0.41538000106811523,-0.22142328321933746,0.05115306377410889,-93.78520965576172,1.4204435348510742,-0.28033125400543213,0.029771838337183,-95.10836791992188,1.6125630140304565,-0.36768051981925964,0.05628286302089691,-93.59234619140625,1.375585913658142,-0.17740319669246674,0.04143796116113663
189,S1 wind +20%,2,-93.56763458251953,1.161716341972351,-0.1312297135591507,0.03300485014915466,-92.1911392211914,1.354330062866211,-0.1942216008901596,0.03890540823340416,-93.55487060546875,1.2307426929473877,-0.2810158133506775,0.058621954172849655,-93.43536376953125,1.3711038827896118,-0.18219198286533356,0.031127111986279488
189,S1 wind +20%,3,-92.65424346923828,1.5977493524551392,-0.07802581042051315,0.04719093069434166,-99.7066879272461,1.8875336647033691,-0.46861720085144043,0.028469836339354515,-93.19026947021484,1.0341238975524902,-0.48428401350975037,0.03703075274825096,-92.27364349365234,0.613370954990387,-0.046234726905822754,0.02661263942718506
189,S1 wind +20%,5,-92.98123168945312,0.43982210755348206,-0.10253623127937317,0.03291995823383331,-92.85660552978516,2.495744466781616,-0.15293490886688232,0.03559532389044762,-90.77198028564453,0.621769368648529,-0.16969794034957886,0.014646997675299644,-91.91757202148438,1.5719709396362305,-0.025397583842277527,0.03081410937011242
189,S1 wind +20%,6,-94.68106842041016,1.7212011814117432,-0.1332811564207077,0.06402986496686935,-97.63237762451172,0.5499742031097412,-0.2503706216812134,0.006790490821003914,-96.2107162475586,0.7027301788330078,-0.5042195320129395,0.03304383531212807,-91.9459457397461,1.3473737239837646,-0.1343916654586792,0.01906766928732395
189,S1 wind +20%,7,-91.30685424804688,0.5032135844230652,-0.19301486015319824,0.03302108496427536,-97.60907745361328,1.6375885009765625,-0.5456027388572693,0.016503693535923958,-97.79306030273438,1.79082190990448,-0.4803372919559479,0.027462687343358994,-94.2948989868164,1.278314471244812,-0.21239018440246582,0.03450687602162361
189,S1 wind +20%,8,-94.05340576171875,0.1640569567680359,-0.39635762572288513,0.015688689425587654,-97.1927261352539,1.2079881429672241,-0.3808321952819824,0.02639009803533554,-95.97846221923828,1.228380560874939,-0.3334474563598633,0.057776398956775665,-92.0881576538086,0.9606918692588806,-0.11309454590082169,0.03153875470161438
189,S1 wind +20%,9,-95.71074676513672,1.0692824125289917,-0.17094802856445312,0.06872984021902084,-93.85428619384766,1.0529035329818726,-0.20728667080402374,0.003684099530801177,-92.9026870727539,1.6227328777313232,-0.2468077391386032,0.04179205000400543,-93.86724853515625,1.327461838722229,-0.25348910689353943,0.00463790912181139
189,S1 wind +20%,10,-95.46028900146484,1.5432909727096558,-0.13344115018844604,0.053522299975156784,-92.30142211914062,1.2658635377883911,-0.20964716374874115,0.03905574604868889,-94.99658966064453,0.9539993405342102,-0.41382941603660583,0.0612427219748497,-91.9592056274414,0.9605116248130798,-0.1125803217291832,0.017054980620741844
189,S1 wind +20%,11,-89.58455657958984,0.3026075065135956,-0.08982042223215103,0.04986437037587166,-95.68868255615234,1.048367977142334,-0.38090780377388,0.018979854881763458,-95.99295806884766,1.3531996011734009,-0.33891069889068604,0.04704102873802185,-93.58904266357422,1.3849730491638184,-0.12316492199897766,0.009952477179467678
189,S1 wind +20%,12,-91.5784683227539,1.1795275211334229,-0.23922021687030792,0.021293774247169495,-93.78914642333984,1.627881407737732,-0.3089853823184967,0.031601183116436005,-95.62535858154297,1.3158899545669556,-0.367329865694046,0.05377916991710663,-90.65032958984375,1.3419352769851685,-0.06834299117326736,0.02575521729886532
189,S1 wind +20%,13,-94.4478530883789,1.9251281023025513,-0.08201221376657486,0.08079302310943604,-92.73392486572266,1.2581311464309692,-0.18118973076343536,0.008937100879848003,-93.75897216796875,1.604644536972046,-0.2551262080669403,0.041784148663282394,-92.63076782226562,1.2128158807754517,-0.19504646956920624,0.006271544378250837
189,S1 wind +20%,14,-91.15357208251953,2.0192911624908447,-0.10435179620981216,0.06917688250541687,-92.9096450805664,1.3346351385116577,-0.17112600803375244,0.02830025739967823,-94.14693450927734,1.4152976274490356,-0.21959532797336578,0.039479732513427734,-92.77405548095703,1.2593756914138794,-0.07682254910469055,0.010716944001615047
189,S1 wind +20%,15,-87.26016998291016,1.6113018989562988,-0.06835447996854782,0.04405250772833824,-95.58554077148438,2.721118450164795,-0.3171623945236206,0.010079512372612953,-97.2758560180664,0.6223244667053223,-0.277822345495224,0.01615186221897602,-91.77692413330078,1.2793251276016235,-0.14727714657783508,0.039229799062013626
189,S1 wind +20%,16,-94.64727020263672,0.4906306266784668,-0.3023212254047394,0.02746739238500595,-96.3083724975586,1.462380290031433,-0.1718171387910843,0.03437306359410286,-93.33031463623047,0.3253771960735321,-0.2083350270986557,0.026241423562169075,-89.7612075805664,1.5423160791397095,-0.09668701142072678,0.04055536910891533
189,S1 wind +20%,17,-90.88216400146484,0.7077078223228455,-0.01433343905955553,0.05319570377469063,-91.7545166015625,1.2396199703216553,-0.16819129884243011,0.03987651318311691,-91.66858673095703,0.747823178768158,-0.1264159083366394,0.006663524080067873,-92.65108489990234,0.6923616528511047,-0.16762447357177734,0.014301566407084465
189,S1 wind +20%,18,-93.7910385131836,1.3531310558319092,-0.13993589580059052,0.0668417289853096,-93.23721313476562,1.1168076992034912,-0.24272821843624115,0.023376205936074257,-94.8914794921875,0.7906085848808289,-0.38197949528694153,0.016939295455813408,-93.72113037109375,0.8695162534713745,-0.11043547838926315,0.02605271339416504
189,S1 wind +20%,19,-91.77032470703125,0.2307262271642685,-0.13283266127109528,0.04166438430547714,-96.30206298828125,1.3097584247589111,-0.30047914385795593,0.024883536621928215,-93.1230697631836,1.5520485639572144,-0.1810465008020401,0.03302806243300438,-91.72278594970703,0.897236704826355,-0.098212830722332,0.03988746553659439
189,S1 wind +20%,20,-95.30917358398438,0.7288792729377747,-0.33154696226119995,0.014890246093273163,-96.02433013916016,2.126924514770508,-0.24355937540531158,0.007288617547601461,-92.73070526123047,0.6597754955291748,-0.26257553696632385,0.035074230283498764,-92.82451629638672,1.0277493000030518,-0.13631455600261688,0.021941211074590683
189,S2 heatwave +5K,0,-90.92263793945312,0.19787061214447021,-0.19406680762767792,0.059875719249248505,-96.05463409423828,1.071656346321106,-0.40335848927497864,0.02173304185271263,-93.98931884765625,1.4368077516555786,-0.3206808865070343,0.07910285890102386,-93.02059936523438,1.831402063369751,-0.24534614384174347,0.039397720247507095
189,S2 heatwave +5K,1,-94.225830078125,0.6109104752540588,-0.24232172966003418,0.04534125700592995,-96.04727935791016,0.7180157899856567,-0.34458303451538086,0.05071762204170227,-94.82341766357422,1.6302084922790527,-0.3698069751262665,0.0520462729036808,-93.98906707763672,1.4010846614837646,-0.24564792215824127,0.03242325037717819
189,S2 heatwave +5K,2,-94.4927749633789,1.2323800325393677,-0.1438438594341278,0.0340479351580143,-94.41922760009766,0.16178198158740997,-0.2416427880525589,0.018199071288108826,-93.66986083984375,1.435762643814087,-0.31675946712493896,0.05954030901193619,-93.57939910888672,1.0996428728103638,-0.2981095612049103,0.02873261831700802
189,S2 heatwave +5K,3,-93.14654541015625,1.6082638502120972,-0.07153614610433578,0.05514553561806679,-97.08661651611328,2.7276155948638916,-0.4609844982624054,0.020545123144984245,-94.4108657836914,1.4067083597183228,-0.5198618769645691,0.02981424517929554,-93.7774429321289,1.1860414743423462,-0.14949141442775726,0.019752664491534233
189,S2 heatwave +5K,5,-92.98123168945312,0.43982210755348206,-0.10253623127937317,0.03291995823383331,-92.85660552978516,2.495744466781616,-0.15293490886688232,0.03559532389044762,-90.77198028564453,0.621769368648529,-0.16969794034957886,0.014646997675299644,-91.91757202148438,1.5719709396362305,-0.025397583842277527,0.03081410937011242
189,S2 heatwave +5K,6,-93.55603790283203,1.917374849319458,-0.11561688780784607,0.054596055299043655,-94.92559814453125,0.8965993523597717,-0.2548421323299408,0.007343776524066925,-95.9720458984375,0.9691520929336548,-0.4941199719905853,0.03805364668369293,-92.79370880126953,0.9786558747291565,-0.15635904669761658,0.011281193234026432
189,S2 heatwave +5K,7,-90.33126068115234,0.7730743288993835,-0.1761503666639328,0.02849835902452469,-97.64348602294922,1.3032805919647217,-0.5962166786193848,0.008025391027331352,-98.09048461914062,1.7810600996017456,-0.49582767486572266,0.028900926932692528,-94.6652603149414,1.4363329410552979,-0.2382563203573227,0.023571044206619263
189,S2 heatwave +5K,8,-93.34903717041016,0.1478159874677658,-0.39593061804771423,0.019402774050831795,-96.80821990966797,0.2957231402397156,-0.392101526260376,0.042227670550346375,-91.77420043945312,1.7835383415222168,-0.29804953932762146,0.05725026875734329,-92.03458404541016,1.1752179861068726,-0.1407962143421173,0.024821331724524498
189,S2 heatwave +5K,9,-95.61077880859375,1.123124599456787,-0.19301581382751465,0.0685601755976677,-93.68067169189453,0.569616436958313,-0.2201867550611496,0.006485193967819214,-92.72908782958984,1.4647655487060547,-0.2575969994068146,0.03363797068595886,-94.34064483642578,1.0822683572769165,-0.2736285924911499,0.004967188462615013
189,S2 heatwave +5K,10,-96.0506362915039,1.3751609325408936,-0.19537335634231567,0.05053301528096199,-92.53299713134766,1.169389009475708,-0.24212108552455902,0.024206990376114845,-95.01107025146484,0.8017305135726929,-0.43608638644218445,0.044669389724731445,-93.23798370361328,1.2491307258605957,-0.15751345455646515,0.02049528807401657
189,S2 heatwave +5K,11,-92.38529205322266,0.24326452612876892,-0.1768566519021988,0.04448028653860092,-98.2852783203125,0.5402487516403198,-0.561547040939331,0.016754869371652603,-95.7304458618164,1.4844768047332764,-0.41775059700012207,0.05192692577838898,-93.23306274414062,1.2687549591064453,-0.11343016475439072,0.013061356730759144
189,S2 heatwave +5K,12,-94.47219848632812,0.3900092542171478,-0.39646410942077637,0.03206981346011162,-96.86349487304688,1.0544291734695435,-0.38500404357910156,0.03035047836601734,-95.16876220703125,1.2194231748580933,-0.3746413290500641,0.050945159047842026,-90.8590087890625,0.9760510325431824,-0.11387082934379578,0.025938544422388077
189,S2 heatwave +5K,13,-95.1432876586914,1.7419122457504272,-0.16915391385555267,0.058600783348083496,-92.80972290039062,0.7455920577049255,-0.19874949753284454,0.01074669137597084,-93.8088607788086,1.9206416606903076,-0.25607234239578247,0.045278944075107574,-93.4636459350586,0.7830384969711304,-0.27149102091789246,0.014009767211973667
189,S2 heatwave +5K,14,-90.85726165771484,1.7298080921173096,-0.17416413128376007,0.06319921463727951,-93.3313980102539,1.7908321619033813,-0.22162233293056488,0.03235756605863571,-94.38651275634766,1.1933647394180298,-0.24580736458301544,0.03499599173665047,-93.74536895751953,1.183318853378296,-0.11679986864328384,0.028607401996850967
189,S2 heatwave +5K,15,-89.0512924194336,0.8209177255630493,-0.06851241737604141,0.04590032994747162,-97.74832153320312,1.3029775619506836,-0.42491981387138367,0.029140613973140717,-96.14630126953125,0.4023340940475464,-0.27084946632385254,0.0204266719520092,-92.73853302001953,0.7381165623664856,-0.17025454342365265,0.029770690947771072
189,S2 heatwave +5K,16,-95.18582153320312,0.43177667260169983,-0.31684982776641846,0.030674269422888756,-96.27618408203125,1.1081713438034058,-0.17302699387073517,0.03283488750457764,-92.48827362060547,0.3812594413757324,-0.20385129749774933,0.04603602737188339,-89.39282989501953,1.1029163599014282,-0.141515851020813,0.026148777455091476
189,S2 heatwave +5K,17,-90.86678314208984,0.7594162225723267,-0.09643223881721497,0.03708170726895332,-91.63663482666016,1.3288640975952148,-0.18108415603637695,0.044443607330322266,-91.5857162475586,0.5187914967536926,-0.19812096655368805,0.010110017843544483,-93.61592864990234,0.8385035991668701,-0.22424548864364624,0.00880775973200798
189,S2 heatwave +5K,18,-93.45538330078125,1.563388705253601,-0.15428446233272552,0.06997936218976974,-93.134521484375,1.1557083129882812,-0.23877322673797607,0.019854938611388206,-95.1072769165039,0.5867111682891846,-0.38267946243286133,0.026911981403827667,-94.26031494140625,0.8573821187019348,-0.15574099123477936,0.02403191290795803
189,S2 heatwave +5K,19,-91.62042236328125,0.25012511014938354,-0.12460342794656754,0.037962403148412704,-96.3075180053711,1.2636942863464355,-0.44624006748199463,0.01259586215019226,-93.2354507446289,1.5319257974624634,-0.2381506711244583,0.030349109321832657,-92.86249542236328,0.8830610513687134,-0.16949939727783203,0.04809383302927017
189,S2 heatwave +5K,20,-94.63838958740234,0.5430610179901123,-0.34312406182289124,0.01811821386218071,-96.40978240966797,1.4329744577407837,-0.24476294219493866,0.026899946853518486,-92.87577056884766,0.3497217297554016,-0.2753458321094513,0.03379691019654274,-91.38531494140625,1.124519944190979,-0.12202972173690796,0.028535788878798485
189,S3 drying RH -30%,0,-90.84545135498047,0.2368156760931015,-0.1904679536819458,0.05948765203356743,-96.05463409423828,1.071656346321106,-0.36669400334358215,0.0360381118953228,-93.91388702392578,1.511579990386963,-0.2953140437602997,0.06158803775906563,-92.91790771484375,1.8134667873382568,-0.2395797222852707,0.03956194967031479
189,S3 drying RH -30%,1,-94.47198486328125,0.46197232604026794,-0.2394406646490097,0.04248467832803726,-95.44525146484375,1.2813206911087036,-0.3421860933303833,0.034169938415288925,-94.86904907226562,1.5737740993499756,-0.3728337287902832,0.05081310123205185,-93.7724609375,1.4443198442459106,-0.23748545348644257,0.03690990060567856
189,S3 drying RH -30%,2,-94.4927749633789,1.2323800325393677,-0.14829964935779572,0.034600697457790375,-94.47601318359375,0.08168400079011917,-0.2416427880525589,0.018199071288108826,-93.697998046875,1.4381648302078247,-0.3191569745540619,0.05443195253610611,-93.43404388427734,1.2096315622329712,-0.32099685072898865,0.015047910623252392
189,S3 drying RH -30%,3,-93.05818939208984,1.6776881217956543,-0.07139141112565994,0.05850112810730934,-97.06695556640625,2.72861909866333,-0.45942017436027527,0.020038802176713943,-94.48099517822266,1.3996713161468506,-0.5292114615440369,0.03602513670921326,-94.06632232666016,1.1894780397415161,-0.15423594415187836,0.0188794806599617
189,S3 drying RH -30%,5,-92.98123168945312,0.43982210755348206,-0.10253623127937317,0.03291995823383331,-92.85660552978516,2.495744466781616,-0.15293490886688232,0.03559532389044762,-90.77198028564453,0.621769368648529,-0.16969794034957886,0.014646997675299644,-91.91757202148438,1.5719709396362305,-0.025397583842277527,0.03081410937011242
189,S3 drying RH -30%,6,-92.96605682373047,1.8103861808776855,-0.11008161306381226,0.054858602583408356,-94.94884490966797,0.7590667009353638,-0.2514494061470032,0.005042203236371279,-95.745361328125,1.1262367963790894,-0.48922574520111084,0.037379682064056396,-92.79370880126953,0.9786558747291565,-0.15868444740772247,0.008672160096466541
189,S3 drying RH -30%,7,-90.4552230834961,0.47466784715652466,-0.17682884633541107,0.024691661819815636,-97.59636688232422,1.316997766494751,-0.5661055445671082,0.021351564675569534,-98.08563995361328,1.7710504531860352,-0.4932146966457367,0.02546035312116146,-94.56761932373047,1.3475574254989624,-0.22862441837787628,0.028875956311821938
189,S3 drying RH -30%,8,-93.18795013427734,0.4388827979564667,-0.3921917974948883,0.016151100397109985,-95.7854995727539,0.4254966676235199,-0.3875081539154053,0.02702384628355503,-91.74732208251953,1.701119303703308,-0.30031275749206543,0.05910526588559151,-91.92919921875,1.1002719402313232,-0.13066725432872772,0.022739414125680923
189,S3 drying RH -30%,9,-95.31822967529297,1.2221081256866455,-0.19301581382751465,0.0685601755976677,-93.68067169189453,0.569616436958313,-0.22233764827251434,0.009386533871293068,-92.72908782958984,1.4647655487060547,-0.25898227095603943,0.032352663576602936,-94.34064483642578,1.0822683572769165,-0.2736285924911499,0.004967188462615013
189,S3 drying RH -30%,10,-95.94074249267578,1.2441000938415527,-0.19854114949703217,0.04678395017981529,-92.53299713134766,1.169389009475708,-0.24789594113826752,0.02815670520067215,-95.01107025146484,0.8017305135726929,-0.43608638644218445,0.044669389724731445,-92.6889877319336,0.5559523105621338,-0.17402367293834686,0.01730496622622013
189,S3 drying RH -30%,11,-92.29296112060547,0.20862089097499847,-0.17352592945098877,0.04681689664721489,-98.19043731689453,0.6568179726600647,-0.5760186314582825,0.03141326084733009,-96.088623046875,1.3896368741989136,-0.42344602942466736,0.05589423328638077,-93.8282470703125,1.399531602859497,-0.10783112794160843,0.003947804681956768
189,S3 drying RH -30%,12,-94.77259063720703,0.5051157474517822,-0.38581719994544983,0.032726362347602844,-96.7677993774414,1.114234447479248,-0.38303327560424805,0.028758252039551735,-94.56319427490234,1.1749234199523926,-0.36988237500190735,0.049238406121730804,-90.61215209960938,1.0514041185379028,-0.09595951437950134,0.026088152080774307
189,S3 drying RH -30%,13,-95.09224700927734,1.744077444076538,-0.16713285446166992,0.060788072645664215,-92.80972290039062,0.7455920577049255,-0.18862642347812653,0.014485697261989117,-93.8088607788086,1.9206416606903076,-0.2544671595096588,0.046827368438243866,-93.4636459350586,0.7830384969711304,-0.27149102091789246,0.014009767211973667
189,S3 drying RH -30%,14,-90.85726165771484,1.7298080921173096,-0.17579202353954315,0.06109514832496643,-93.32733154296875,1.7965972423553467,-0.22905373573303223,0.028520002961158752,-94.39159393310547,1.1917086839675903,-0.3127124607563019,0.013628976419568062,-93.74536895751953,1.183318853378296,-0.11679986864328384,0.028607401996850967
189,S3 drying RH -30%,15,-89.03922271728516,0.7943904995918274,-0.06956224888563156,0.046886563301086426,-97.36856842041016,2.0402684211730957,-0.38547560572624207,0.026080235838890076,-96.61412811279297,0.6579745411872864,-0.27101197838783264,0.019648751243948936,-93.3712387084961,1.2206189632415771,-0.1461130678653717,0.027033841237425804
189,S3 drying RH -30%,16,-94.24285125732422,0.20893652737140656,-0.298770546913147,0.02397380955517292,-96.27618408203125,1.1081713438034058,-0.17517788708209991,0.035414449870586395,-92.52359771728516,0.3077031075954437,-0.23981662094593048,0.02391553856432438,-89.71200561523438,1.4632062911987305,-0.12846718728542328,0.01731622777879238
189,S3 drying RH -30%,17,-90.97920989990234,0.8434456586837769,-0.09643223881721497,0.03708170726895332,-91.59524536132812,1.3538557291030884,-0.16778786480426788,0.04382289573550224,-91.5857162475586,0.5187914967536926,-0.1969590038061142,0.00857042707502842,-93.65584564208984,0.8713479042053223,-0.22424548864364624,0.00880775973200798
189,S3 drying RH -30%,18,-93.1519546508789,1.7428131103515625,-0.153810054063797,0.07183094322681427,-93.134521484375,1.1557083129882812,-0.23877322673797607,0.019854938611388206,-95.17182159423828,0.5702347159385681,-0.38267946243286133,0.026911981403827667,-94.2836685180664,0.8845486044883728,-0.155558779835701,0.024206971749663353
189,S3 drying RH -30%,19,-91.64490509033203,0.26699861884117126,-0.12409179657697678,0.03816206753253937,-96.3075180053711,1.2636942863464355,-0.3403972089290619,0.04591572284698486,-93.1270523071289,1.6467258930206299,-0.2399994134902954,0.03744399547576904,-92.80298614501953,0.8832409381866455,-0.1706695705652237,0.04916374757885933
189,S3 drying RH -30%,20,-94.98332977294922,0.5220418572425842,-0.32893475890159607,0.01993417553603649,-96.3875961303711,1.5528533458709717,-0.24796359241008759,0.022453883662819862,-92.42626953125,0.45564740896224976,-0.2687035799026489,0.037765126675367355,-90.98001861572266,1.1579424142837524,-0.10620313882827759,0.023551560938358307
189,S4 rain-out,0,-90.82467651367188,0.5758715867996216,-0.19362477958202362,0.05228706821799278,-95.51959991455078,1.3262301683425903,-0.3334585428237915,0.03657900542020798,-87.53551483154297,1.8992520570755005,-0.16909509897232056,0.054279621690511703,-91.4869384765625,1.931343674659729,-0.15612559020519257,0.033326324075460434
189,S4 rain-out,1,-94.19554901123047,0.5359259247779846,-0.2228568196296692,0.04293567314743996,-96.2661361694336,1.690751314163208,-0.3070158064365387,0.02279544435441494,-88.345703125,1.48103928565979,-0.28747808933258057,0.034399691969156265,-92.42559814453125,1.7091237306594849,-0.15594621002674103,0.037814460694789886
189,S4 rain-out,2,-95.10729217529297,0.5261667966842651,-0.23701851069927216,0.04106953740119934,-93.2317123413086,0.617111086845398,-0.16926531493663788,0.03424358740448952,-91.77996826171875,1.374211311340332,-0.2655791938304901,0.061688460409641266,-92.6098861694336,0.927217423915863,-0.1722123771905899,0.01698518916964531
189,S4 rain-out,3,-94.0446548461914,1.533074975013733,-0.11356275528669357,0.036317385733127594,-97.43704223632812,2.385671854019165,-0.4745880663394928,0.006497946567833424,-93.48868560791016,1.2607002258300781,-0.4830162525177002,0.030507342889904976,-92.36685180664062,0.9015179872512817,-0.04901644587516785,0.025898491963744164
189,S4 rain-out,5,-93.81758880615234,0.41515347361564636,-0.13195501267910004,0.02902335487306118,-93.0491943359375,2.4894840717315674,-0.17916615307331085,0.03149547055363655,-90.6440200805664,0.7989210486412048,-0.16969794034957886,0.014646997675299644,-92.18389892578125,1.5442723035812378,-0.025397583842277527,0.03081410937011242
189,S4 rain-out,6,-94.95624542236328,1.4596433639526367,-0.18220223486423492,0.044791873544454575,-97.6381607055664,1.4450609683990479,-0.32366013526916504,0.006889942567795515,-95.66748046875,0.7988120317459106,-0.47103872895240784,0.038344115018844604,-93.2607421875,1.4819672107696533,-0.15688414871692657,0.008406750857830048
189,S4 rain-out,7,-92.19461822509766,0.8719513416290283,-0.2063571959733963,0.026902010664343834,-97.25557708740234,1.8623995780944824,-0.5631412863731384,0.021617557853460312,-96.5422592163086,1.4447091817855835,-0.4392114579677582,0.019367201253771782,-94.29036712646484,1.294363260269165,-0.2084350734949112,0.033589933067560196
189,S4 rain-out,8,-94.01221466064453,0.36987215280532837,-0.3669652044773102,0.01196188386529684,-95.80484008789062,0.4584970474243164,-0.3857702314853668,0.03234367445111275,-86.201171875,2.449620246887207,-0.22491437196731567,0.04031427949666977,-91.14153289794922,1.37122642993927,-0.09394529461860657,0.017491072416305542
189,S4 rain-out,9,-96.70189666748047,0.8899634480476379,-0.27765217423439026,0.055942352861166,-96.51740264892578,1.1221591234207153,-0.2601114511489868,0.026327846571803093,-92.51457977294922,1.095471739768982,-0.24823729693889618,0.016782591119408607,-94.47930908203125,0.9302977323532104,-0.2645581364631653,0.011164732277393341
189,S4 rain-out,10,-97.0780029296875,1.166448950767517,-0.22437985241413116,0.048354584723711014,-92.38178253173828,0.725616991519928,-0.21916191279888153,0.036200929433107376,-92.88422393798828,0.9250161647796631,-0.37175631523132324,0.055982805788517,-93.55741119384766,0.9671286940574646,-0.152779221534729,0.02167321927845478
189,S4 rain-out,11,-90.5234146118164,0.33461472392082214,-0.10343945026397705,0.04524020850658417,-95.0555648803711,1.3692246675491333,-0.3905564844608307,0.01999405026435852,-91.17069244384766,2.1626999378204346,-0.2648495137691498,0.043301016092300415,-93.10922241210938,1.0392508506774902,-0.0985322967171669,0.012574221007525921
189,S4 rain-out,12,-91.72798919677734,0.5377097725868225,-0.25628116726875305,0.016691243276000023,-95.46212005615234,1.2132103443145752,-0.3424539566040039,0.03708118945360184,-92.08101654052734,1.217037320137024,-0.3185000419616699,0.030679624527692795,-89.10018157958984,1.334326148033142,-0.03172611445188522,0.013965573161840439
189,S4 rain-out,13,-95.64614868164062,1.0518404245376587,-0.24948517978191376,0.049448128789663315,-94.38919830322266,0.9785217046737671,-0.22599492967128754,0.02459610626101494,-93.37203216552734,1.6511744260787964,-0.24334804713726044,0.016218125820159912,-93.66263580322266,0.711909830570221,-0.26187649369239807,0.019852230325341225
189,S4 rain-out,14,-91.78446197509766,1.5284839868545532,-0.21378116309642792,0.049279555678367615,-94.56952667236328,1.4309275150299072,-0.20729605853557587,0.021695058792829514,-93.262451171875,0.6339461803436279,-0.1937171369791031,0.05383490025997162,-93.9901351928711,0.8826979994773865,-0.09880448132753372,0.029349178075790405
189,S4 rain-out,15,-88.93209838867188,2.1376163959503174,-0.08083487302064896,0.04630930721759796,-95.22960662841797,2.4260056018829346,-0.3334031105041504,0.01791967637836933,-96.60868072509766,0.737225353717804,-0.27161577343940735,0.02146967500448227,-92.02379608154297,0.9614806175231934,-0.14162005484104156,0.03800496831536293
189,S4 rain-out,16,-95.17485809326172,0.41639184951782227,-0.27288198471069336,0.037389304488897324,-96.44071197509766,1.389818549156189,-0.19157153367996216,0.027627673000097275,-90.6010513305664,0.549964189529419,-0.17830626666545868,0.029839158058166504,-88.9103012084961,1.4442774057388306,-0.08544913679361343,0.031332895159721375
189,S4 rain-out,17,-92.18560791015625,0.9109524488449097,-0.15476487576961517,0.030701475217938423,-92.98431396484375,1.207631230354309,-0.14162878692150116,0.03240978717803955,-92.07198333740234,0.627004861831665,-0.16428439319133759,0.008982607163488865,-94.1966781616211,0.5293616652488708,-0.21898113191127777,0.015915779396891594
189,S4 rain-out,18,-95.07089233398438,1.2937462329864502,-0.2011568397283554,0.06178177520632744,-93.04137420654297,0.5801083445549011,-0.2421587109565735,0.017974646762013435,-94.40859985351562,0.540804386138916,-0.3791516125202179,0.02749263495206833,-94.05303192138672,0.8856720328330994,-0.14455372095108032,0.014137552119791508
189,S4 rain-out,19,-92.2851791381836,0.45824354887008667,-0.14573653042316437,0.04242950677871704,-96.43631744384766,1.9079593420028687,-0.32240793108940125,0.010449279099702835,-93.90680694580078,1.744747519493103,-0.17563073337078094,0.037562496960163116,-91.88729858398438,0.6700728535652161,-0.090902179479599,0.045271024107933044
189,S4 rain-out,20,-95.5555191040039,0.37123289704322815,-0.3074323832988739,0.008514339104294777,-96.96979522705078,1.2690045833587646,-0.24733185768127441,0.012617225758731365,-87.87584686279297,1.462812066078186,-0.25410130620002747,0.04589930549263954,-90.31366729736328,0.8673087358474731,-0.09936460107564926,0.014710142277181149
189,S5 deep drought,0,-91.8194351196289,0.2883928418159485,-0.23086261749267578,0.05105847492814064,-95.03299713134766,1.072656273841858,-0.3616311848163605,0.029930857941508293,-94.09295654296875,1.7170894145965576,-0.29440799355506897,0.06798587739467621,-93.17022705078125,1.7235463857650757,-0.18587587773799896,0.024284128099679947
189,S5 deep drought,1,-94.33020782470703,0.49050644040107727,-0.24195094406604767,0.048260435461997986,-95.06710815429688,1.3810707330703735,-0.3362182676792145,0.030160849913954735,-94.89556884765625,1.574703335762024,-0.37309134006500244,0.052557073533535004,-93.4074935913086,1.1854456663131714,-0.18208672106266022,0.01979178935289383
189,S5 deep drought,2,-94.3438491821289,1.3397992849349976,-0.14777393639087677,0.03435363993048668,-93.62503814697266,0.9212895035743713,-0.26569321751594543,0.01594373770058155,-93.7737808227539,1.4514051675796509,-0.2787226140499115,0.07298402488231659,-92.41837310791016,0.7039289474487305,-0.2450190633535385,0.01513291522860527
189,S5 deep drought,3,-93.5269775390625,1.315838098526001,-0.08853321522474289,0.0629391223192215,-97.23150634765625,2.743474006652832,-0.4583157002925873,0.020393529906868935,-94.6952133178711,1.6107579469680786,-0.5254682898521423,0.028178397566080093,-93.7261734008789,1.0815086364746094,-0.12889643013477325,0.012953100726008415
189,S5 deep drought,5,-92.98123168945312,0.43982210755348206,-0.10380110889673233,0.032367803156375885,-93.01505279541016,2.44435453414917,-0.15533068776130676,0.03437907248735428,-91.01263427734375,0.40692582726478577,-0.17439661920070648,0.011438156478106976,-91.93888092041016,1.6011055707931519,-0.025980984792113304,0.030606064945459366
189,S5 deep drought,6,-93.48763275146484,1.8124351501464844,-0.13073334097862244,0.061190567910671234,-95.01720428466797,0.9415786862373352,-0.2600235939025879,0.005464006215333939,-95.80292510986328,1.3188990354537964,-0.49144721031188965,0.034488558769226074,-93.0185546875,1.3412936925888062,-0.15635904669761658,0.011281193234026432
189,S5 deep drought,7,-91.0343246459961,0.5335075855255127,-0.18811243772506714,0.0294780433177948,-97.3037338256836,1.3382877111434937,-0.5674855709075928,0.02764386311173439,-98.0588150024414,1.7655789852142334,-0.4891279637813568,0.02587750367820263,-94.55838012695312,1.3395894765853882,-0.22874672710895538,0.026901431381702423
189,S5 deep drought,8,-93.8047866821289,0.2085927277803421,-0.3921917974948883,0.016151100397109985,-95.62886810302734,0.4054069221019745,-0.3893643319606781,0.028981244191527367,-91.00457763671875,1.793799638748169,-0.2928065061569214,0.056583989411592484,-91.6058578491211,1.1759926080703735,-0.12470798939466476,0.022301141172647476
189,S5 deep drought,9,-95.9793472290039,1.4139111042022705,-0.19299985468387604,0.0734226256608963,-94.03597259521484,1.0351380109786987,-0.21956728398799896,0.005676915869116783,-92.81916046142578,1.5575116872787476,-0.25352799892425537,0.033935967832803726,-94.17132568359375,1.3107151985168457,-0.2675703763961792,0.007027782965451479
189,S5 deep drought,10,-96.02838134765625,1.5358376502990723,-0.19684739410877228,0.048773143440485,-92.53299713134766,1.169389009475708,-0.22782915830612183,0.041018567979335785,-94.7319564819336,1.0169483423233032,-0.4363518953323364,0.03818608820438385,-93.09933471679688,1.3662248849868774,-0.14105774462223053,0.031135186553001404
189,S5 deep drought,11,-92.3235855102539,0.19406332075595856,-0.1746755689382553,0.0460144504904747,-96.50679779052734,0.8813689947128296,-0.47458040714263916,0.01730295829474926,-95.6137466430664,1.3269693851470947,-0.3431806266307831,0.06566093116998672,-93.5667495727539,1.233094334602356,-0.09538129717111588,0.007892582565546036
189,S5 deep drought,12,-94.7851333618164,0.6757979393005371,-0.38137850165367126,0.04058241844177246,-95.1233139038086,1.4755163192749023,-0.32912546396255493,0.038857944309711456,-94.8174819946289,1.2128400802612305,-0.36288896203041077,0.05562698841094971,-90.35037231445312,0.9648830890655518,-0.09050106257200241,0.0152047798037529
189,S5 deep drought,13,-95.4432601928711,2.065809488296509,-0.16692109405994415,0.06619342416524887,-93.37325286865234,1.045403242111206,-0.18480831384658813,0.010094230994582176,-93.72826385498047,1.80715012550354,-0.25360748171806335,0.042489685118198395,-93.22191619873047,1.1086045503616333,-0.2591823637485504,0.02077666111290455
189,S5 deep drought,14,-90.646728515625,1.9396677017211914,-0.17082686722278595,0.05851522088050842,-93.06156158447266,1.7257202863693237,-0.19277101755142212,0.028820255771279335,-93.8796615600586,0.8311281800270081,-0.23151874542236328,0.028368743136525154,-93.74536895751953,1.183318853378296,-0.11888132244348526,0.027507616207003593
189,S5 deep drought,15,-88.57862091064453,0.6340675354003906,-0.057055771350860596,0.041465722024440765,-96.90717315673828,2.295551061630249,-0.33958324790000916,0.038318607956171036,-96.630615234375,0.0771220251917839,-0.26654112339019775,0.01681641861796379,-92.95159912109375,1.1184184551239014,-0.16244201362133026,0.03402689844369888
189,S5 deep drought,16,-94.42180633544922,0.28689631819725037,-0.298770546913147,0.02397380955517292,-96.21312713623047,1.3515723943710327,-0.17302699387073517,0.03283488750457764,-92.18273162841797,0.5704687237739563,-0.19842134416103363,0.04247300699353218,-89.34527587890625,1.7465461492538452,-0.09643537551164627,0.027090584859251976
189,S5 deep drought,17,-91.46759033203125,1.1022897958755493,-0.10085160285234451,0.03989454731345177,-92.06391143798828,1.4689054489135742,-0.1773921698331833,0.044002845883369446,-91.5857162475586,0.5187914967536926,-0.1579262614250183,0.013283121399581432,-93.6152572631836,0.8379706144332886,-0.2283697873353958,0.012157253921031952
189,S5 deep drought,18,-93.8371353149414,1.430046796798706,-0.15925127267837524,0.068812794983387,-93.00177001953125,1.1062777042388916,-0.24130283296108246,0.020253561437129974,-94.72161865234375,0.9610325694084167,-0.36566075682640076,0.010977416299283504,-93.66649627685547,0.968855082988739,-0.152491495013237,0.022473672404885292
189,S5 deep drought,19,-91.61172485351562,0.24503770470619202,-0.12259075790643692,0.039524808526039124,-96.3075180053711,1.2636942863464355,-0.3311714231967926,0.046853549778461456,-93.2135238647461,1.5456475019454956,-0.18407273292541504,0.01951058767735958,-91.8382797241211,0.8692817687988281,-0.104696124792099,0.035084255039691925
189,S5 deep drought,20,-95.07796478271484,0.3752327859401703,-0.33031710982322693,0.018614698201417923,-95.75387573242188,1.290395736694336,-0.24711422622203827,0.021266480907797813,-92.5091552734375,0.435138076543808,-0.2703319787979126,0.03714508190751076,-90.98001861572266,1.1579424142837524,-0.11106287688016891,0.023387271910905838
189,S6 relocate: high-relief,0,-90.9508285522461,0.6047366261482239,-0.19583316147327423,0.06175019219517708,-96.0020523071289,1.0552490949630737,-0.36399808526039124,0.0225941464304924,-97.39651489257812,2.215292453765869,-0.24727797508239746,0.05590544268488884,-92.02339935302734,2.1585094928741455,-0.17885737121105194,0.02046295627951622
189,S6 relocate: high-relief,1,-94.5560531616211,0.531478762626648,-0.24538825452327728,0.04379060119390488,-96.01261138916016,1.3056743144989014,-0.3568211495876312,0.013225924223661423,-98.83647918701172,2.252624988555908,-0.4283994138240814,0.02635243348777294,-93.3901596069336,1.1115024089813232,-0.21055208146572113,0.041729092597961426
189,S6 relocate: high-relief,2,-94.4599609375,1.197746992111206,-0.15751604735851288,0.03911569342017174,-95.32764434814453,1.008129596710205,-0.221071258187294,0.03942827880382538,-96.65301513671875,1.9007943868637085,-0.34804654121398926,0.043040331453084946,-93.10822296142578,1.0612983703613281,-0.205289825797081,0.016833756119012833
189,S6 relocate: high-relief,3,-93.70966339111328,1.58342707157135,-0.07803795486688614,0.05518070608377457,-98.74222564697266,2.746138334274292,-0.4962751567363739,0.008729889988899231,-97.8471908569336,2.279510498046875,-0.5421590805053711,0.016120770946145058,-93.29097747802734,0.8013119697570801,-0.09884413331747055,0.014087272807955742
189,S6 relocate: high-relief,5,-93.16246795654297,0.6192006468772888,-0.11498384922742844,0.04287770017981529,-93.51143646240234,2.698399782180786,-0.20896558463573456,0.0512784868478775,-94.15544891357422,1.6690303087234497,-0.23742936551570892,0.03933251276612282,-92.63311767578125,1.009179949760437,-0.060677528381347656,0.030607881024479866
189,S6 relocate: high-relief,6,-94.32534790039062,1.6534714698791504,-0.12911726534366608,0.06464245170354843,-96.54039764404297,0.92231684923172,-0.2994760572910309,0.008268793113529682,-99.17639923095703,1.6226422786712646,-0.5618184208869934,0.024312514811754227,-94.357666015625,1.0241848230361938,-0.21475881338119507,0.014061830006539822
189,S6 relocate: high-relief,7,-91.4031982421875,0.8269253969192505,-0.19786830246448517,0.036399029195308685,-97.8321533203125,0.9402171969413757,-0.6084004640579224,0.03060012310743332,-99.91822052001953,2.3240954875946045,-0.5232017636299133,0.01882106065750122,-94.68183135986328,0.8222171068191528,-0.22386698424816132,0.03881033509969711
189,S6 relocate: high-relief,8,-93.90506744384766,0.80216383934021,-0.40049421787261963,0.018431659787893295,-95.89620971679688,0.32788604497909546,-0.43188366293907166,0.026774967089295387,-94.7701187133789,2.424717664718628,-0.3469575345516205,0.03959055617451668,-92.53447723388672,0.6286627054214478,-0.16561837494373322,0.032612573355436325
189,S6 relocate: high-relief,9,-95.96380615234375,1.4481773376464844,-0.19079779088497162,0.07471706718206406,-95.47130584716797,0.8469613194465637,-0.2658982276916504,0.007741908542811871,-96.12265014648438,2.3368473052978516,-0.3172743022441864,0.017368678003549576,-95.03353881835938,1.0065288543701172,-0.29202696681022644,0.01925467699766159
189,S6 relocate: high-relief,10,-96.2772216796875,1.6199122667312622,-0.20206530392169952,0.05181001126766205,-94.28032684326172,0.7989886403083801,-0.2646980583667755,0.017599523067474365,-99.11517333984375,1.8873286247253418,-0.4786176383495331,0.031058674678206444,-93.89514923095703,1.4808259010314941,-0.18856751918792725,0.04130197688937187
189,S6 relocate: high-relief,11,-89.68634796142578,0.4698691964149475,-0.09512580186128616,0.04825202748179436,-96.44775390625,0.8758493661880493,-0.43488872051239014,0.016646569594740868,-99.56353759765625,2.27746844291687,-0.33945992588996887,0.019604073837399483,-93.72042083740234,1.005692481994629,-0.13985081017017365,0.018911918625235558
189,S6 relocate: high-relief,12,-91.99903106689453,1.0262196063995361,-0.2526908218860626,0.018260512501001358,-95.9360122680664,1.748946189880371,-0.37488970160484314,0.021225355565547943,-98.7375717163086,1.6622724533081055,-0.43396034836769104,0.027987012639641762,-90.12191772460938,1.0098040103912354,-0.08634484559297562,0.004877518396824598
189,S6 relocate: high-relief,13,-94.96147918701172,1.8150224685668945,-0.16352270543575287,0.05785983428359032,-94.48187255859375,1.172670841217041,-0.2165157049894333,0.0037702182307839394,-96.41583251953125,2.443721294403076,-0.31607186794281006,0.017194420099258423,-94.1241683959961,0.822131335735321,-0.2906590402126312,0.016748834401369095
189,S6 relocate: high-relief,14,-90.8055191040039,1.7569348812103271,-0.18111036717891693,0.0660068690776825,-94.68071746826172,1.1607760190963745,-0.22023041546344757,0.033171363174915314,-97.59223175048828,1.3037841320037842,-0.27257707715034485,0.015084190294146538,-94.20133209228516,1.1480937004089355,-0.14406460523605347,0.02737010084092617
189,S6 relocate: high-relief,15,-88.55657958984375,1.2349896430969238,-0.11474777013063431,0.04243922233581543,-94.8100357055664,2.6698548793792725,-0.3225635588169098,0.01396139245480299,-98.05291748046875,0.18811598420143127,-0.2864101827144623,0.028806611895561218,-91.80059814453125,0.45970889925956726,-0.14608298242092133,0.04398505017161369
189,S6 relocate: high-relief,16,-94.76236724853516,0.1341758519411087,-0.2960297167301178,0.015509286895394325,-96.78917694091797,1.7288157939910889,-0.21769876778125763,0.029047776013612747,-96.8765640258789,0.6466135382652283,-0.2562088668346405,0.015229938551783562,-90.29680633544922,1.4909334182739258,-0.13419209420681,0.04067661613225937
189,S6 relocate: high-relief,17,-91.33304595947266,0.706001877784729,-0.0923914909362793,0.0350712351500988,-93.0676498413086,1.05784010887146,-0.20402675867080688,0.041890356689691544,-93.7984390258789,0.8646638989448547,-0.17513422667980194,0.02209055982530117,-94.50241088867188,0.4755825996398926,-0.25671303272247314,0.017428165301680565
189,S6 relocate: high-relief,18,-94.1961898803711,1.584540843963623,-0.14994432032108307,0.07976412028074265,-94.86920166015625,0.9585145115852356,-0.2637077569961548,0.02399144135415554,-97.33524322509766,0.6779548525810242,-0.45384612679481506,0.042591605335474014,-94.70940399169922,0.7126116752624512,-0.18299122154712677,0.03194209188222885
189,S6 relocate: high-relief,19,-91.66692352294922,0.17063620686531067,-0.132268026471138,0.039577778428792953,-96.4591064453125,1.058742642402649,-0.308062344789505,0.023588674142956734,-94.89286041259766,1.776949167251587,-0.18065263330936432,0.03073348104953766,-91.73162078857422,0.8118054270744324,-0.09726884961128235,0.04069220647215843
189,S6 relocate: high-relief,20,-95.4973373413086,0.5240530967712402,-0.3246845304965973,0.01806831918656826,-96.53494262695312,1.3201181888580322,-0.27157267928123474,0.014354893006384373,-96.28351593017578,1.8411922454833984,-0.3257158100605011,0.048913292586803436,-91.75411987304688,0.6284143328666687,-0.14471548795700073,0.03752909600734711
189,S7 compound extreme,0,-89.92361450195312,0.28328749537467957,-0.15042667090892792,0.0477030947804451,-98.0420913696289,0.7227489352226257,-0.3436568081378937,0.01491377130150795,-93.64617919921875,1.2723308801651,-0.35304197669029236,0.0523364283144474,-92.49198150634766,0.2920529544353485,-0.2697788178920746,0.032751232385635376
189,S7 compound extreme,1,-93.52816009521484,0.3435426652431488,-0.21565823256969452,0.03553104028105736,-96.7452392578125,0.7323660850524902,-0.28104913234710693,0.04370375722646713,-94.7970199584961,1.2964156866073608,-0.3785473108291626,0.058054886758327484,-95.50579071044922,1.1057195663452148,-0.28926143050193787,0.029461774975061417
189,S7 compound extreme,2,-92.60669708251953,1.2327919006347656,-0.12623661756515503,0.006936450023204088,-98.17800903320312,0.1349426954984665,-0.20786114037036896,0.03274646773934364,-91.13692474365234,1.1573342084884644,-0.3198193609714508,0.07046492397785187,-93.52776336669922,1.3699809312820435,-0.38138046860694885,0.021063094958662987
189,S7 compound extreme,3,-92.5629653930664,2.1949357986450195,-0.06628506630659103,0.05222548544406891,-98.2816390991211,0.9779667854309082,-0.4106839895248413,0.03553769364953041,-91.20758056640625,1.9697836637496948,-0.46720579266548157,0.042136941105127335,-92.45626068115234,1.2961089611053467,-0.16489559412002563,0.023417320102453232
189,S7 compound extreme,5,-92.98123168945312,0.43982210755348206,-0.10253623127937317,0.03291995823383331,-92.85660552978516,2.495744466781616,-0.15293490886688232,0.03559532389044762,-90.77198028564453,0.621769368648529,-0.16969794034957886,0.014646997675299644,-91.91757202148438,1.5719709396362305,-0.025397583842277527,0.03081410937011242
189,S7 compound extreme,6,-95.23308563232422,1.927077054977417,-0.1181650385260582,0.03944632411003113,-95.65802764892578,0.5641195774078369,-0.17888647317886353,0.03038872964680195,-93.34044647216797,0.8698190450668335,-0.48103928565979004,0.041708435863256454,-89.9168701171875,1.068528652191162,-0.15264840424060822,0.014157524332404137
189,S7 compound extreme,7,-90.6883316040039,0.565022349357605,-0.16542479395866394,0.04197834059596062,-97.84345245361328,1.330753207206726,-0.4967823922634125,0.04038609191775322,-97.23882293701172,1.3351720571517944,-0.4926246106624603,0.035616155713796616,-94.56954956054688,1.1572458744049072,-0.2578597068786621,0.023355768993496895
189,S7 compound extreme,8,-93.92020416259766,0.18559756875038147,-0.3784836530685425,0.013027091510593891,-98.4770736694336,0.36463770270347595,-0.32557213306427,0.04026181995868683,-96.34014129638672,0.9637149572372437,-0.3566288650035858,0.05109560862183571,-92.99324798583984,0.8439412117004395,-0.1786179542541504,0.02495216578245163
189,S7 compound extreme,9,-95.56072998046875,1.8217995166778564,-0.0885290578007698,0.05905691534280777,-93.87226104736328,0.4051700830459595,-0.16718675196170807,0.018517140299081802,-90.2637939453125,0.9739646911621094,-0.2386959344148636,0.02666836604475975,-92.82418823242188,0.9378951191902161,-0.21999605000019073,0.015119528397917747
189,S7 compound extreme,10,-95.02851104736328,1.345396637916565,-0.1362314671278,0.025882024317979813,-92.01213836669922,0.9102370142936707,-0.20190350711345673,0.013246978633105755,-93.96475982666016,0.8380368947982788,-0.4788723289966583,0.037952374666929245,-93.96004486083984,0.9804219603538513,-0.23520658910274506,0.014381760731339455
189,S7 compound extreme,11,-93.44696807861328,0.18269111216068268,-0.16680364310741425,0.05807940661907196,-97.7422866821289,0.25114956498146057,-0.5381545424461365,0.025675952434539795,-95.31988525390625,1.268462896347046,-0.4651879370212555,0.036184873431921005,-94.89823150634766,1.1006801128387451,-0.22311192750930786,0.008960033766925335
189,S7 compound extreme,12,-94.54630279541016,0.4832381010055542,-0.3597322404384613,0.01869908906519413,-97.08617401123047,0.3690073788166046,-0.34837448596954346,0.03425001725554466,-96.07001495361328,0.9535512328147888,-0.38904428482055664,0.030918873846530914,-93.13260650634766,0.790997326374054,-0.1874990612268448,0.019378352910280228
189,S7 compound extreme,13,-94.68588256835938,2.194733142852783,-0.07752351462841034,0.05234518274664879,-93.259765625,0.47392481565475464,-0.1759229451417923,0.010729392990469933,-91.17667388916016,1.0191664695739746,-0.25637707114219666,0.02227203920483589,-93.5606460571289,0.7462981939315796,-0.2312883585691452,0.02021532692015171
189,S7 compound extreme,14,-95.69742584228516,1.6489338874816895,-0.1357763558626175,0.056838683784008026,-94.1103744506836,1.5564298629760742,-0.23556645214557648,0.056695349514484406,-92.9030990600586,1.0007176399230957,-0.3444439172744751,0.022525206208229065,-93.45565032958984,1.3276779651641846,-0.14727729558944702,0.014903278090059757
189,S7 compound extreme,15,-89.77469635009766,0.2761366069316864,-0.0682382881641388,0.05134934186935425,-98.23274993896484,1.4912148714065552,-0.40071702003479004,0.017489822581410408,-95.87223052978516,0.5344985723495483,-0.30875709652900696,0.01863010972738266,-94.78437042236328,1.2543857097625732,-0.23599863052368164,0.02530462108552456
189,S7 compound extreme,16,-95.64471435546875,0.42911821603775024,-0.3149426281452179,0.03275439143180847,-97.66617584228516,0.675142765045166,-0.14166228473186493,0.05324948579072952,-92.98031616210938,0.38751712441444397,-0.27520886063575745,0.03152085840702057,-91.8441390991211,1.3338685035705566,-0.1635250300168991,0.037650108337402344
189,S7 compound extreme,17,-93.9541015625,0.797806978225708,-0.029243817552924156,0.03375872224569321,-92.39356231689453,0.6281948089599609,-0.15819774568080902,0.04212594032287598,-90.51457977294922,0.44423922896385193,-0.21912015974521637,0.038648467510938644,-92.99390411376953,0.7232707738876343,-0.22982282936573029,0.00715309102088213
189,S7 compound extreme,18,-93.32787322998047,2.037954330444336,-0.1150030866265297,0.041851677000522614,-91.3625259399414,1.613912582397461,-0.1713227778673172,0.012478114105761051,-93.6289291381836,0.34924212098121643,-0.3758660852909088,0.06266789138317108,-93.03598022460938,0.3417353630065918,-0.1697906106710434,0.023627741262316704
189,S7 compound extreme,19,-91.00060272216797,0.5271832942962646,-0.10321994870901108,0.042213451117277145,-97.2605209350586,1.4248119592666626,-0.3805336654186249,0.02495286613702774,-92.40384674072266,2.4516265392303467,-0.3023298680782318,0.0591374933719635,-92.00421142578125,1.0488194227218628,-0.18289832770824432,0.040887948125600815
189,S7 compound extreme,20,-94.49197387695312,0.3963017463684082,-0.31718847155570984,0.009020926430821419,-96.3041000366211,1.3074754476547241,-0.20564444363117218,0.03178677335381508,-92.3165512084961,1.137153148651123,-0.26539209485054016,0.0402396023273468,-93.40998077392578,1.065262794494629,-0.21244342625141144,0.0186886265873909
189,S8 pyro-feedback ON,0,-90.982177734375,0.33655259013175964,-0.19110943377017975,0.06326393038034439,-95.63321685791016,1.0018975734710693,-0.3217528164386749,0.030173033475875854,-93.78726959228516,1.529269814491272,-0.22892886400222778,0.08171238005161285,-91.4491195678711,1.8211209774017334,-0.1644407957792282,0.03341599926352501
189,S8 pyro-feedback ON,1,-94.43404388427734,0.495326429605484,-0.23541510105133057,0.04403744637966156,-95.41983795166016,1.472298264503479,-0.29775726795196533,0.017668668180704117,-94.86904907226562,1.5737740993499756,-0.36715054512023926,0.05197687819600105,-92.83087158203125,1.2542264461517334,-0.1770356148481369,0.03986238315701485
189,S8 pyro-feedback ON,2,-94.41600799560547,1.0159024000167847,-0.14388349652290344,0.04252252355217934,-93.76593780517578,0.6078758239746094,-0.19355040788650513,0.03436773270368576,-93.4195327758789,1.3704582452774048,-0.2977334260940552,0.07218457013368607,-92.99442291259766,1.0019909143447876,-0.1732764095067978,0.02687651850283146
189,S8 pyro-feedback ON,3,-93.23150634765625,1.4994596242904663,-0.0659235343337059,0.053400758653879166,-96.29366302490234,2.1126973628997803,-0.4418494701385498,0.029420379549264908,-94.24156951904297,1.3707751035690308,-0.5135039687156677,0.031090958043932915,-92.28020477294922,0.6226091980934143,-0.05453978851437569,0.02306326851248741
189,S8 pyro-feedback ON,5,-92.98123168945312,0.43982210755348206,-0.10253623127937317,0.03291995823383331,-92.85660552978516,2.495744466781616,-0.15293490886688232,0.03559532389044762,-90.77198028564453,0.621769368648529,-0.16969794034957886,0.014646997675299644,-91.91757202148438,1.5719709396362305,-0.025397583842277527,0.03081410937011242
189,S8 pyro-feedback ON,6,-93.8782958984375,1.6040531396865845,-0.12434655427932739,0.0587192066013813,-95.31747436523438,1.0403664112091064,-0.2664802670478821,0.017224352806806564,-97.4346923828125,0.7315322756767273,-0.4964379370212555,0.03609532490372658,-92.44356536865234,1.3394547700881958,-0.14205797016620636,0.02585364319384098
189,S8 pyro-feedback ON,7,-91.2425537109375,0.6058927178382874,-0.19054622948169708,0.032816216349601746,-97.7549819946289,1.3856754302978516,-0.563371479511261,0.02822667546570301,-97.5428466796875,1.8216456174850464,-0.48434123396873474,0.02558206208050251,-94.33838653564453,1.3159199953079224,-0.21239018440246582,0.03450687602162361
189,S8 pyro-feedback ON,8,-93.78839111328125,0.23149080574512482,-0.40342435240745544,0.014732756651937962,-95.5820083618164,0.5502511262893677,-0.3808321952819824,0.02639009803533554,-92.60523223876953,1.815482497215271,-0.292412668466568,0.05977733060717583,-91.6712417602539,1.110280156135559,-0.11260231584310532,0.03084818460047245
189,S8 pyro-feedback ON,9,-95.71185302734375,1.1833208799362183,-0.18170295655727386,0.07120131701231003,-93.95560455322266,0.7131653428077698,-0.22301049530506134,0.009156770072877407,-93.06936645507812,1.4669677019119263,-0.25166749954223633,0.04365328699350357,-94.11421966552734,1.3239072561264038,-0.2668658196926117,0.008058426901698112
189,S8 pyro-feedback ON,10,-96.0474853515625,1.3679156303405762,-0.19226329028606415,0.04884374886751175,-92.32211303710938,1.1856842041015625,-0.21587443351745605,0.03538347780704498,-94.78614044189453,0.8754681348800659,-0.4157671630382538,0.05989525094628334,-93.05050659179688,1.0897440910339355,-0.1514495462179184,0.024652542546391487
189,S8 pyro-feedback ON,11,-89.42987823486328,0.26243895292282104,-0.08839595317840576,0.05097382515668869,-96.10411834716797,1.1811460256576538,-0.3783392012119293,0.022004634141921997,-95.99295806884766,1.3531996011734009,-0.329621821641922,0.05514177307486534,-93.18599700927734,1.1247848272323608,-0.10248743742704391,0.016143562272191048
189,S8 pyro-feedback ON,12,-91.53694915771484,1.1125069856643677,-0.2475622445344925,0.01925956830382347,-94.80083465576172,1.6244856119155884,-0.3130543529987335,0.029948318377137184,-95.7522964477539,1.1645026206970215,-0.3663204610347748,0.053686074912548065,-89.31705474853516,1.1779736280441284,-0.03602425381541252,0.015513939782977104
189,S8 pyro-feedback ON,13,-94.65093994140625,1.5531353950500488,-0.16260866820812225,0.06062488630414009,-92.98272705078125,1.0678101778030396,-0.19413642585277557,0.005012085195630789,-94.2706298828125,1.573651671409607,-0.2563591003417969,0.04261450096964836,-93.30970001220703,0.9769327640533447,-0.2607150077819824,0.013219664804637432
189,S8 pyro-feedback ON,14,-90.72784423828125,1.647127628326416,-0.16668926179409027,0.06618893146514893,-92.8662109375,1.5798375606536865,-0.18038779497146606,0.02451513707637787,-94.31011199951172,0.5038185119628906,-0.2244442254304886,0.03897993266582489,-93.50537872314453,1.305702805519104,-0.09735699743032455,0.028013436123728752
189,S8 pyro-feedback ON,15,-87.1507339477539,1.6406675577163696,-0.06596691161394119,0.04082414135336876,-95.63077545166016,2.716639757156372,-0.31453943252563477,0.016630858182907104,-97.23863983154297,0.5894536375999451,-0.27461686730384827,0.019956251606345177,-91.82843780517578,1.1913421154022217,-0.14727714657783508,0.039229799062013626
189,S8 pyro-feedback ON,16,-94.41521453857422,0.2647593021392822,-0.2962667644023895,0.0218301173299551,-96.17450714111328,1.5264712572097778,-0.1718171387910843,0.03437306359410286,-93.33031463623047,0.3253771960735321,-0.19196343421936035,0.03130630403757095,-88.97048950195312,1.703006386756897,-0.08689437061548233,0.033850811421871185
189,S8 pyro-feedback ON,17,-91.4171142578125,0.8370683789253235,-0.09541824460029602,0.038027599453926086,-91.61917114257812,1.3391540050506592,-0.1761748194694519,0.03838400915265083,-91.74394989013672,0.31716063618659973,-0.12792526185512543,0.007145888637751341,-93.8232650756836,0.7543616890907288,-0.22742484509944916,0.016362005844712257
189,S8 pyro-feedback ON,18,-93.72562408447266,1.267972469329834,-0.1512131541967392,0.07158055156469345,-93.2414321899414,1.1122945547103882,-0.2507881820201874,0.019948527216911316,-94.98087310791016,0.5666478872299194,-0.36935731768608093,0.013684427365660667,-93.81204986572266,0.7248360514640808,-0.13965392112731934,0.019145628437399864
189,S8 pyro-feedback ON,19,-91.712646484375,0.186305433511734,-0.1309480369091034,0.040113963186740875,-96.37381744384766,1.3358967304229736,-0.30258965492248535,0.02426747977733612,-95.46146392822266,0.9835436940193176,-0.1856732964515686,0.025879384949803352,-91.74444580078125,0.905123233795166,-0.09726884961128235,0.04069220647215843
189,S8 pyro-feedback ON,20,-95.30917358398438,0.7288792729377747,-0.324921578168869,0.015916140750050545,-96.2878646850586,1.654383659362793,-0.23892705142498016,0.011013125069439411,-92.10575103759766,0.6116584539413452,-0.2676357626914978,0.03854046389460564,-90.62287139892578,1.0379924774169922,-0.10076948255300522,0.021853787824511528
190,S0 baseline,0,-81.17324829101562,1.726933240890503,-0.11827081441879272,0.006939371582120657,-82.38739776611328,1.761175274848938,-0.11048784106969833,0.02074844017624855,-80.54830169677734,1.1874842643737793,-0.08329800516366959,0.060742974281311035,-89.3582992553711,0.9406830668449402,-0.032923560589551926,0.015431035310029984
190,S0 baseline,1,-80.6243896484375,1.4280964136123657,-0.3272302448749542,0.04357006028294563,-78.9451675415039,1.844836711883545,-0.11191854625940323,0.018994219601154327,-83.06473541259766,2.903123617172241,-0.0840800330042839,0.07077686488628387,-90.79055786132812,1.1597570180892944,-0.14517168700695038,0.004536193795502186
190,S0 baseline,2,-89.44806671142578,3.7676687240600586,-0.10100511461496353,0.03451187163591385,-73.39971160888672,3.2085578441619873,0.06191428378224373,0.034690551459789276,-83.5670394897461,1.0165156126022339,-0.02942393720149994,0.025400036945939064,-85.81436157226562,1.2757456302642822,0.24174349009990692,0.01579507440328598
190,S0 baseline,3,-70.9407730102539,1.1075115203857422,0.040894415229558945,0.03718952834606171,-77.71873474121094,2.196718215942383,-0.01726924441754818,0.027222100645303726,-74.2870864868164,0.8706097602844238,-0.02210369147360325,0.0432242825627327,-66.15876007080078,4.1923723220825195,0.43557465076446533,0.0488472580909729
190,S0 baseline,5,-87.17742156982422,0.9745578169822693,-0.20870406925678253,0.016430659219622612,-89.6456298828125,0.7482683062553406,-0.13143466413021088,0.009849529713392258,-82.1211166381836,0.7513835430145264,-0.04772162437438965,0.03257165476679802,-92.23849487304688,0.4948698878288269,-0.1609640121459961,0.01199362613260746
190,S0 baseline,6,-83.83428192138672,0.7886078953742981,-0.19073253870010376,0.012968340888619423,-82.9717788696289,2.097778081893921,-0.08393571525812149,0.033536508679389954,-82.05801391601562,0.7812479138374329,-0.1101660504937172,0.03167964145541191,-91.2405014038086,0.7552307844161987,-0.10034400224685669,0.042878568172454834
190,S0 baseline,7,-82.84969329833984,1.0486912727355957,-0.14841055870056152,0.03713792562484741,-86.69376373291016,1.0005810260772705,-0.19861416518688202,0.031034480780363083,-81.7042465209961,1.9712570905685425,-0.03138555958867073,0.049887169152498245,-93.40593719482422,0.48577436804771423,-0.13263823091983795,0.003800448030233383
190,S0 baseline,8,-83.97464752197266,0.5460723638534546,-0.22926540672779083,0.021855846047401428,-85.8998794555664,2.293484926223755,-0.07983096688985825,0.01887165941298008,-87.4083251953125,1.712975025177002,-0.12896226346492767,0.07659139484167099,-90.712158203125,1.611267328262329,-0.13934935629367828,0.009810538962483406
190,S0 baseline,9,-81.2007064819336,2.013313055038452,-0.062464337795972824,0.015098389238119125,-86.7247543334961,0.7916178107261658,-0.047837916761636734,0.03259966894984245,-84.25447845458984,2.021468162536621,-0.08198147267103195,0.029492298141121864,-92.08346557617188,1.5779286623001099,-0.06782829761505127,0.034951623529195786
190,S0 baseline,10,-76.51936340332031,3.79069185256958,-0.06468366831541061,0.02659965679049492,-80.42765045166016,1.3756773471832275,-0.024064453318715096,0.03092336095869541,-85.64706420898438,0.7786172032356262,-0.19514727592468262,0.020685017108917236,-86.64642333984375,0.8691695928573608,-0.037554554641246796,0.020967673510313034
190,S0 baseline,11,-75.76953125,0.2139970064163208,0.13126611709594727,0.05021478980779648,-67.37040710449219,1.8791162967681885,0.15720593929290771,0.014437171630561352,-72.33663177490234,0.8361870050430298,0.1393512636423111,0.06935630738735199,-82.1534194946289,2.4828288555145264,0.0748867467045784,0.08023325353860855
190,S0 baseline,12,-84.95407104492188,1.0786679983139038,-0.0374949686229229,0.07087728381156921,-66.56182098388672,2.5806705951690674,0.2006598562002182,0.017032979056239128,-77.78429412841797,1.3256750106811523,-0.03276487812399864,0.07665771245956421,-84.45093536376953,1.8029639720916748,-0.02118387632071972,0.02813643589615822
190,S0 baseline,13,-88.81941986083984,3.2084052562713623,-0.14519739151000977,0.05421124026179314,-78.06681060791016,0.7450413107872009,0.06974554806947708,0.022004464641213417,-82.68439483642578,0.3383127748966217,-0.13129790127277374,0.08226613700389862,-92.50626373291016,1.312619924545288,-0.13017286360263824,0.004934130702167749
190,S0 baseline,14,-87.7259750366211,2.1064858436584473,-0.0970744863152504,0.047278933227062225,-75.3292465209961,0.5506484508514404,0.1629493236541748,0.032356709241867065,-88.10726165771484,0.6835049986839294,-0.13778184354305267,0.09356130659580231,-92.6708984375,0.37083831429481506,-0.11836876720190048,0.026485426351428032
190,S0 baseline,15,-85.0443115234375,2.0743136405944824,-0.05167031288146973,0.05079544335603714,-76.03972625732422,0.7469672560691833,0.03035730868577957,0.05091569945216179,-84.7184829711914,2.1625421047210693,-0.07432781904935837,0.07569350302219391,-95.6527099609375,0.21549303829669952,-0.14223605394363403,0.03342963010072708
190,S0 baseline,16,-90.15572357177734,3.483247756958008,-0.3774411380290985,0.019319774582982063,-84.69528198242188,3.6300017833709717,-0.15707971155643463,0.022203773260116577,-86.67828369140625,1.4097964763641357,-0.17833124101161957,0.07499134540557861,-97.68428802490234,1.8108593225479126,-0.27659693360328674,0.05438721925020218
190,S0 baseline,17,-77.50839233398438,0.6599616408348083,0.010750683955848217,0.044745124876499176,-75.97158813476562,4.3835554122924805,0.04287412762641907,0.0374210886657238,-83.25003051757812,2.544696807861328,-0.0677446722984314,0.024118926376104355,-86.82805633544922,0.7804247140884399,0.036806803196668625,0.039794065058231354
190,S0 baseline,18,-79.18717956542969,2.7348670959472656,0.027522804215550423,0.04570246860384941,-74.84152221679688,1.9712746143341064,0.11029352992773056,0.017887182533740997,-85.24169158935547,0.9952690601348877,-0.10418186336755753,0.06296815723180771,-81.50396728515625,1.6035572290420532,0.1796768456697464,0.012169882655143738
190,S0 baseline,19,-75.0083999633789,0.9801231622695923,0.17151708900928497,0.01876053214073181,-81.1606216430664,2.424912691116333,-0.16385388374328613,0.05160529538989067,-81.81661987304688,1.7108689546585083,0.05764251574873924,0.04633256793022156,-91.6341781616211,0.6380873918533325,-0.13594739139080048,0.02670126035809517
190,S0 baseline,20,-79.6562728881836,0.31645116209983826,-0.012723702006042004,0.03396013006567955,-81.12857818603516,0.7924914956092834,-0.041675206273794174,0.04656733199954033,-92.20911407470703,2.76352858543396,-0.12151231616735458,0.034084197133779526,-92.5837173461914,0.3859837055206299,-0.08398902416229248,0.020267734304070473
190,S1 wind +20%,0,-80.81348419189453,2.083630323410034,-0.1145487055182457,0.00905392225831747,-84.92903900146484,1.4729524850845337,-0.08047881722450256,0.017901260405778885,-74.50881958007812,3.915942430496216,0.11857979744672775,0.07613523304462433,-89.45731353759766,1.0513569116592407,-0.009707932360470295,0.025583377107977867
190,S1 wind +20%,1,-82.23706817626953,1.1160091161727905,-0.3601727783679962,0.040219496935606,-78.98976135253906,1.7993888854980469,-0.10645055025815964,0.018313944339752197,-76.6286392211914,0.9761642217636108,0.10646239668130875,0.06940506398677826,-90.86065673828125,1.074605107307434,-0.10845906287431717,0.016712479293346405
190,S1 wind +20%,2,-88.34097290039062,3.9694221019744873,-0.06300442665815353,0.04142752289772034,-74.20724487304688,3.658297061920166,0.06011116877198219,0.03320261836051941,-83.97303009033203,1.3630166053771973,-0.03058685176074505,0.02577400580048561,-86.63199615478516,0.9627029299736023,0.24271903932094574,0.015571565367281437
190,S1 wind +20%,3,-63.80681228637695,2.9992268085479736,0.10807240009307861,0.01989067904651165,-77.66482543945312,2.130986452102661,-0.013836373575031757,0.02388155460357666,-75.38126373291016,1.4151848554611206,-0.03044866770505905,0.0376308411359787,-64.00909423828125,4.123779296875,0.447060227394104,0.055308997631073
190,S1 wind +20%,5,-87.17742156982422,0.9745578169822693,-0.20870406925678253,0.016430659219622612,-89.6456298828125,0.7482683062553406,-0.13143466413021088,0.009849529713392258,-82.1211166381836,0.7513835430145264,-0.04772162437438965,0.03257165476679802,-92.23849487304688,0.4948698878288269,-0.1609640121459961,0.01199362613260746
190,S1 wind +20%,6,-81.27994537353516,1.152453064918518,-0.1495160311460495,0.015744999051094055,-83.00988006591797,2.170847177505493,-0.085519939661026,0.03179721534252167,-82.53605651855469,0.39187127351760864,-0.10983026772737503,0.03265923634171486,-91.9387435913086,1.1360796689987183,-0.10095707327127457,0.038823433220386505
190,S1 wind +20%,7,-82.85888671875,0.7162195444107056,-0.15606330335140228,0.04628688097000122,-87.3779067993164,0.9523528814315796,-0.19975541532039642,0.03264802694320679,-81.29889678955078,2.888859510421753,0.0073798783123493195,0.05056358501315117,-93.30517578125,0.5788851380348206,-0.10277219861745834,0.01060768123716116
190,S1 wind +20%,8,-85.59647369384766,0.4181443750858307,-0.23346269130706787,0.020931506529450417,-85.84268188476562,2.3351471424102783,-0.07521472871303558,0.01492528710514307,-81.09075927734375,2.3126907348632812,0.045879390090703964,0.05645317584276199,-89.94800567626953,1.1110748052597046,-0.09684453159570694,0.016143986955285072
190,S1 wind +20%,9,-81.6240234375,1.7195533514022827,-0.060431063175201416,0.015649165958166122,-86.58084869384766,0.720248818397522,-0.04428231343626976,0.0290285162627697,-78.09182739257812,2.274263381958008,0.1080685555934906,0.0866437554359436,-92.08346557617188,1.5779286623001099,-0.028435980901122093,0.03724183887243271
190,S1 wind +20%,10,-74.90225982666016,3.0297813415527344,-0.006723765749484301,0.027904098853468895,-81.19373321533203,1.7547359466552734,-0.028264671564102173,0.03378933295607567,-86.50677490234375,0.8629690408706665,-0.20305080711841583,0.024751905351877213,-87.406005859375,0.9183551669120789,-0.021450862288475037,0.03031110391020775
190,S1 wind +20%,11,-75.20378875732422,0.37782296538352966,0.13588787615299225,0.04829983785748482,-67.51324462890625,1.42123281955719,0.15586167573928833,0.014645854942500591,-72.45492553710938,0.9227333664894104,0.13776810467243195,0.07089418917894363,-81.65442657470703,2.4738144874572754,0.07742148637771606,0.07491721957921982
190,S1 wind +20%,12,-84.59957885742188,1.3301022052764893,-0.034735385328531265,0.07229417562484741,-66.45269775390625,2.689495325088501,0.281264990568161,0.013179347850382328,-77.98464965820312,1.184485912322998,-0.006806741002947092,0.08548290282487869,-85.14950561523438,1.6618313789367676,0.009608271531760693,0.04012893885374069
190,S1 wind +20%,13,-88.3858871459961,3.4722094535827637,-0.1327599436044693,0.04471779242157936,-77.39679718017578,0.499157577753067,0.07317841798067093,0.026194054633378983,-77.9994125366211,3.2017858028411865,0.025754252448678017,0.12830033898353577,-92.50626373291016,1.312619924545288,-0.09960072487592697,0.01257223729044199
190,S1 wind +20%,14,-87.15277862548828,1.9026341438293457,-0.08072413504123688,0.055866215378046036,-75.28814697265625,0.6591752171516418,0.15536053478717804,0.04125360772013664,-82.3697738647461,2.9499213695526123,0.007172932382673025,0.1304909586906433,-91.92755889892578,0.3587402105331421,-0.10148786753416061,0.02342062070965767
190,S1 wind +20%,15,-84.9548110961914,2.0859320163726807,-0.0514400415122509,0.04824084788560867,-76.34501647949219,0.9167553186416626,0.0407860167324543,0.05755975469946861,-84.64122009277344,2.1539194583892822,-0.07256583124399185,0.08022551983594894,-95.5116958618164,0.32296621799468994,-0.14404135942459106,0.030886171385645866
190,S1 wind +20%,16,-90.61651611328125,2.8685288429260254,-0.3575352430343628,0.015104610472917557,-85.18792724609375,3.590590000152588,-0.14096225798130035,0.034490831196308136,-87.35009765625,1.719520092010498,-0.18263864517211914,0.08014851063489914,-98.87540435791016,1.3356904983520508,-0.27906009554862976,0.05778982490301132
190,S1 wind +20%,17,-79.58560943603516,1.3442648649215698,0.016421938315033913,0.056062620133161545,-75.0518569946289,4.227206230163574,0.10777244716882706,0.03632240369915962,-83.24492645263672,2.537747383117676,-0.07048454880714417,0.0235173050314188,-86.22801971435547,0.5077551007270813,0.043888892978429794,0.03713366761803627
190,S1 wind +20%,18,-79.2552261352539,1.1359448432922363,0.012991383671760559,0.049297187477350235,-74.7638168334961,2.6515586376190186,0.10984698683023453,0.018180936574935913,-83.13738250732422,1.9717812538146973,-0.08193091303110123,0.05284436047077179,-81.3060073852539,1.7339268922805786,0.18787825107574463,0.015936940908432007
190,S1 wind +20%,19,-74.43848419189453,0.5133798122406006,0.18579328060150146,0.028346706181764603,-77.34217071533203,1.901479959487915,-0.10346295684576035,0.01775604672729969,-77.24994659423828,1.5227044820785522,0.09957519918680191,0.03885694965720177,-91.28878784179688,0.5525620579719543,-0.13408364355564117,0.02680613100528717
190,S1 wind +20%,20,-78.23580169677734,0.8965786099433899,0.012397672049701214,0.04077841714024544,-76.74402618408203,0.8647198677062988,-0.026418939232826233,0.051152754575014114,-91.54195404052734,1.6262046098709106,-0.10978303104639053,0.03451288118958473,-92.36466217041016,0.36564287543296814,-0.08029823005199432,0.02071295864880085
190,S2 heatwave +5K,0,-82.48457336425781,2.1145620346069336,-0.14705760776996613,0.02191503718495369,-83.37714385986328,1.3893369436264038,-0.17847800254821777,0.014490540139377117,-80.8690414428711,1.5507755279541016,-0.10439597815275192,0.05490213632583618,-90.84705352783203,0.766049325466156,-0.06504848599433899,0.011088649742305279
190,S2 heatwave +5K,1,-81.92022705078125,1.5121760368347168,-0.4216795861721039,0.02437639981508255,-79.15045928955078,2.6170544624328613,-0.1322614997625351,0.010539392940700054,-83.09410095214844,1.2962182760238647,-0.09000328183174133,0.06829121708869934,-92.62472534179688,1.5926003456115723,-0.1604786366224289,0.008986682631075382
190,S2 heatwave +5K,2,-88.70520782470703,3.3860020637512207,-0.16988925635814667,0.04032319039106369,-73.22948455810547,2.9304909706115723,0.06571679562330246,0.049373459070920944,-82.08924102783203,2.148940086364746,-0.04209842160344124,0.03106994368135929,-86.7079086303711,1.2306928634643555,0.2099936157464981,0.02502495050430298
190,S2 heatwave +5K,3,-71.19307708740234,1.7285757064819336,0.035490453243255615,0.028893854469060898,-77.39775848388672,3.0127902030944824,-0.025306807830929756,0.01731911674141884,-82.98529052734375,0.7322041988372803,-0.12384716421365738,0.019473101943731308,-72.91742706298828,4.111390113830566,0.2913900315761566,0.061196647584438324
190,S2 heatwave +5K,5,-87.17742156982422,0.9745578169822693,-0.20870406925678253,0.016430659219622612,-89.6456298828125,0.7482683062553406,-0.13143466413021088,0.009849529713392258,-82.1211166381836,0.7513835430145264,-0.04772162437438965,0.03257165476679802,-92.23849487304688,0.4948698878288269,-0.1609640121459961,0.01199362613260746
190,S2 heatwave +5K,6,-83.5960693359375,0.7103237509727478,-0.18717527389526367,0.009610661305487156,-82.54561614990234,2.304964303970337,-0.07059526443481445,0.02335713617503643,-82.05801391601562,0.7812479138374329,-0.1258217841386795,0.022929389029741287,-91.43667602539062,0.6850627660751343,-0.0895083025097847,0.04383056238293648
190,S2 heatwave +5K,7,-83.4861831665039,1.3013640642166138,-0.17557235062122345,0.02552124112844467,-86.96456909179688,1.532687783241272,-0.25918373465538025,0.030005967244505882,-81.86673736572266,1.8478866815567017,-0.05607038363814354,0.04334643483161926,-93.6208267211914,0.3338438868522644,-0.1441386491060257,0.0031024643685668707
190,S2 heatwave +5K,8,-85.70062255859375,0.5536898970603943,-0.29488933086395264,0.009679639711976051,-86.0627212524414,1.9999229907989502,-0.06525958329439163,0.030623169615864754,-86.44855499267578,0.9198176860809326,-0.14578312635421753,0.06993772089481354,-91.5260238647461,1.4722871780395508,-0.15477322041988373,0.013300378806889057
190,S2 heatwave +5K,9,-85.11968231201172,1.1701265573501587,-0.17534132301807404,0.030943142250180244,-86.79280853271484,0.8108034133911133,-0.0780663713812828,0.04278964176774025,-83.21240234375,1.6248857975006104,-0.09698724746704102,0.028021221980452538,-92.97501373291016,1.4807337522506714,-0.06980796158313751,0.01541891135275364
190,S2 heatwave +5K,10,-76.50096893310547,3.3005893230438232,-0.02883230708539486,0.030385544523596764,-83.13675689697266,1.1266882419586182,-0.008321404457092285,0.058287281543016434,-85.32950592041016,0.4375655949115753,-0.19401966035366058,0.01931247115135193,-86.58063507080078,0.37736156582832336,-0.02054700255393982,0.022460635751485825
190,S2 heatwave +5K,11,-76.33267974853516,1.2696093320846558,0.10833434015512466,0.029692988842725754,-69.99325561523438,1.2384709119796753,0.07421112805604935,0.025337381288409233,-81.58953857421875,1.1705279350280762,-0.09510686248540878,0.06889063864946365,-82.91876983642578,1.7621731758117676,0.033964190632104874,0.03983701393008232
190,S2 heatwave +5K,12,-77.07122039794922,1.0924279689788818,0.11699716001749039,0.0057455264031887054,-68.70602416992188,2.274890184402466,0.14075395464897156,0.04981798678636551,-83.96528625488281,2.274077892303467,-0.17546598613262177,0.03804600238800049,-84.85235595703125,1.9994040727615356,-0.04702778160572052,0.028978776186704636
190,S2 heatwave +5K,13,-79.2849349975586,2.591226100921631,0.02102559618651867,0.013089701533317566,-82.97455596923828,0.7589164972305298,-0.028256431221961975,0.08069901913404465,-85.06262969970703,1.1274693012237549,-0.1851181983947754,0.030846137553453445,-91.28128814697266,0.8263117074966431,-0.1401267647743225,0.009137707762420177
190,S2 heatwave +5K,14,-78.79219818115234,1.9386669397354126,0.06759606301784515,0.04583011195063591,-80.0793685913086,0.16330599784851074,0.00903136283159256,0.047519784420728683,-84.36973571777344,0.6867432594299316,-0.14100295305252075,0.06591295450925827,-91.6313247680664,0.19724701344966888,-0.11945072561502457,0.02440320886671543
190,S2 heatwave +5K,15,-78.53961181640625,2.0979554653167725,0.09520872682332993,0.04193463921546936,-81.14564514160156,0.7163113355636597,-0.13749592006206512,0.050881508737802505,-80.8963851928711,2.894479274749756,-0.04601171985268593,0.0741647258400917,-93.54782104492188,0.6325709223747253,-0.1354529857635498,0.03298209235072136
190,S2 heatwave +5K,16,-83.516845703125,0.24166378378868103,-0.3035694360733032,0.016145186498761177,-83.33788299560547,1.14610755443573,-0.021228529512882233,0.03974396735429764,-85.99505615234375,1.513211965560913,-0.1757994145154953,0.07788117229938507,-93.897216796875,2.055574417114258,-0.1581745147705078,0.029359307140111923
190,S2 heatwave +5K,17,-73.57911682128906,1.2742910385131836,0.12882252037525177,0.026959002017974854,-70.97018432617188,4.170993804931641,0.11867997795343399,0.016997117549180984,-79.6982421875,1.3194695711135864,-0.05238397791981697,0.016044966876506805,-84.95482635498047,0.8363502621650696,0.06204274296760559,0.032391127198934555
190,S2 heatwave +5K,18,-73.62234497070312,1.9261434078216553,0.2000090330839157,0.02150552161037922,-79.14119720458984,1.7122575044631958,0.07016497850418091,0.019534584134817123,-82.13937377929688,0.9777461290359497,-0.08048756420612335,0.07567014545202255,-81.22140502929688,2.011552572250366,0.09320198744535446,0.00046623044181615114
190,S2 heatwave +5K,19,-77.32122039794922,1.7431354522705078,0.007354014087468386,0.0350898839533329,-83.18446350097656,1.7436579465866089,-0.23642657697200775,0.03777899593114853,-86.29850006103516,0.9550585150718689,-0.1382756233215332,0.047341831028461456,-91.814453125,0.7644723057746887,-0.1350088268518448,0.026685629040002823
190,S2 heatwave +5K,20,-79.0624008178711,0.5398096442222595,-0.08302407711744308,0.04919755458831787,-85.58000946044922,1.9317573308944702,-0.13661663234233856,0.01848050206899643,-87.46915435791016,2.205503225326538,-0.0944182276725769,0.0682789534330368,-91.13568115234375,0.3209967315196991,-0.12540008127689362,0.026918794959783554
190,S3 drying RH -30%,0,-82.47577667236328,2.0655131340026855,-0.14480642974376678,0.018879203125834465,-83.37714385986328,1.3893369436264038,-0.15979816019535065,0.00792134739458561,-80.7254638671875,1.4059256315231323,-0.09679871797561646,0.05753985419869423,-90.84705352783203,0.766049325466156,-0.06504848599433899,0.011088649742305279
190,S3 drying RH -30%,1,-82.46529388427734,1.433455228805542,-0.42056381702423096,0.023078573867678642,-79.84980010986328,2.3301727771759033,-0.11757608503103256,0.01933187246322632,-82.8006362915039,1.046602487564087,-0.09315402060747147,0.0645066574215889,-92.5709457397461,1.4824466705322266,-0.16377390921115875,0.009019706398248672
190,S3 drying RH -30%,2,-89.9690933227539,3.3193321228027344,-0.17734742164611816,0.03829793259501457,-73.7232894897461,2.4773972034454346,0.06915801763534546,0.04757104814052582,-82.01810455322266,2.211298704147339,-0.03977620229125023,0.0320497490465641,-86.85333251953125,1.4360315799713135,0.20251697301864624,0.033659979701042175
190,S3 drying RH -30%,3,-72.86322784423828,1.944244384765625,1.8278757352163666e-06,0.03265996649861336,-78.07951354980469,3.1613998413085938,-0.040987249463796616,0.015064788982272148,-82.98529052734375,0.7322041988372803,-0.12251194566488266,0.026947997510433197,-73.57550811767578,4.945634365081787,0.2934483289718628,0.05446689948439598
190,S3 drying RH -30%,5,-87.17742156982422,0.9745578169822693,-0.20870406925678253,0.016430659219622612,-89.6456298828125,0.7482683062553406,-0.13143466413021088,0.009849529713392258,-82.1211166381836,0.7513835430145264,-0.04772162437438965,0.03257165476679802,-92.23849487304688,0.4948698878288269,-0.1609640121459961,0.01199362613260746
190,S3 drying RH -30%,6,-83.57366180419922,0.6912588477134705,-0.1830471009016037,0.010420914739370346,-82.99498748779297,2.0750176906585693,-0.08455955982208252,0.03346605226397514,-82.16718292236328,0.7604681849479675,-0.11896256357431412,0.03273140639066696,-91.51229095458984,0.692754328250885,-0.1068556010723114,0.04024752974510193
190,S3 drying RH -30%,7,-83.42353057861328,1.3211408853530884,-0.17033977806568146,0.025080980733036995,-86.79695892333984,1.239197015762329,-0.24143610894680023,0.02875620685517788,-81.80382537841797,1.8634552955627441,-0.05529554560780525,0.044725608080625534,-93.59158325195312,0.2927270829677582,-0.14572930335998535,0.002822242444381118
190,S3 drying RH -30%,8,-85.6596908569336,0.496256947517395,-0.2884860932826996,0.0006933162221685052,-86.2438735961914,2.1512763500213623,-0.07952158898115158,0.035748403519392014,-86.34679412841797,1.0567293167114258,-0.14015790820121765,0.06284899264574051,-91.03585815429688,1.9747884273529053,-0.15140002965927124,0.01435254979878664
190,S3 drying RH -30%,9,-85.08859252929688,1.2077614068984985,-0.19328506290912628,0.019879300147294998,-87.13123321533203,0.5472051501274109,-0.07391266524791718,0.03378899395465851,-83.06676483154297,1.5371090173721313,-0.08605239540338516,0.03333399444818497,-93.21795654296875,1.3240891695022583,-0.07643406838178635,0.014577208086848259
190,S3 drying RH -30%,10,-76.90157318115234,3.5358073711395264,-0.03889927640557289,0.030816074460744858,-83.13675689697266,1.1266882419586182,-0.024786418303847313,0.05872640013694763,-84.76544952392578,0.8028795719146729,-0.1791900247335434,0.021691402420401573,-86.7200927734375,0.8120450377464294,-0.02054700255393982,0.022460635751485825
190,S3 drying RH -30%,11,-76.21915435791016,1.3696393966674805,0.09893960505723953,0.030680865049362183,-70.01898193359375,1.6184076070785522,0.083959199488163,0.02145414985716343,-81.38318634033203,1.178018569946289,-0.08315817266702652,0.0721980556845665,-82.72027587890625,1.9228715896606445,0.04182891920208931,0.03670484200119972
190,S3 drying RH -30%,12,-78.00897979736328,0.2539788782596588,0.10656100511550903,0.018417270854115486,-68.69528198242188,2.133824586868286,0.15041208267211914,0.025930285453796387,-83.64173126220703,2.007774829864502,-0.1660609096288681,0.050492774695158005,-81.80787658691406,1.7502093315124512,-0.029132960364222527,0.03531811013817787
190,S3 drying RH -30%,13,-83.65554809570312,1.1870839595794678,-0.036849670112133026,0.010459418408572674,-85.09764862060547,2.134592294692993,-0.06371209025382996,0.07447853684425354,-84.1554183959961,0.38384172320365906,-0.19091129302978516,0.03618982061743736,-92.0450210571289,0.5526620745658875,-0.13243253529071808,0.008809961378574371
190,S3 drying RH -30%,14,-80.88971710205078,0.9200319647789001,0.020119210705161095,0.04040943831205368,-80.5892562866211,0.04040627181529999,0.007135162595659494,0.043429628014564514,-83.88438415527344,1.0043079853057861,-0.12891213595867157,0.06544731557369232,-90.64056396484375,0.7050570845603943,-0.09560801833868027,0.02413509599864483
190,S3 drying RH -30%,15,-79.95977783203125,1.5348199605941772,0.04004901275038719,0.03421807661652565,-83.54151916503906,0.4316639006137848,-0.1365004926919937,0.04838958755135536,-80.55195617675781,2.805185556411743,-0.05443970486521721,0.07431390136480331,-93.44477081298828,0.6187465190887451,-0.1248946562409401,0.03594764694571495
190,S3 drying RH -30%,16,-84.98551940917969,1.9185773134231567,-0.2647479772567749,0.03187400475144386,-84.40465545654297,1.7684284448623657,-0.06831318140029907,0.043980106711387634,-85.66168212890625,2.1691393852233887,-0.1756366491317749,0.08084716647863388,-91.89179229736328,1.9157532453536987,-0.140097975730896,0.024767911061644554
190,S3 drying RH -30%,17,-73.40271759033203,1.4277855157852173,0.11137628555297852,0.029066836461424828,-71.26770782470703,3.461456537246704,0.1428319662809372,0.004167649894952774,-78.99627685546875,1.8560640811920166,-0.04214175045490265,0.015114190988242626,-85.06521606445312,0.7080746293067932,0.06901083141565323,0.02390110306441784
190,S3 drying RH -30%,18,-74.71765899658203,2.232300281524658,0.19105678796768188,0.024457603693008423,-79.9839859008789,1.8571763038635254,0.03977801278233528,0.020467424765229225,-83.56106567382812,1.5982582569122314,-0.13022203743457794,0.03621234372258186,-79.13982391357422,1.771308183670044,0.12281566113233566,0.01625378057360649
190,S3 drying RH -30%,19,-79.07513427734375,0.7745097279548645,-0.012414488010108471,0.019148364663124084,-86.6513671875,1.1477683782577515,-0.23440170288085938,0.035579390823841095,-86.24700927734375,1.3357802629470825,-0.13839653134346008,0.04831073805689812,-91.60775756835938,0.8857172727584839,-0.12740223109722137,0.02493944950401783
190,S3 drying RH -30%,20,-82.94396209716797,0.8759934902191162,-0.13168621063232422,0.028598971664905548,-86.58697509765625,2.6773979663848877,-0.12027791887521744,0.017722100019454956,-89.87496185302734,0.7602975368499756,-0.14966213703155518,0.01837576925754547,-91.11199951171875,0.3976890742778778,-0.13118775188922882,0.029620397835969925
190,S4 rain-out,0,-81.1822280883789,0.5512553453445435,-0.10446105152368546,0.033943817019462585,-82.32855987548828,2.3376684188842773,-0.10220598429441452,0.0649038702249527,-76.54893493652344,3.1295981407165527,-0.06381245702505112,0.056900881230831146,-89.57979583740234,1.3650625944137573,-0.03716498985886574,0.015927717089653015
190,S4 rain-out,1,-83.0388412475586,1.5640501976013184,-0.29715457558631897,0.053767625242471695,-79.2201156616211,1.9832435846328735,-0.14550471305847168,0.02605896070599556,-82.70378875732422,2.9066412448883057,-0.07372857630252838,0.0665469542145729,-90.79039764404297,0.5464066863059998,-0.14444862306118011,0.005201914347708225
190,S4 rain-out,2,-91.52532958984375,3.6799018383026123,-0.19686196744441986,0.04546744376420975,-74.07609558105469,3.326754331588745,0.04197423532605171,0.021568067371845245,-83.39942932128906,0.9728261232376099,-0.04229360818862915,0.028449594974517822,-86.09866333007812,0.6917398571968079,0.22623763978481293,0.017587818205356598
190,S4 rain-out,3,-70.71544647216797,1.2339279651641846,0.04056262597441673,0.03530857712030411,-76.93035888671875,2.070789098739624,-0.022784868255257607,0.03360810503363609,-73.4787368774414,1.2271044254302979,-0.016789386048913002,0.040082186460494995,-66.0564956665039,4.078375339508057,0.4328036308288574,0.048163365572690964
190,S4 rain-out,5,-89.00609588623047,1.218660831451416,-0.22923411428928375,0.02918330952525139,-90.00643920898438,0.5855425000190735,-0.14940328896045685,0.005654411856085062,-81.42096710205078,0.7550507187843323,-0.044921305030584335,0.02916097827255726,-92.5330810546875,0.40406373143196106,-0.16214996576309204,0.011977891437709332
190,S4 rain-out,6,-85.38941192626953,0.9882382750511169,-0.2176247090101242,0.031874656677246094,-83.50308990478516,2.184159994125366,-0.08963898569345474,0.033012550324201584,-81.5089111328125,0.8510263562202454,-0.12767475843429565,0.04476195573806763,-91.8638687133789,0.8276896476745605,-0.11563476920127869,0.029744407162070274
190,S4 rain-out,7,-83.94454193115234,0.3760530948638916,-0.16302306950092316,0.02655988745391369,-87.22858428955078,1.0461211204528809,-0.2092910259962082,0.040011532604694366,-78.50799560546875,3.345324754714966,-0.04871642217040062,0.04646548256278038,-93.29439544677734,0.6769555807113647,-0.13513904809951782,0.006286435294896364
190,S4 rain-out,8,-85.92853546142578,0.17294135689735413,-0.19376210868358612,0.01203292328864336,-86.1070785522461,2.552504777908325,-0.11551019549369812,0.0402672104537487,-86.61114501953125,2.0472607612609863,-0.12321481853723526,0.07902268320322037,-91.0193862915039,1.0163793563842773,-0.13820810616016388,0.008703947067260742
190,S4 rain-out,9,-83.65361785888672,1.8906751871109009,-0.1149798035621643,0.021293042227625847,-87.4559097290039,0.8001377582550049,-0.05956039950251579,0.06204827129840851,-83.74066162109375,2.4326069355010986,-0.09203356504440308,0.020742380991578102,-92.20220947265625,1.5355302095413208,-0.06697169691324234,0.03452187031507492
190,S4 rain-out,10,-78.07003021240234,3.5430126190185547,-0.10117068886756897,0.031143931671977043,-82.32610321044922,1.4752976894378662,-0.08886788040399551,0.06059207394719124,-85.62384796142578,0.6250215172767639,-0.224038764834404,0.030001956969499588,-88.56224822998047,0.39267125725746155,-0.06384109705686569,0.013655255548655987
190,S4 rain-out,11,-75.51285552978516,0.7978984713554382,0.1318882554769516,0.08232782036066055,-67.5875473022461,2.271210193634033,0.15080638229846954,0.027499161660671234,-77.88115692138672,2.961956739425659,0.02872917614877224,0.03463183715939522,-80.22638702392578,2.4795162677764893,0.09522271156311035,0.07897736132144928
190,S4 rain-out,12,-86.26556396484375,1.6720898151397705,-0.023798545822501183,0.05409525707364082,-66.92101287841797,2.372556209564209,0.1501675248146057,0.0178304985165596,-79.02518463134766,1.6483607292175293,-0.06100437417626381,0.08270925283432007,-84.64981842041016,1.8328686952590942,-0.018222304061055183,0.026254966855049133
190,S4 rain-out,13,-88.69477081298828,3.179866075515747,-0.15547288954257965,0.03822074085474014,-76.69853973388672,0.399943470954895,0.09045501798391342,0.031354207545518875,-82.0667724609375,0.7738954424858093,-0.12590934336185455,0.07806849479675293,-92.28730010986328,1.5085980892181396,-0.13600711524486542,0.003132479963824153
190,S4 rain-out,14,-89.1222152709961,2.356846332550049,-0.0925661250948906,0.027911657467484474,-75.61812591552734,0.5528510808944702,0.1095871701836586,0.05339555814862251,-87.994873046875,0.5467875599861145,-0.1377284675836563,0.0928780734539032,-92.95601654052734,0.4594946801662445,-0.11666062474250793,0.0273299477994442
190,S4 rain-out,15,-87.17073822021484,2.515404224395752,-0.0614616684615612,0.04221152514219284,-75.67089080810547,0.8193307518959045,0.0011411315063014627,0.04916677623987198,-84.17945098876953,1.5725051164627075,-0.06752844899892807,0.08002451807260513,-95.64056396484375,0.22598302364349365,-0.14319343864917755,0.03168177232146263
190,S4 rain-out,16,-91.1751708984375,3.3068463802337646,-0.4064774513244629,0.023871513083577156,-83.81803131103516,2.967940092086792,-0.16477707028388977,0.021596679463982582,-85.7774887084961,1.8290287256240845,-0.174605131149292,0.07674264162778854,-98.21096801757812,1.7631357908248901,-0.28256189823150635,0.052035894244909286
190,S4 rain-out,17,-76.89031982421875,0.3729335069656372,0.016216294839978218,0.047811154276132584,-75.55573272705078,4.369926452636719,0.043929874897003174,0.040768180042505264,-83.09893035888672,2.4321117401123047,-0.06888667494058609,0.020990224555134773,-87.43875885009766,0.31342604756355286,0.027576996013522148,0.04275655001401901
190,S4 rain-out,18,-79.58515167236328,2.8005776405334473,0.02101113647222519,0.03060883842408657,-74.1684799194336,1.8258743286132812,0.10359183698892593,0.015785854309797287,-85.37642669677734,1.4245290756225586,-0.14599443972110748,0.07597175240516663,-81.93126678466797,1.425059199333191,0.1792062520980835,0.013155438005924225
190,S4 rain-out,19,-77.7168197631836,1.2663167715072632,0.07003474235534668,0.025127463042736053,-82.27039337158203,2.6630537509918213,-0.20036129653453827,0.029915912076830864,-81.7005844116211,2.0694820880889893,0.030655905604362488,0.029668979346752167,-91.42214965820312,0.2209792584180832,-0.1349136084318161,0.02971736341714859
190,S4 rain-out,20,-81.9388427734375,0.6437486410140991,-0.04306691512465477,0.024113012477755547,-82.42157745361328,0.7034696340560913,-0.0851006805896759,0.03208545222878456,-91.032958984375,2.9034583568573,-0.10553314536809921,0.03800543025135994,-90.75000762939453,1.0675606727600098,-0.07857676595449448,0.01715831458568573
190,S5 deep drought,0,-82.0412368774414,1.9109253883361816,-0.1535709649324417,0.012971131131052971,-82.80801391601562,1.3092613220214844,-0.1275423765182495,0.021544959396123886,-80.87513732910156,1.3190501928329468,-0.08473298698663712,0.05907965451478958,-90.34131622314453,0.7113249897956848,-0.06033019721508026,0.016752315685153008
190,S5 deep drought,1,-80.4570541381836,1.043949007987976,-0.37695571780204773,0.03449638932943344,-78.833984375,2.2733898162841797,-0.11089354008436203,0.017936667427420616,-84.04422760009766,2.244284152984619,-0.09313273429870605,0.06448343396186829,-91.9709243774414,2.0097455978393555,-0.1563170701265335,0.008928866125643253
190,S5 deep drought,2,-88.45316314697266,3.9187841415405273,-0.11934733390808105,0.031072406098246574,-74.96528625488281,3.2302660942077637,0.0700642392039299,0.03789186850190163,-83.68042755126953,0.9591225981712341,-0.03300062194466591,0.03415684401988983,-87.84772491455078,1.1128554344177246,0.14977774024009705,0.030030079185962677
190,S5 deep drought,3,-71.74933624267578,2.2782695293426514,0.03409377858042717,0.030093204230070114,-77.91356658935547,2.9960391521453857,-0.01514734048396349,0.025146333500742912,-75.93456268310547,0.5282330513000488,-0.013053304515779018,0.04554406553506851,-72.12906646728516,3.2314510345458984,0.3657343089580536,0.034616827964782715
190,S5 deep drought,5,-87.04058074951172,0.9145420789718628,-0.22186438739299774,0.018561173230409622,-89.73506927490234,0.7860448360443115,-0.13471738994121552,0.006397037301212549,-82.5374755859375,0.8383166790008545,-0.0476967878639698,0.032860904932022095,-92.2928237915039,0.5026279091835022,-0.1615418642759323,0.010438889265060425
190,S5 deep drought,6,-83.67882537841797,0.955030620098114,-0.1898939460515976,0.010783831588923931,-83.68441772460938,2.1671302318573,-0.08736804872751236,0.03244693949818611,-83.04983520507812,0.7437773942947388,-0.11853297799825668,0.032094404101371765,-91.8058090209961,0.8551774621009827,-0.1470673531293869,0.019201911985874176
190,S5 deep drought,7,-83.12224578857422,1.39312744140625,-0.16854627430438995,0.026222433894872665,-87.04318237304688,1.1693764925003052,-0.24350731074810028,0.026751074939966202,-79.47290802001953,0.8901225924491882,-0.007881912402808666,0.03770596906542778,-93.2787094116211,0.3132246136665344,-0.1404343992471695,0.0031600669026374817
190,S5 deep drought,8,-83.37531280517578,0.9799943566322327,-0.23934030532836914,0.019910013303160667,-85.56134033203125,2.2113828659057617,-0.06491327285766602,0.029406683519482613,-86.94844818115234,1.4977819919586182,-0.135097935795784,0.06485774368047714,-90.9030532836914,1.6725208759307861,-0.13947099447250366,0.01087347511202097
190,S5 deep drought,9,-83.4759521484375,1.5865416526794434,-0.1040174588561058,0.027492688968777657,-87.04814910888672,0.47271570563316345,-0.058042366057634354,0.026167141273617744,-83.51213836669922,1.1113320589065552,-0.08225936442613602,0.03435291349887848,-93.3976058959961,0.328888863325119,-0.14238227903842926,0.019430017098784447
190,S5 deep drought,10,-76.52413940429688,3.870344877243042,-0.030737578868865967,0.03486591577529907,-81.37593078613281,1.1436333656311035,-0.0015462044393643737,0.04187559708952904,-85.93438720703125,0.22249124944210052,-0.21854953467845917,0.027155740186572075,-87.62528228759766,1.0017924308776855,-0.0635056123137474,0.013727896846830845
190,S5 deep drought,11,-73.68692016601562,0.7500574588775635,0.14932717382907867,0.0539877824485302,-69.80823516845703,0.9920653700828552,0.07285945862531662,0.03300364688038826,-69.25084686279297,2.524394989013672,0.1602151244878769,0.04498404636979103,-81.4092025756836,1.7457667589187622,0.04091885685920715,0.04462727904319763
190,S5 deep drought,12,-77.24394989013672,1.5982880592346191,0.12031656503677368,0.023085862398147583,-72.44744873046875,2.0236668586730957,0.11119655519723892,0.04580144211649895,-77.12482452392578,1.5173197984695435,-0.04529383406043053,0.05542835220694542,-86.01453399658203,2.539947509765625,-0.04014720395207405,0.017839234322309494
190,S5 deep drought,13,-83.79900360107422,2.932562828063965,-0.03403187915682793,0.033205945044755936,-89.88052368164062,0.7032203674316406,-0.1337524652481079,0.05338673293590546,-87.69149017333984,1.4621615409851074,-0.19411134719848633,0.03621320053935051,-92.72714233398438,1.181854248046875,-0.153333842754364,0.0029332577250897884
190,S5 deep drought,14,-79.51555633544922,2.142324924468994,0.00606493279337883,0.033809613436460495,-82.49159240722656,0.2678675949573517,-0.011470920406281948,0.042007312178611755,-87.0943374633789,1.1015788316726685,-0.12927031517028809,0.067437544465065,-92.1444320678711,0.8212013244628906,-0.11310387402772903,0.018751123920083046
190,S5 deep drought,15,-79.86005401611328,1.6804205179214478,0.03986532241106033,0.04112496227025986,-87.37169647216797,1.0411419868469238,-0.19373495876789093,0.03062925674021244,-83.4303207397461,1.7335824966430664,-0.07726850360631943,0.09061464667320251,-94.382080078125,0.6171749830245972,-0.15229670703411102,0.03222676366567612
190,S5 deep drought,16,-84.6937484741211,1.3728700876235962,-0.24817435443401337,0.024766135960817337,-82.89376068115234,0.8294329643249512,-0.067923903465271,0.024047456681728363,-88.6984634399414,2.026682138442993,-0.18284015357494354,0.06361942738294601,-94.08319854736328,2.8993186950683594,-0.16452385485172272,0.024891091510653496
190,S5 deep drought,17,-71.65557098388672,0.7422749400138855,0.20975814759731293,0.03503428399562836,-72.49181365966797,3.5263266563415527,0.14878323674201965,0.0527840256690979,-82.03399658203125,2.2231645584106445,-0.08080319315195084,0.012531653046607971,-89.7745590209961,0.5423073172569275,-0.04050974175333977,0.024392543360590935
190,S5 deep drought,18,-74.11974334716797,3.307939291000366,0.15330666303634644,0.026814505457878113,-81.40769958496094,2.3456783294677734,0.022030659019947052,0.024548126384615898,-82.66570281982422,0.8495275378227234,-0.08901742845773697,0.061128467321395874,-82.12874603271484,1.5829143524169922,0.09808508306741714,0.006773912813514471
190,S5 deep drought,19,-75.5937271118164,1.9587759971618652,0.17411965131759644,0.022968601435422897,-84.04165649414062,2.0393564701080322,-0.22078652679920197,0.05020768195390701,-84.30743408203125,1.4886786937713623,-0.09643062204122543,0.06224612891674042,-93.47635650634766,0.7898159623146057,-0.15965121984481812,0.019480815157294273
190,S5 deep drought,20,-80.1265869140625,1.457114577293396,-0.08069396764039993,0.039521798491477966,-85.64554595947266,1.6541880369186401,-0.14270079135894775,0.011217630468308926,-89.92987823486328,1.4262878894805908,-0.12264925241470337,0.06510252505540848,-90.60675048828125,0.2057579904794693,-0.11979231238365173,0.013976612128317356
190,S6 relocate: high-relief,0,-91.0042724609375,1.4829633235931396,-0.1423531174659729,0.025801869109272957,-90.87882232666016,0.8068971037864685,-0.14658117294311523,0.026116903871297836,-91.6446304321289,0.6263302564620972,-0.140499547123909,0.023836717009544373,-91.74791717529297,1.1986836194992065,-0.06593579798936844,0.024665867909789085
190,S6 relocate: high-relief,1,-89.22257232666016,0.5950628519058228,-0.3421685993671417,0.03256448730826378,-85.19847869873047,0.3995124101638794,-0.15252572298049927,0.03130533918738365,-93.05318450927734,2.7114715576171875,-0.11565285921096802,0.036468151956796646,-92.7575912475586,0.702958345413208,-0.16481982171535492,0.013694845139980316
190,S6 relocate: high-relief,2,-98.4383316040039,3.195272922515869,-0.1348685473203659,0.01318635605275631,-84.0003890991211,1.4931269884109497,0.02482808381319046,0.03353031352162361,-92.055908203125,2.5028042793273926,-0.05239424481987953,0.04321124404668808,-86.3857421875,0.9602299332618713,0.2283826470375061,0.02206532284617424
190,S6 relocate: high-relief,3,-83.02470397949219,2.4521405696868896,0.010973912663757801,0.06428460031747818,-86.95679473876953,1.195982575416565,-0.07147742062807083,0.009950229898095131,-79.05136108398438,0.48429325222969055,-0.08045816421508789,0.03847746551036835,-67.17823028564453,4.13694429397583,0.40123069286346436,0.034479010850191116
190,S6 relocate: high-relief,5,-95.56317138671875,0.23747402429580688,-0.22192442417144775,0.006224080920219421,-95.4085922241211,0.39530929923057556,-0.16637510061264038,0.011599101126194,-92.95699310302734,0.12593241035938263,-0.14536474645137787,0.008927333168685436,-93.4622573852539,0.6514798998832703,-0.18519842624664307,0.003354618325829506
190,S6 relocate: high-relief,6,-93.4227294921875,0.851071298122406,-0.2218155860900879,0.010413245297968388,-94.6655044555664,0.4066779315471649,-0.15962441265583038,0.01552220992743969,-94.4509048461914,0.3097595274448395,-0.25240591168403625,0.00149336492177099,-92.39327239990234,0.2189444899559021,-0.1437234878540039,0.030822623521089554
190,S6 relocate: high-relief,7,-92.07999420166016,1.8828831911087036,-0.1491692215204239,0.03195302560925484,-95.72494506835938,0.48110172152519226,-0.24656261503696442,0.010386974550783634,-93.6093978881836,0.9365607500076294,-0.11141202598810196,0.033626068383455276,-94.59930419921875,0.47728702425956726,-0.16216568648815155,0.008762632496654987
190,S6 relocate: high-relief,8,-93.60736083984375,1.1291314363479614,-0.24277858436107635,0.03424077481031418,-94.68792724609375,0.742039144039154,-0.14805008471012115,0.03755004331469536,-97.56281280517578,1.0732040405273438,-0.16184191405773163,0.031632352620363235,-92.50032806396484,0.8327206373214722,-0.1634529083967209,0.0011320654302835464
190,S6 relocate: high-relief,9,-88.1651840209961,1.8880136013031006,-0.08380881696939468,0.02886768989264965,-95.38097381591797,0.09995631128549576,-0.08478201180696487,0.01228161621838808,-95.39469146728516,0.4946727454662323,-0.1535247415304184,0.009217307902872562,-92.46819305419922,1.7437376976013184,-0.08867035061120987,0.020883478224277496
190,S6 relocate: high-relief,10,-87.00533294677734,3.346597909927368,-0.08649877458810806,0.04095279052853584,-89.0079574584961,1.1777182817459106,-0.07458235323429108,0.01360130961984396,-97.2047119140625,3.1768689155578613,-0.2991781532764435,0.015527905896306038,-87.91805267333984,0.2795014977455139,-0.043609216809272766,0.020841604098677635
190,S6 relocate: high-relief,11,-82.74396514892578,2.102858543395996,0.10452229529619217,0.05123888701200485,-73.76461791992188,1.1190506219863892,0.0936005637049675,0.02294645830988884,-79.11085510253906,1.987046480178833,0.006793197710067034,0.01041258592158556,-83.4531021118164,1.9355998039245605,0.053582340478897095,0.08513098955154419
190,S6 relocate: high-relief,12,-86.84015655517578,3.015047311782837,-0.03760068491101265,0.05258895829319954,-69.90139770507812,0.9917743802070618,0.12806501984596252,0.0730552226305008,-80.09745788574219,1.8024660348892212,-0.021683277562260628,0.015436898916959763,-85.71247100830078,1.1724095344543457,-0.03707580640912056,0.038063086569309235
190,S6 relocate: high-relief,13,-90.57328033447266,2.715761184692383,-0.155098557472229,0.04314296692609787,-80.93893432617188,0.8969290256500244,0.016093784943223,0.06100396066904068,-87.68783569335938,1.613675832748413,-0.20116251707077026,0.049178436398506165,-93.33190155029297,1.5328129529953003,-0.15026219189167023,0.004179423674941063
190,S6 relocate: high-relief,14,-90.37835693359375,1.6937485933303833,-0.11236857622861862,0.011794915422797203,-78.90941619873047,1.6027185916900635,0.10078182071447372,0.05757896974682808,-98.4869384765625,3.192584276199341,-0.23314030468463898,0.0593586303293705,-93.5151596069336,0.7454012632369995,-0.1315504014492035,0.02998020313680172
190,S6 relocate: high-relief,15,-86.5284194946289,1.2311336994171143,-0.04195748642086983,0.025668619200587273,-77.8316650390625,1.9465378522872925,-0.0002557951956987381,0.05112263187766075,-93.48267364501953,5.799412727355957,-0.09042928367853165,0.06313605606555939,-97.35216522216797,0.9251177310943604,-0.15220288932323456,0.03879548981785774
190,S6 relocate: high-relief,16,-93.91869354248047,3.2603487968444824,-0.38454172015190125,0.05378560349345207,-91.65399932861328,1.2531591653823853,-0.21276859939098358,0.03733931854367256,-97.06198120117188,1.3066245317459106,-0.22216850519180298,0.034153763204813004,-101.1285629272461,1.5513246059417725,-0.29857322573661804,0.050003327429294586
190,S6 relocate: high-relief,17,-82.05204010009766,0.4524909257888794,-0.05245158076286316,0.037519823759794235,-80.23841094970703,2.085428476333618,-0.015171892940998077,0.07915335148572922,-92.64300537109375,2.4259002208709717,-0.09033140540122986,0.018352573737502098,-87.51077270507812,1.3167442083358765,0.03485271334648132,0.045819759368896484
190,S6 relocate: high-relief,18,-85.94275665283203,1.9959791898727417,-0.002222749637439847,0.02335398830473423,-71.5208740234375,0.4107584059238434,0.0968201756477356,0.008818237110972404,-87.8395767211914,2.1071293354034424,-0.10153613239526749,0.01846393197774887,-82.37158966064453,1.5543946027755737,0.17105166614055634,0.01305815577507019
190,S6 relocate: high-relief,19,-79.70983123779297,0.6575818061828613,0.17103321850299835,0.009669316001236439,-85.88538360595703,1.3561348915100098,-0.19478517770767212,0.04164988920092583,-84.21068572998047,3.977496862411499,0.03703129291534424,0.025250978767871857,-91.8379135131836,0.21983423829078674,-0.13842374086380005,0.041082821786403656
190,S6 relocate: high-relief,20,-83.87934112548828,1.0595966577529907,-0.021488117054104805,0.03608425334095955,-84.23194122314453,0.5170862674713135,-0.0867249146103859,0.021448934450745583,-91.67240142822266,2.466348886489868,-0.06834317743778229,0.02328277938067913,-92.85577392578125,0.5824331045150757,-0.10010357946157455,0.030833935365080833
190,S7 compound extreme,0,-83.10498809814453,1.404600739479065,-0.14315824210643768,0.02642805129289627,-86.20870971679688,1.2300047874450684,-0.14329423010349274,0.017330653965473175,-75.83804321289062,3.510145664215088,0.0477609746158123,0.09036828577518463,-91.82587432861328,0.9821510910987854,-0.06714344769716263,0.011404551565647125
190,S7 compound extreme,1,-86.0271987915039,1.0017662048339844,-0.4687086045742035,0.009375403635203838,-80.87834167480469,2.0584397315979004,-0.13627660274505615,0.05868978798389435,-74.4112777709961,2.2591710090637207,0.1048523411154747,0.1051713228225708,-94.69046783447266,0.8911271095275879,-0.14949630200862885,0.022575413808226585
190,S7 compound extreme,2,-87.24726104736328,3.7915496826171875,-0.15926414728164673,0.05304838344454765,-74.65228271484375,2.9482460021972656,0.026735574007034302,0.0589464046061039,-76.64116668701172,5.132118225097656,0.1317722052335739,0.10306844115257263,-88.84061431884766,1.5450923442840576,0.2124253362417221,0.042763177305459976
190,S7 compound extreme,3,-67.29859161376953,2.892244338989258,0.028268558904528618,0.030524253845214844,-79.3561782836914,2.962289571762085,-0.04805722460150719,0.0158848837018013,-76.20458221435547,3.0425944328308105,0.025893645361065865,0.09165040403604507,-75.582763671875,4.30130672454834,0.32719048857688904,0.08365204930305481
190,S7 compound extreme,5,-87.17742156982422,0.9745578169822693,-0.20870406925678253,0.016430659219622612,-89.6456298828125,0.7482683062553406,-0.13143466413021088,0.009849529713392258,-82.1211166381836,0.7513835430145264,-0.04772162437438965,0.03257165476679802,-92.23849487304688,0.4948698878288269,-0.1609640121459961,0.01199362613260746
190,S7 compound extreme,6,-80.7710952758789,0.7757390737533569,-0.11988314241170883,0.013213860802352428,-83.32154083251953,3.125746011734009,-0.06982028484344482,0.02479621209204197,-74.16289520263672,3.4492013454437256,0.05343916639685631,0.07950419187545776,-91.8926010131836,0.5953922271728516,-0.06033351644873619,0.053610946983098984
190,S7 compound extreme,7,-84.20508575439453,0.924439013004303,-0.17488998174667358,0.04348759725689888,-89.67752838134766,1.7658203840255737,-0.2782047688961029,0.048220038414001465,-74.83391571044922,4.584545135498047,0.13069777190685272,0.09236081689596176,-93.54049682617188,0.40995630621910095,-0.12497472763061523,0.010353337042033672
190,S7 compound extreme,8,-87.72625732421875,0.8327039480209351,-0.32797953486442566,0.007723334711045027,-85.95775604248047,2.5082132816314697,-0.0961066260933876,0.06035327911376953,-78.25518035888672,2.5005381107330322,0.029498526826500893,0.07797518372535706,-93.35983276367188,0.9352865219116211,-0.12259306758642197,0.023846924304962158
190,S7 compound extreme,9,-83.71511840820312,1.6966748237609863,-0.16451404988765717,0.0037752334028482437,-87.76699829101562,0.755075991153717,-0.10839762538671494,0.04201240837574005,-76.4437026977539,2.8474936485290527,0.10044586658477783,0.10042877495288849,-92.72138214111328,1.4549992084503174,-0.017561623826622963,0.024462241679430008
190,S7 compound extreme,10,-82.38017272949219,1.8064534664154053,-0.06505373865365982,0.012689762748777866,-84.67786407470703,1.9134010076522827,-0.054888900369405746,0.05591949447989464,-78.72686004638672,2.968871831893921,0.01219234336167574,0.10378749668598175,-90.82843780517578,0.5046011805534363,-0.03135906532406807,0.060320526361465454
190,S7 compound extreme,11,-74.92786407470703,0.9385860562324524,0.08356472104787827,0.052981287240982056,-70.94375610351562,2.3162684440612793,0.058986563235521317,0.03210108354687691,-80.0498275756836,0.6990675330162048,-0.10094819217920303,0.0713871419429779,-83.59207153320312,1.8999614715576172,0.08691713213920593,0.02059369534254074
190,S7 compound extreme,12,-80.65069580078125,0.40934067964553833,-0.0002113419322995469,0.009781151078641415,-68.71731567382812,2.7452666759490967,0.2252252846956253,0.028220240026712418,-74.6626968383789,2.2511258125305176,0.057099174708127975,0.10505303740501404,-82.5162353515625,1.9024738073349,0.06230980530381203,0.022475481033325195
190,S7 compound extreme,13,-85.2769546508789,2.174525737762451,-0.14902280271053314,0.035786524415016174,-85.61691284179688,0.7076436281204224,-0.07862626761198044,0.02818330191075802,-74.55316162109375,2.70961332321167,0.06759881973266602,0.13246241211891174,-91.68386840820312,0.8667904138565063,-0.07689440250396729,0.018716592341661453
190,S7 compound extreme,14,-77.76045989990234,1.0249384641647339,-0.0005780110950581729,0.06255974620580673,-83.42587280273438,0.7876511812210083,-0.030906520783901215,0.01027348730713129,-73.60346221923828,2.2166199684143066,0.10068164020776749,0.15109147131443024,-90.95684051513672,0.13548249006271362,-0.0545966811478138,0.017219416797161102
190,S7 compound extreme,15,-83.36770629882812,2.484644651412964,-0.047937095165252686,0.0633305236697197,-84.19855499267578,0.27199870347976685,-0.1655842810869217,0.0042280093766748905,-77.16497039794922,2.5365006923675537,-0.00849539041519165,0.11449002474546432,-92.9412612915039,0.47742903232574463,-0.11081484705209732,0.03026738576591015
190,S7 compound extreme,16,-87.9428482055664,1.1752265691757202,-0.4172143042087555,0.018070068210363388,-85.08606719970703,1.9473775625228882,-0.03957000747323036,0.04564637690782547,-77.48773956298828,0.8273151516914368,0.07275848835706711,0.12032169848680496,-91.40973663330078,0.8663696646690369,-0.11651865392923355,0.04143867269158363
190,S7 compound extreme,17,-75.18201446533203,2.089110851287842,0.03399194777011871,0.02821836993098259,-70.50757598876953,3.0406100749969482,0.17754121124744415,0.03189891204237938,-77.16670989990234,2.800671100616455,-0.026003578677773476,0.0178020428866148,-85.16217803955078,0.7824945449829102,0.10622481256723404,0.005923886317759752
190,S7 compound extreme,18,-80.4709701538086,0.16731993854045868,0.05948680266737938,0.04825298488140106,-69.4057846069336,2.0352883338928223,0.1454552263021469,0.015753978863358498,-78.56226348876953,2.921400547027588,-0.060864876955747604,0.047800011932849884,-80.09008026123047,1.8037211894989014,0.1874237209558487,0.026355402544140816
190,S7 compound extreme,19,-80.15082550048828,1.4679174423217773,-0.08380988985300064,0.012539837509393692,-85.06707000732422,1.7044122219085693,-0.17870552837848663,0.054016344249248505,-82.29373168945312,0.489472895860672,-0.1183972954750061,0.057845864444971085,-92.61414337158203,0.44001394510269165,-0.11306452006101608,0.01796586625277996
190,S7 compound extreme,20,-81.0351333618164,2.1562724113464355,-0.16812950372695923,0.026705915108323097,-78.82083892822266,2.89446759223938,-0.019363725557923317,0.03738148510456085,-87.31292724609375,1.830824613571167,-0.15229864418506622,0.037091705948114395,-92.39960479736328,0.5636104345321655,-0.12021023035049438,0.032643016427755356
190,S8 pyro-feedback ON,0,-81.17324829101562,1.726933240890503,-0.11827081441879272,0.006939371582120657,-82.38739776611328,1.761175274848938,-0.11048784106969833,0.02074844017624855,-80.54830169677734,1.1874842643737793,-0.08329800516366959,0.060742974281311035,-89.3582992553711,0.9406830668449402,-0.032923560589551926,0.015431035310029984
190,S8 pyro-feedback ON,1,-80.48834228515625,1.5724163055419922,-0.3272302448749542,0.04357006028294563,-78.79878997802734,1.9337950944900513,-0.09904555231332779,0.014429264701902866,-83.06473541259766,2.903123617172241,-0.0840800330042839,0.07077686488628387,-90.79055786132812,1.1597570180892944,-0.14517168700695038,0.004536193795502186
190,S8 pyro-feedback ON,2,-89.44806671142578,3.7676687240600586,-0.10100511461496353,0.03451187163591385,-73.39971160888672,3.2085578441619873,0.06191428378224373,0.034690551459789276,-83.5670394897461,1.0165156126022339,-0.02942393720149994,0.025400036945939064,-85.81436157226562,1.2757456302642822,0.24174349009990692,0.01579507440328598
190,S8 pyro-feedback ON,3,-70.9407730102539,1.1075115203857422,0.040894415229558945,0.03718952834606171,-77.71873474121094,2.196718215942383,-0.01726924441754818,0.027222100645303726,-74.2870864868164,0.8706097602844238,-0.02210369147360325,0.0432242825627327,-66.15876007080078,4.1923723220825195,0.43557465076446533,0.0488472580909729
190,S8 pyro-feedback ON,5,-87.17742156982422,0.9745578169822693,-0.20870406925678253,0.016430659219622612,-89.6456298828125,0.7482683062553406,-0.13143466413021088,0.009849529713392258,-82.1211166381836,0.7513835430145264,-0.04772162437438965,0.03257165476679802,-92.23849487304688,0.4948698878288269,-0.1609640121459961,0.01199362613260746
190,S8 pyro-feedback ON,6,-83.8765640258789,0.733898401260376,-0.19073253870010376,0.012968340888619423,-82.9717788696289,2.097778081893921,-0.0847582221031189,0.032625872641801834,-82.05801391601562,0.7812479138374329,-0.1122879758477211,0.031993769109249115,-91.90753173828125,0.5280181765556335,-0.12327935546636581,0.03715882822871208
190,S8 pyro-feedback ON,7,-82.88821411132812,1.0013337135314941,-0.15368711948394775,0.036011405289173126,-86.69376373291016,1.0005810260772705,-0.19861416518688202,0.031034480780363083,-81.7042465209961,1.9712570905685425,-0.03354721888899803,0.048765961080789566,-93.40593719482422,0.48577436804771423,-0.1409406065940857,0.0034808481577783823
190,S8 pyro-feedback ON,8,-83.794921875,0.7428535223007202,-0.22926540672779083,0.021855846047401428,-85.75350189208984,2.397218704223633,-0.07934453338384628,0.014295880682766438,-87.4083251953125,1.712975025177002,-0.12896226346492767,0.07659139484167099,-90.86288452148438,1.618285059928894,-0.13934935629367828,0.009810538962483406
190,S8 pyro-feedback ON,9,-81.7571792602539,1.964971661567688,-0.05576545000076294,0.013803219422698021,-84.6921157836914,1.1218526363372803,-0.027092220261693,0.033125367015600204,-83.9749526977539,1.8757586479187012,-0.08198147267103195,0.029492298141121864,-91.7968978881836,1.4014644622802734,-0.05715382099151611,0.035266388207674026
190,S8 pyro-feedback ON,10,-76.22821044921875,3.6306886672973633,-0.061832260340452194,0.02601863257586956,-80.36510467529297,1.4453526735305786,-0.02190473861992359,0.030417809262871742,-85.6680679321289,0.8570065498352051,-0.20391464233398438,0.02407049760222435,-86.5112533569336,0.9887157678604126,-0.018688814714550972,0.02014465257525444
190,S8 pyro-feedback ON,11,-75.76953125,0.2139970064163208,0.13126611709594727,0.05021478980779648,-67.37040710449219,1.8791162967681885,0.15720593929290771,0.014437171630561352,-72.33663177490234,0.8361870050430298,0.1393512636423111,0.06935630738735199,-82.1534194946289,2.4828288555145264,0.0748867467045784,0.08023325353860855
190,S8 pyro-feedback ON,12,-84.95407104492188,1.0786679983139038,-0.0374949686229229,0.07087728381156921,-66.56182098388672,2.5806705951690674,0.2006598562002182,0.017032979056239128,-77.78429412841797,1.3256750106811523,-0.03276487812399864,0.07665771245956421,-84.45093536376953,1.8029639720916748,-0.02118387632071972,0.02813643589615822
190,S8 pyro-feedback ON,13,-88.81941986083984,3.2084052562713623,-0.14519739151000977,0.05421124026179314,-78.06681060791016,0.7450413107872009,0.06974554806947708,0.022004464641213417,-82.68439483642578,0.3383127748966217,-0.13129790127277374,0.08226613700389862,-92.50626373291016,1.312619924545288,-0.13017286360263824,0.004934130702167749
190,S8 pyro-feedback ON,14,-87.7259750366211,2.1064858436584473,-0.0970744863152504,0.047278933227062225,-75.3292465209961,0.5506484508514404,0.1629493236541748,0.032356709241867065,-88.10726165771484,0.6835049986839294,-0.13778184354305267,0.09356130659580231,-92.6708984375,0.37083831429481506,-0.11836876720190048,0.026485426351428032
190,S8 pyro-feedback ON,15,-85.0443115234375,2.0743136405944824,-0.05167031288146973,0.05079544335603714,-76.03972625732422,0.7469672560691833,0.03035730868577957,0.05091569945216179,-84.7184829711914,2.1625421047210693,-0.07432781904935837,0.07569350302219391,-95.6527099609375,0.21549303829669952,-0.14223605394363403,0.03342963010072708
190,S8 pyro-feedback ON,16,-90.15572357177734,3.483247756958008,-0.3774411380290985,0.019319774582982063,-84.69528198242188,3.6300017833709717,-0.15707971155643463,0.022203773260116577,-86.67828369140625,1.4097964763641357,-0.17833124101161957,0.07499134540557861,-97.68428802490234,1.8108593225479126,-0.27659693360328674,0.05438721925020218
190,S8 pyro-feedback ON,17,-77.50839233398438,0.6599616408348083,0.010750683955848217,0.044745124876499176,-75.97158813476562,4.3835554122924805,0.04287412762641907,0.0374210886657238,-83.25003051757812,2.544696807861328,-0.0677446722984314,0.024118926376104355,-86.82805633544922,0.7804247140884399,0.036806803196668625,0.039794065058231354
190,S8 pyro-feedback ON,18,-79.18717956542969,2.7348670959472656,0.027522804215550423,0.04570246860384941,-74.84152221679688,1.9712746143341064,0.11029352992773056,0.017887182533740997,-85.24169158935547,0.9952690601348877,-0.10418186336755753,0.06296815723180771,-81.50396728515625,1.6035572290420532,0.1796768456697464,0.012169882655143738
190,S8 pyro-feedback ON,19,-75.0083999633789,0.9801231622695923,0.17151708900928497,0.01876053214073181,-81.1606216430664,2.424912691116333,-0.16385388374328613,0.05160529538989067,-81.81661987304688,1.7108689546585083,0.05764251574873924,0.04633256793022156,-91.6341781616211,0.6380873918533325,-0.13594739139080048,0.02670126035809517
190,S8 pyro-feedback ON,20,-79.6562728881836,0.31645116209983826,-0.012723702006042004,0.03396013006567955,-81.12857818603516,0.7924914956092834,-0.041675206273794174,0.04656733199954033,-92.20911407470703,2.76352858543396,-0.12151231616735458,0.034084197133779526,-92.5837173461914,0.3859837055206299,-0.08398902416229248,0.020267734304070473
202,S0 baseline,0,-91.00064849853516,1.4600602388381958,0.004815463442355394,0.030091000720858574,-96.093505859375,0.42219120264053345,-0.0858289897441864,0.022296246141195297,-88.0379638671875,0.12694603204727173,0.12842288613319397,0.006229923106729984,-87.63091278076172,1.5122209787368774,0.10404161363840103,0.03141964599490166
202,S0 baseline,1,-70.34236907958984,0.5953420996665955,0.32590389251708984,0.06817180663347244,-73.7922134399414,2.0386927127838135,0.31768691539764404,0.01811422035098076,-71.11636352539062,1.5746484994888306,0.2774650752544403,0.01633566990494728,-74.06008911132812,0.9895245432853699,0.2349054366350174,0.06004020944237709
202,S0 baseline,2,-91.73724365234375,2.188586950302124,0.12890318036079407,0.012165946885943413,-90.74114990234375,0.9967827796936035,0.130059152841568,0.010401665233075619,-84.90264129638672,1.401286005973816,0.14030252397060394,0.03524273633956909,-85.93140411376953,2.357529878616333,-0.05647767707705498,0.04170992970466614
202,S0 baseline,3,-90.82982635498047,1.2978256940841675,-0.009067533537745476,0.018763864412903786,-88.49411010742188,1.1835471391677856,0.11160285025835037,0.014615649357438087,-85.15532684326172,0.9517178535461426,0.07535911351442337,0.006910472176969051,-90.38480377197266,1.5787267684936523,-0.10654697567224503,0.015372579917311668
202,S0 baseline,4,-91.95770263671875,1.087875247001648,-0.05833430215716362,0.02291230484843254,-93.9887466430664,1.2020840644836426,-0.010363500565290451,0.010847239755094051,-91.00051879882812,0.6406110525131226,0.07869324833154678,0.049048710614442825,-89.5550765991211,1.068776249885559,-0.08168292790651321,0.031629618257284164
202,S0 baseline,5,-94.94402313232422,1.2302355766296387,-0.029077062383294106,0.02059163525700569,-91.93732452392578,0.7973099946975708,-0.028319820761680603,0.016019435599446297,-85.35140991210938,0.7201068997383118,0.057700786739587784,0.007898523472249508,-90.76483917236328,1.54861319065094,-0.21619875729084015,0.009326041676104069
202,S0 baseline,6,-94.2390365600586,0.6973038911819458,-0.03247910737991333,0.02754809893667698,-92.55123138427734,0.4121111035346985,0.08735378831624985,0.010297941975295544,-91.05056762695312,0.9161052703857422,-0.016380438581109047,0.01988133043050766,-93.1461181640625,1.0399267673492432,-0.22968727350234985,0.02216540463268757
202,S0 baseline,7,-88.6302490234375,2.1751368045806885,0.031594473868608475,0.005982722155749798,-92.65774536132812,1.1771411895751953,0.16120971739292145,0.051184818148612976,-91.4622802734375,0.5979934930801392,0.03382246196269989,0.038897816091775894,-90.3077621459961,1.0650177001953125,-0.04374593496322632,0.011135839857161045
202,S0 baseline,8,-92.9324722290039,0.39906105399131775,0.07123054563999176,0.025129400193691254,-92.71050262451172,0.41557446122169495,0.022142982110381126,0.023575302213430405,-91.0914535522461,0.4622647762298584,0.09081646054983139,0.0074433800764381886,-91.68303680419922,1.205041527748108,0.03882415592670441,0.022436073049902916
202,S0 baseline,9,-96.10931396484375,1.2415173053741455,-0.03864321485161781,0.01605217531323433,-86.44330596923828,1.792578101158142,0.16399849951267242,0.031967610120773315,-84.09001922607422,0.6085015535354614,0.2049005776643753,0.030242009088397026,-85.17310333251953,1.512905478477478,-0.056270066648721695,0.029077943414449692
202,S0 baseline,10,-94.9596939086914,0.704765260219574,-0.014150802046060562,0.028657130897045135,-91.93499755859375,0.3089461028575897,0.04153602197766304,0.02941921353340149,-92.0420150756836,0.5933231115341187,0.0026478420477360487,0.006403572391718626,-92.49796295166016,0.9878982901573181,-0.17187996208667755,0.016751790419220924
202,S0 baseline,11,-89.64169311523438,1.6019563674926758,0.020438410341739655,0.019594162702560425,-93.4666748046875,0.9643086194992065,-0.048338402062654495,0.03553793579339981,-92.30753326416016,0.4201752245426178,0.03697516396641731,0.02830878645181656,-88.55615997314453,1.192928671836853,-0.12547148764133453,0.027145802974700928
202,S0 baseline,12,-92.03936767578125,0.5383397936820984,-0.03921135887503624,0.01099410280585289,-98.88540649414062,0.49525588750839233,-0.07207504659891129,0.03270508721470833,-92.9673843383789,0.9620223045349121,0.009446917101740837,0.01998048648238182,-92.68975830078125,0.8786398768424988,-0.08324816823005676,0.011660045944154263
202,S0 baseline,13,-94.05030059814453,0.6448248624801636,0.03536804020404816,0.004357300233095884,-92.70336151123047,0.32548025250434875,0.033867884427309036,0.028220560401678085,-87.6858139038086,0.7820522785186768,0.09309617429971695,0.02720300853252411,-89.58355712890625,1.1172934770584106,-0.22674311697483063,0.009106461890041828
202,S0 baseline,14,-73.5567626953125,2.142091989517212,0.15211831033229828,0.0032001647632569075,-68.03710174560547,1.090942144393921,0.2651665210723877,0.010325233452022076,-78.36676788330078,2.0753419399261475,0.2586977779865265,0.03780314326286316,-71.8540267944336,1.9353996515274048,0.37834593653678894,0.01470709964632988
202,S0 baseline,15,-90.85665130615234,2.2835986614227295,0.04511946812272072,0.0058899386785924435,-85.60135650634766,0.8554403185844421,0.12152060866355896,0.04911821708083153,-86.2920913696289,1.807572603225708,0.2554018199443817,0.03541732579469681,-91.4223403930664,2.1753978729248047,0.0602363757789135,0.02027314342558384
202,S0 baseline,16,-93.9588623046875,0.15294203162193298,-0.14082786440849304,0.04287705942988396,-98.6295394897461,0.23705865442752838,-0.12307379394769669,0.001956329448148608,-89.92887115478516,0.1338067203760147,0.10597735643386841,0.011616279371082783,-90.4681167602539,1.6383908987045288,0.008260059170424938,0.017945008352398872
202,S0 baseline,17,-94.7155990600586,1.319633960723877,-0.032025743275880814,0.048477668315172195,-91.510986328125,0.7281755208969116,0.012619401328265667,0.011384683661162853,-82.55233001708984,0.7013440132141113,0.17524118721485138,0.019383888691663742,-88.77100372314453,1.3747422695159912,-0.06279957294464111,0.01756514236330986
202,S0 baseline,18,-76.36168670654297,1.9940067529678345,0.271844744682312,0.04435896873474121,-84.49462890625,2.681762456893921,0.3246387839317322,0.01487706322222948,-71.02935791015625,1.126059889793396,0.30810612440109253,0.016972532495856285,-77.74755096435547,1.7789281606674194,0.17997170984745026,0.032802291214466095
202,S0 baseline,19,-90.77578735351562,1.3338333368301392,0.11443131417036057,0.026589157059788704,-83.38495635986328,1.410452961921692,0.1330731362104416,0.02522817999124527,-89.69558715820312,0.9217788577079773,0.08216766268014908,0.04047996923327446,-92.01715850830078,0.6086098551750183,-0.051981061697006226,0.03528702259063721
202,S0 baseline,20,-86.19817352294922,0.8893621563911438,0.24399399757385254,0.03453866392374039,-90.73339080810547,2.863830327987671,0.1521715521812439,0.03682166710495949,-90.90301513671875,0.9738956689834595,-0.04763619229197502,0.03377864882349968,-93.02779388427734,0.8555668592453003,-0.11599171161651611,0.010421286337077618
202,S0 baseline,21,-90.98934173583984,0.750209391117096,0.004590446595102549,0.021313240751624107,-91.07415008544922,0.7344894409179688,0.21670888364315033,0.05676431208848953,-90.64996337890625,0.11801917850971222,0.07572467625141144,0.029198186472058296,-85.46066284179688,0.3002762198448181,0.012552469968795776,0.01807437092065811
202,S1 wind +20%,0,-90.91841888427734,1.2698733806610107,0.00887275766581297,0.03377712145447731,-97.0058364868164,1.0108146667480469,-0.08440748602151871,0.008754881098866463,-88.16668701171875,0.5635095834732056,0.14966370165348053,0.02059628814458847,-86.94986724853516,1.8188399076461792,0.10525399446487427,0.0364597886800766
202,S1 wind +20%,1,-70.18779754638672,0.6038856506347656,0.3171628415584564,0.06241249665617943,-79.19335174560547,1.9517072439193726,0.293752521276474,0.019934343174099922,-70.3145980834961,1.5137735605239868,0.28024494647979736,0.019137537106871605,-75.489013671875,1.3944567441940308,0.24247241020202637,0.07182992249727249
202,S1 wind +20%,2,-91.62261962890625,2.1605782508850098,0.1338835507631302,0.014727341942489147,-90.66940307617188,1.0785266160964966,0.12869207561016083,0.006865632254630327,-85.21775817871094,1.3118499517440796,0.14074234664440155,0.038607411086559296,-85.96813201904297,2.3163695335388184,-0.05440312996506691,0.04382992163300514
202,S1 wind +20%,3,-90.34966278076172,1.966341257095337,-0.010252992622554302,0.014633816666901112,-90.02404022216797,0.628792941570282,0.08824511617422104,0.012222342193126678,-85.0378189086914,0.9833199977874756,0.07891090959310532,0.006878364831209183,-90.34942626953125,1.577639102935791,-0.1043444275856018,0.015975570306181908
202,S1 wind +20%,4,-92.09463500976562,1.119095802307129,-0.054490458220243454,0.018952248618006706,-94.17996978759766,1.0443511009216309,-0.01972014456987381,0.019513322040438652,-90.3210678100586,0.7712274789810181,0.09260139614343643,0.040624041110277176,-89.47278594970703,1.0167001485824585,-0.08231811225414276,0.029533743858337402
202,S1 wind +20%,5,-94.49658966064453,1.1059712171554565,-0.045548003166913986,0.027772868052124977,-91.37484741210938,0.8622292280197144,0.020077137276530266,0.016519133001565933,-85.12406921386719,0.7081913352012634,0.07124000042676926,0.003980971872806549,-90.62216186523438,1.5271010398864746,-0.2125144749879837,0.013521143235266209
202,S1 wind +20%,6,-94.241455078125,0.6970515251159668,-0.03289983794093132,0.037098418921232224,-91.87310791015625,0.10963479429483414,0.10179245471954346,0.013957270421087742,-91.01568603515625,0.8881518244743347,-0.006631313357502222,0.020386844873428345,-93.00271606445312,1.20537269115448,-0.21112214028835297,0.021928392350673676
202,S1 wind +20%,7,-88.8226318359375,2.112863779067993,0.029518580064177513,0.012626911513507366,-93.18827056884766,0.8835117220878601,0.15637826919555664,0.04742330312728882,-91.32748413085938,0.30003228783607483,0.056802332401275635,0.04133583977818489,-89.92019653320312,0.7789567112922668,-0.033137816935777664,0.010893061757087708
202,S1 wind +20%,8,-92.73094940185547,0.2218540906906128,0.062094103544950485,0.026805469766259193,-92.76300811767578,0.4531615376472473,0.008859008550643921,0.020112808793783188,-90.73095703125,0.6404159665107727,0.09308844804763794,0.00104208430275321,-91.09402465820312,1.2588427066802979,0.054800618439912796,0.014500590041279793
202,S1 wind +20%,9,-95.825439453125,0.9588961601257324,-0.04152345284819603,0.01743289828300476,-86.38077545166016,1.7514452934265137,0.16221070289611816,0.042385283857584,-84.09001922607422,0.6085015535354614,0.21791847050189972,0.03224452957510948,-84.85572052001953,1.5190435647964478,-0.03917917236685753,0.03418140858411789
202,S1 wind +20%,10,-94.63312530517578,0.5211807489395142,-0.024946987628936768,0.029545346274971962,-91.8348617553711,0.1722669005393982,0.08245550841093063,0.028902074322104454,-91.72826385498047,0.5371401309967041,0.03929517790675163,0.017005274072289467,-92.32645416259766,0.8290167450904846,-0.16194213926792145,0.023263849318027496
202,S1 wind +20%,11,-89.77982330322266,1.1167998313903809,0.027490651234984398,0.011529048904776573,-93.640625,0.919769287109375,-0.017530374228954315,0.040523745119571686,-91.91942596435547,0.3908785283565521,0.06361591815948486,0.03593500703573227,-88.20757293701172,1.5571686029434204,-0.1224655732512474,0.0345691442489624
202,S1 wind +20%,12,-92.01793670654297,0.6167407035827637,-0.06255670636892319,0.016101600602269173,-98.96309661865234,0.526089072227478,-0.0843711867928505,0.038160596042871475,-92.90302276611328,0.9394953846931458,0.011902205646038055,0.025216247886419296,-91.5986099243164,1.258057951927185,-0.05093587562441826,0.0020016422495245934
202,S1 wind +20%,13,-93.82467651367188,0.6683132648468018,0.0286275502294302,0.013548350892961025,-92.51750946044922,0.2563064396381378,0.046247825026512146,0.02780616469681263,-85.698974609375,0.6152926683425903,0.10770058631896973,0.029201466590166092,-89.2568359375,1.292778491973877,-0.2139856368303299,0.010612847283482552
202,S1 wind +20%,14,-73.40110778808594,2.149949073791504,0.14434027671813965,0.008630103431642056,-70.46550750732422,2.3480894565582275,0.25921431183815,0.004172542132437229,-76.98866271972656,3.3489081859588623,0.26902273297309875,0.03589372709393501,-63.45139694213867,2.1108970642089844,0.444819837808609,0.013518542051315308
202,S1 wind +20%,15,-90.69064331054688,2.4518392086029053,0.0359417200088501,0.0065131341107189655,-87.3251724243164,1.2614121437072754,0.05622211471199989,0.03410870581865311,-85.925048828125,1.1515820026397705,0.26635804772377014,0.03278537467122078,-90.8622055053711,2.8149921894073486,0.06051451340317726,0.02900994010269642
202,S1 wind +20%,16,-93.833984375,0.19315080344676971,-0.13643141090869904,0.04011034220457077,-99.99239349365234,0.5936943888664246,-0.1494259387254715,0.01627623848617077,-90.0517807006836,0.10194987058639526,0.10657496005296707,0.010335111059248447,-89.92877197265625,1.9948121309280396,0.016379334032535553,0.01203013677150011
202,S1 wind +20%,17,-94.60599517822266,1.338114857673645,-0.031009303405880928,0.044706519693136215,-91.5535659790039,0.7610381245613098,0.012619401328265667,0.011384683661162853,-82.57503509521484,0.669272780418396,0.16848810017108917,0.024060197174549103,-88.7356185913086,1.3652225732803345,-0.062479134649038315,0.016175104305148125
202,S1 wind +20%,18,-76.305908203125,2.031224489212036,0.27525603771209717,0.04461000859737396,-84.60391235351562,2.7419967651367188,0.31857308745384216,0.012437614612281322,-69.13524627685547,1.6397457122802734,0.3383004665374756,0.02137480117380619,-77.39087677001953,1.578190565109253,0.2249399572610855,0.037145745009183884
202,S1 wind +20%,19,-90.81925201416016,1.0569852590560913,0.10578924417495728,0.02289952151477337,-83.9881362915039,1.322622299194336,0.09955569356679916,0.02228633314371109,-90.23516845703125,0.3115249276161194,0.08261552453041077,0.04000747948884964,-92.01715850830078,0.6086098551750183,-0.054701000452041626,0.037339694797992706
202,S1 wind +20%,20,-86.28144073486328,0.5834853649139404,0.240789532661438,0.03403223678469658,-90.8906478881836,2.9449682235717773,0.11912969499826431,0.030447935685515404,-90.85181427001953,1.046258807182312,-0.04748225212097168,0.033683136105537415,-93.02779388427734,0.8555668592453003,-0.12248461693525314,0.006874264683574438
202,S1 wind +20%,21,-91.703369140625,0.8143119215965271,0.027240438386797905,0.014795518480241299,-90.8227310180664,0.5434163212776184,0.23009026050567627,0.05885511264204979,-90.81204986572266,0.15409448742866516,0.060048848390579224,0.03161302208900452,-85.79217529296875,0.2958049178123474,0.020584711804986,0.016889693215489388
202,S2 heatwave +5K,0,-92.27169036865234,0.8279772400856018,-0.024717606604099274,0.01500660739839077,-97.06906127929688,0.4271525740623474,-0.10451531410217285,0.02538738213479519,-89.2371597290039,0.431321918964386,0.0795329138636589,0.012698795646429062,-89.48636627197266,0.8928787708282471,0.04739709198474884,0.025752851739525795
202,S2 heatwave +5K,1,-70.74674987792969,0.46135449409484863,0.3380158245563507,0.0706295445561409,-73.30269622802734,1.9634751081466675,0.2689173221588135,0.013416126370429993,-71.93161010742188,2.3090286254882812,0.24894116818904877,0.004504624754190445,-77.51177215576172,1.613726258277893,0.08580025285482407,0.049466487020254135
202,S2 heatwave +5K,2,-94.73699951171875,1.1937872171401978,0.03818727657198906,0.03340913727879524,-91.87368774414062,0.5633030533790588,0.07256810367107391,0.01627921126782894,-84.99063873291016,1.6042494773864746,0.11797245591878891,0.027538305148482323,-87.84521484375,2.488447666168213,-0.12012055516242981,0.021538062021136284
202,S2 heatwave +5K,3,-91.69437408447266,1.5061371326446533,-0.17342811822891235,0.022386880591511726,-91.07208251953125,1.5832915306091309,-0.05171510577201843,0.038332484662532806,-84.98502349853516,1.073828935623169,0.07816988974809647,0.017054205760359764,-90.810302734375,1.848455548286438,-0.14481942355632782,0.01441233605146408
202,S2 heatwave +5K,4,-92.2357177734375,0.8958839178085327,-0.0646207258105278,0.03252365440130234,-94.11681365966797,1.2338860034942627,-0.0668695792555809,0.0300082266330719,-91.4779281616211,0.3957865536212921,-0.0008460606331937015,0.046830907464027405,-93.8067855834961,0.7701214551925659,-0.251341313123703,0.008843427523970604
202,S2 heatwave +5K,5,-96.3793716430664,0.8851531147956848,-0.15265966951847076,0.022693108767271042,-93.3734359741211,1.1648844480514526,-0.15015895664691925,0.023096220567822456,-82.5008773803711,1.3008825778961182,0.07821448892354965,0.02010033279657364,-90.9469985961914,1.4737439155578613,-0.17887742817401886,0.015803905203938484
202,S2 heatwave +5K,6,-95.12183380126953,0.95313560962677,-0.10105261951684952,0.020746340975165367,-93.4737548828125,0.07984285056591034,-0.04725978150963783,0.016320249065756798,-92.07791137695312,0.9765633344650269,0.009463365189731121,0.012666180729866028,-92.83663177490234,0.7370707392692566,-0.1878005862236023,0.020686985924839973
202,S2 heatwave +5K,7,-94.262939453125,1.0610406398773193,-0.15481843054294586,0.03064587339758873,-92.97113037109375,1.0241795778274536,0.03517884388566017,0.012308882549405098,-91.80205535888672,0.6537104845046997,0.024300269782543182,0.044083256274461746,-93.15813446044922,1.2431083917617798,-0.1815994828939438,0.025665227323770523
202,S2 heatwave +5K,8,-94.6174087524414,0.30213186144828796,-0.2441769391298294,0.03976761922240257,-98.22015380859375,0.5163239240646362,-0.10616735368967056,0.017200225964188576,-91.0947036743164,0.16409321129322052,0.038779836148023605,0.01390563789755106,-94.55908966064453,0.6626328825950623,-0.04750296473503113,0.0038280736189335585
202,S2 heatwave +5K,9,-96.80048370361328,0.5100546479225159,-0.128625750541687,0.021378081291913986,-93.85822296142578,0.7679153680801392,0.025010714307427406,0.036365870386362076,-85.13774871826172,0.45419687032699585,0.18004882335662842,0.03437786549329758,-86.575439453125,1.7490715980529785,-0.026818344369530678,0.03249695152044296
202,S2 heatwave +5K,10,-95.36473846435547,0.23628680408000946,-0.1640402227640152,0.00449408870190382,-92.69698333740234,0.6153353452682495,-0.04766136407852173,0.03491121903061867,-92.6197738647461,0.5408569574356079,0.01387027371674776,0.003949109930545092,-93.23174285888672,0.940684974193573,-0.18400900065898895,0.009371762163937092
202,S2 heatwave +5K,11,-92.44994354248047,0.6188760995864868,-0.1032193973660469,0.0170879103243351,-93.7157974243164,0.8826696276664734,-0.09428427368402481,0.05371542274951935,-92.33609771728516,0.5203843712806702,-0.0008413500036112964,0.01998196169734001,-89.84061431884766,0.7346919775009155,-0.19505047798156738,0.03685734048485756
202,S2 heatwave +5K,12,-91.94087982177734,1.5972051620483398,-0.1551080197095871,0.02217254973948002,-99.3993911743164,0.6693729162216187,-0.0926908329129219,0.018924454227089882,-92.81490325927734,0.915858268737793,-0.020963169634342194,0.022777507081627846,-93.2714614868164,1.1181992292404175,-0.1479654461145401,0.006719714961946011
202,S2 heatwave +5K,13,-94.35440826416016,0.6938760280609131,-0.08192919939756393,0.011378880590200424,-93.92594146728516,1.2824491262435913,-0.05443033576011658,0.026867972686886787,-88.71578979492188,1.407616138458252,0.09036705642938614,0.02564035728573799,-90.5679702758789,1.1402101516723633,-0.2449280470609665,0.01602945849299431
202,S2 heatwave +5K,14,-74.0042495727539,1.3125317096710205,0.06951578706502914,0.019049910828471184,-68.75273895263672,1.3691062927246094,0.20891444385051727,0.012544238939881325,-79.45539855957031,1.320961356163025,0.2152865082025528,0.027303894981741905,-72.74884796142578,2.020700693130493,0.3811100423336029,0.021225837990641594
202,S2 heatwave +5K,15,-92.80398559570312,2.680248737335205,-0.06225616857409477,0.0020853965543210506,-92.61333465576172,0.9966617226600647,-0.0726151317358017,0.056294333189725876,-85.91655731201172,1.9471852779388428,0.1974150389432907,0.029011260718107224,-92.67317962646484,1.6080368757247925,0.03792048618197441,0.017620250582695007
202,S2 heatwave +5K,16,-94.33651733398438,0.23602762818336487,-0.2436635047197342,0.030191462486982346,-98.81322479248047,0.227679044008255,-0.13565383851528168,0.0011065442813560367,-90.0902099609375,0.23273201286792755,0.05431343987584114,0.023863965645432472,-92.30066680908203,1.6503456830978394,-0.11415678262710571,0.025095410645008087
202,S2 heatwave +5K,17,-94.53750610351562,1.1148558855056763,-0.15037791430950165,0.0441768579185009,-95.42254638671875,0.5948165655136108,-0.11594000458717346,0.019216513261198997,-83.7696304321289,0.8884900212287903,0.08763951808214188,0.01845066249370575,-90.28363800048828,1.6152479648590088,-0.12209749221801758,0.03073577769100666
202,S2 heatwave +5K,18,-76.91336059570312,1.8521400690078735,0.2327670007944107,0.04878198355436325,-83.21268463134766,2.307039976119995,0.11971045285463333,0.0067051127552986145,-74.3905029296875,2.4090628623962402,0.24187900125980377,0.04059022665023804,-79.76846313476562,2.1141676902770996,0.14755459129810333,0.006120206788182259
202,S2 heatwave +5K,19,-93.6827163696289,1.3866304159164429,0.04920868203043938,0.012165751308202744,-88.81607818603516,1.0770241022109985,0.09099724143743515,0.0399307906627655,-92.403564453125,0.9772759079933167,0.042132776230573654,0.03764742985367775,-93.962646484375,0.2480667531490326,-0.047850269824266434,0.03604625537991524
202,S2 heatwave +5K,20,-89.84691619873047,1.0318915843963623,0.03608926013112068,0.007508129347115755,-94.0048828125,2.123236894607544,0.039323195815086365,0.009426498785614967,-91.04930877685547,1.1349596977233887,-0.01327828411012888,0.04318763315677643,-93.5749282836914,0.6362428069114685,-0.04106663167476654,0.011154087260365486
202,S2 heatwave +5K,21,-93.3923110961914,0.402038037776947,-0.06242847815155983,0.021936338394880295,-92.37149810791016,0.5475425720214844,0.09217684715986252,0.0609554648399353,-90.3069076538086,0.49565333127975464,0.050654519349336624,0.023621657863259315,-86.44540405273438,0.0842762365937233,0.016835208982229233,0.02277875319123268
202,S3 drying RH -30%,0,-91.30049896240234,1.9489930868148804,-0.06160916015505791,0.014361977577209473,-97.34732818603516,0.6231980919837952,-0.10209020972251892,0.024484777823090553,-88.05599212646484,0.4815049171447754,0.10191915184259415,0.009633488953113556,-89.35537719726562,1.1675726175308228,0.03956221044063568,0.012653814628720284
202,S3 drying RH -30%,1,-70.31182098388672,0.5523150563240051,0.31561732292175293,0.07468966394662857,-73.57288360595703,1.8584198951721191,0.2648198902606964,0.02241305448114872,-71.605712890625,2.13187837600708,0.15841801464557648,0.03324442356824875,-75.8607177734375,0.9831687211990356,0.09725967794656754,0.05410688370466232
202,S3 drying RH -30%,2,-91.9901351928711,1.6711032390594482,0.04560926556587219,0.020121552050113678,-91.43961334228516,0.8712739944458008,0.10390458256006241,0.006191707216203213,-85.01067352294922,1.5568181276321411,0.12569019198417664,0.023948252201080322,-87.34545135498047,2.300715446472168,-0.07278712838888168,0.04819313436746597
202,S3 drying RH -30%,3,-90.380126953125,1.7511377334594727,-0.11944004148244858,0.02959485910832882,-90.18045043945312,1.3481415510177612,0.05427620932459831,0.027011539787054062,-85.00505828857422,1.0526682138442993,0.0560331754386425,0.020023241639137268,-91.04751586914062,2.126188278198242,-0.1261768788099289,0.006771539803594351
202,S3 drying RH -30%,4,-92.45807647705078,1.0152922868728638,-0.07532135397195816,0.034541789442300797,-94.21823120117188,1.174790620803833,-0.09225531667470932,0.04114474356174469,-91.2322998046875,0.3891046345233917,-0.06615983694791794,0.036959607154130936,-90.7622299194336,0.5314179062843323,-0.20918112993240356,0.00849982351064682
202,S3 drying RH -30%,5,-96.28511810302734,0.9329493641853333,-0.1488899439573288,0.025337180122733116,-93.64434814453125,1.1724355220794678,-0.07750408351421356,0.01601243019104004,-82.5757064819336,1.1271950006484985,0.06561991572380066,0.020169951021671295,-91.02191925048828,1.5024282932281494,-0.17266519367694855,0.01392275094985962
202,S3 drying RH -30%,6,-95.14324951171875,1.1196800470352173,-0.12285534292459488,0.03413994237780571,-93.47156524658203,0.27906328439712524,0.040462788194417953,0.014471512287855148,-91.22735595703125,0.7038811445236206,0.0182753074914217,0.011211494915187359,-93.11263275146484,0.9121646285057068,-0.19595421850681305,0.02415398880839348
202,S3 drying RH -30%,7,-93.3293685913086,1.0067285299301147,-0.1219836100935936,0.019855262711644173,-93.00603485107422,0.9466254711151123,0.052510324865579605,0.027909215539693832,-91.80205535888672,0.6537104845046997,-0.03481199964880943,0.021031195297837257,-91.97412109375,1.2823492288589478,-0.100430928170681,0.007841727696359158
202,S3 drying RH -30%,8,-94.2757339477539,0.17534947395324707,-0.1547877937555313,0.041605543345212936,-98.15408325195312,0.5700282454490662,-0.12791495025157928,0.006052254233509302,-91.0896987915039,0.16105593740940094,0.0021386542357504368,0.0038162998389452696,-93.8052978515625,0.5154449939727783,0.012224177829921246,0.008628752082586288
202,S3 drying RH -30%,9,-95.60580444335938,1.7061148881912231,-0.13049016892910004,0.012678916566073895,-94.13848114013672,0.373493492603302,0.038688741624355316,0.03586013615131378,-83.7333755493164,0.39179253578186035,0.2007768154144287,0.038195833563804626,-87.0329360961914,2.035076141357422,-0.04183092713356018,0.03357036039233208
202,S3 drying RH -30%,10,-95.46685791015625,0.61483234167099,-0.17971467971801758,0.015170888975262642,-92.58399200439453,0.5031949281692505,-0.037430305033922195,0.03822993114590645,-91.9508056640625,0.41108548641204834,-0.020251134410500526,0.02055450901389122,-93.69921112060547,1.1293790340423584,-0.19392931461334229,0.016423353925347328
202,S3 drying RH -30%,11,-89.73214721679688,2.31832218170166,-0.05466474965214729,0.017118293792009354,-93.69965362548828,0.8827317357063293,-0.0785076767206192,0.042040761560201645,-92.13423919677734,0.661426305770874,-0.0056228614412248135,0.030296849086880684,-90.021728515625,0.7531169652938843,-0.18376755714416504,0.019066765904426575
202,S3 drying RH -30%,12,-91.61861419677734,1.8197684288024902,-0.10346720367670059,0.02410702407360077,-99.38932037353516,0.7873850464820862,-0.07985671609640121,0.02369881048798561,-93.35388946533203,0.7353918552398682,-0.02877812832593918,0.020656470209360123,-93.58792114257812,0.8449440002441406,-0.10050598531961441,0.01774764060974121
202,S3 drying RH -30%,13,-93.30931854248047,0.9846592545509338,-0.0871230959892273,0.004306337330490351,-93.92594146728516,1.2824491262435913,-0.039690613746643066,0.018768656998872757,-87.27635955810547,0.7987270355224609,0.10945316404104233,0.03453205153346062,-90.8017578125,1.3681931495666504,-0.25324568152427673,0.01411200687289238
202,S3 drying RH -30%,14,-76.32115936279297,0.3791625499725342,0.05720754340291023,0.022423338145017624,-68.74746704101562,1.361935019493103,0.1688266396522522,0.028682485222816467,-79.78633117675781,1.1881436109542847,0.20239609479904175,0.03047359362244606,-73.67073822021484,1.9196964502334595,0.37796521186828613,0.02367422915995121
202,S3 drying RH -30%,15,-94.46744537353516,1.374985694885254,-0.03180209919810295,0.008443539030849934,-92.5640869140625,0.5934135913848877,0.005505750421434641,0.04374475032091141,-83.67779541015625,1.9834927320480347,0.20737296342849731,0.033609166741371155,-93.672607421875,0.7052901983261108,0.048925939947366714,0.01423824392259121
202,S3 drying RH -30%,16,-93.56658172607422,0.35912638902664185,-0.14086218178272247,0.027747979387640953,-98.44950103759766,0.2753431499004364,-0.12848645448684692,0.006918380968272686,-90.9834976196289,0.2653398811817169,0.05902653932571411,0.022117581218481064,-92.3895492553711,1.9117926359176636,-0.05801072344183922,0.01929328218102455
202,S3 drying RH -30%,17,-94.5330581665039,1.2158141136169434,-0.14542464911937714,0.051996760070323944,-95.31658935546875,0.5221391916275024,-0.05024845898151398,0.006553218699991703,-82.7857894897461,0.46323466300964355,0.08628576248884201,0.02800043299794197,-90.28363800048828,1.6152479648590088,-0.17601005733013153,0.017640268430113792
202,S3 drying RH -30%,18,-74.65689086914062,0.7866417169570923,0.29429158568382263,0.048452623188495636,-82.80512237548828,2.0491490364074707,0.3533266484737396,0.0438704676926136,-72.55757904052734,2.3569648265838623,0.2899782955646515,0.012625272385776043,-79.8931655883789,1.933910608291626,0.12943480908870697,0.019140038639307022
202,S3 drying RH -30%,19,-93.61872100830078,1.349765419960022,0.042910147458314896,0.016424510627985,-91.0525894165039,1.3999754190444946,0.04459281638264656,0.03192233294248581,-92.56161499023438,0.5266478061676025,0.03276261314749718,0.045196760445833206,-93.3109130859375,0.39897042512893677,-0.038180459290742874,0.03720778971910477
202,S3 drying RH -30%,20,-89.87166595458984,1.095452070236206,0.02409130334854126,0.011860383674502373,-94.02965545654297,2.08851957321167,0.03651249036192894,0.007632038556039333,-91.1302490234375,1.0298793315887451,-0.022632822394371033,0.034599192440509796,-93.06795501708984,0.8121723532676697,-0.03785640001296997,0.011404539458453655
202,S3 drying RH -30%,21,-92.13834381103516,0.39226627349853516,-0.0936647281050682,0.00892665982246399,-94.4523696899414,0.3674055337905884,0.14700661599636078,0.05002117156982422,-90.61182403564453,0.5395886301994324,0.05894758179783821,0.011296773329377174,-87.05795288085938,0.4444114863872528,0.0267931055277586,0.03154115378856659
202,S4 rain-out,0,-91.75900268554688,1.1412091255187988,-0.002152472734451294,0.02388748712837696,-95.93907928466797,0.5924640893936157,-0.10110998153686523,0.020258251577615738,-88.7703628540039,0.42492377758026123,0.08524235337972641,0.009242042899131775,-88.55093383789062,1.5433298349380493,0.08428812772035599,0.034666649997234344
202,S4 rain-out,1,-73.85578155517578,1.4106688499450684,0.3476651906967163,0.07679445296525955,-73.0199966430664,2.2059340476989746,0.3337486684322357,0.039185505360364914,-69.99018096923828,1.868292212486267,0.2887927293777466,0.012649407610297203,-75.69788360595703,1.4501020908355713,0.21497778594493866,0.04901045933365822
202,S4 rain-out,2,-93.0576400756836,2.2904906272888184,0.017077313736081123,0.0049857161939144135,-91.2131118774414,0.8883301615715027,0.032159123569726944,0.020422426983714104,-84.6864242553711,0.9862567186355591,0.1603560447692871,0.028363293036818504,-85.82403564453125,2.69403338432312,-0.06710883975028992,0.033375535160303116
202,S4 rain-out,3,-90.93030548095703,1.5016272068023682,-0.005471967160701752,0.01585766300559044,-88.31714630126953,0.5509794354438782,0.07231781631708145,0.028068847954273224,-84.86028289794922,0.9982542991638184,0.08952149748802185,0.012473617680370808,-89.6212387084961,1.332271933555603,-0.04617961868643761,0.010460305958986282
202,S4 rain-out,4,-91.67742919921875,0.8973713517189026,-0.048817943781614304,0.02291414700448513,-94.21744537353516,1.5908461809158325,-0.01686251536011696,0.014505574479699135,-90.23550415039062,0.7406589388847351,0.08061175793409348,0.04646068066358566,-89.95694732666016,0.8034367561340332,-0.04904741048812866,0.043493226170539856
202,S4 rain-out,5,-94.9278564453125,1.2433806657791138,0.0031031090766191483,0.018935535103082657,-91.8421630859375,0.7664357423782349,-0.043689072132110596,0.006183740217238665,-85.09050750732422,0.5401868224143982,0.06081109121441841,0.007860429584980011,-90.42040252685547,1.3066257238388062,-0.15646477043628693,0.018746716901659966
202,S4 rain-out,6,-93.078125,0.7174950838088989,-0.03089737333357334,0.0151353245601058,-93.14617919921875,0.08989161998033524,-0.037129852920770645,0.01862366497516632,-90.81749725341797,1.2065191268920898,-0.02363612689077854,0.009947435930371284,-93.44061279296875,1.0061758756637573,-0.21229811012744904,0.019205069169402122
202,S4 rain-out,7,-88.00435638427734,2.25923228263855,0.056891027837991714,0.0213213711977005,-92.82073974609375,1.1942307949066162,0.1272965669631958,0.029907263815402985,-90.43413543701172,0.7984628081321716,0.04771479591727257,0.04169797897338867,-89.19092559814453,0.6360361576080322,-0.02719917893409729,0.024154920130968094
202,S4 rain-out,8,-92.74468994140625,0.4968821406364441,0.075653575360775,0.023037990555167198,-93.0367202758789,0.23765085637569427,-0.008182835765182972,0.02796897292137146,-90.5831069946289,0.40259668231010437,0.06990919262170792,0.007111530750989914,-91.81444549560547,1.1039948463439941,0.03661947324872017,0.03959885612130165
202,S4 rain-out,9,-95.243408203125,1.7550032138824463,-0.05162828043103218,0.02702842280268669,-86.23445892333984,1.4052338600158691,0.13494814932346344,0.015013379044830799,-84.32123565673828,0.4601799547672272,0.2124987095594406,0.023417683318257332,-86.3002700805664,1.6339356899261475,-0.06329568475484848,0.03349719196557999
202,S4 rain-out,10,-95.0445785522461,0.9189803004264832,-0.09703969210386276,0.020425744354724884,-93.2159652709961,0.4496205151081085,-0.019808275625109673,0.023720944300293922,-91.501953125,0.8190913200378418,8.73894096002914e-05,0.008336859755218029,-92.84970092773438,0.8750052452087402,-0.17278772592544556,0.011159701272845268
202,S4 rain-out,11,-89.87398529052734,1.8001890182495117,0.029664216563105583,0.0012250777799636126,-94.15050506591797,1.3701732158660889,-0.06485211104154587,0.03044675476849079,-92.7757568359375,0.5431365966796875,-0.014986551366746426,0.018530728295445442,-92.13297271728516,0.13382241129875183,-0.1647171825170517,0.0062269968912005424
202,S4 rain-out,12,-91.81616973876953,0.7731815576553345,-0.028233332559466362,0.013374514877796173,-99.20809173583984,0.7400797009468079,-0.10168832540512085,0.030512748286128044,-92.5143051147461,0.8486328721046448,0.015516594052314758,0.02922752872109413,-91.6419677734375,1.4131659269332886,-0.05646802857518196,0.014889631420373917
202,S4 rain-out,13,-94.32781982421875,1.5426887273788452,0.02007385343313217,0.003162162145599723,-92.63375091552734,0.24166271090507507,0.07829388231039047,0.007192768156528473,-87.29971313476562,0.6964993476867676,0.09852805733680725,0.022690318524837494,-89.98332977294922,1.2745875120162964,-0.21076129376888275,0.00884031131863594
202,S4 rain-out,14,-74.7744140625,2.1145124435424805,0.09649936109781265,0.011469616554677486,-70.59639739990234,1.012939453125,0.348522812128067,0.021719498559832573,-76.8109359741211,2.1928343772888184,0.26132306456565857,0.03589073568582535,-74.4383316040039,3.021190643310547,0.35932955145835876,0.016163267195224762
202,S4 rain-out,15,-91.03755950927734,2.564704179763794,0.03820957615971565,0.005950661841779947,-85.73661041259766,0.5028743147850037,0.09974124282598495,0.021083876490592957,-85.78768157958984,1.9759414196014404,0.2065172642469406,0.014569338411092758,-90.57843780517578,2.425654411315918,0.11602535843849182,0.04212474450469017
202,S4 rain-out,16,-94.01045989990234,0.08525355905294418,-0.13465309143066406,0.03394589200615883,-99.18143463134766,0.5189595222473145,-0.1392149031162262,0.012690546922385693,-90.03968048095703,0.46527379751205444,0.06660521030426025,0.009875165298581123,-91.51371002197266,0.9086934924125671,0.010111029259860516,0.02072223089635372
202,S4 rain-out,17,-95.22896575927734,1.3759863376617432,-0.08253797888755798,0.05382546782493591,-92.22738647460938,1.058936595916748,-0.04879208281636238,0.0186260174959898,-83.06354522705078,0.6871980428695679,0.1770908683538437,0.024861156940460205,-88.888427734375,1.7771140336990356,-0.053537722676992416,0.014678037725389004
202,S4 rain-out,18,-76.91656494140625,2.4581351280212402,0.39616239070892334,0.0648987889289856,-83.76874542236328,1.147457242012024,0.29929980635643005,0.010160395875573158,-71.6722640991211,1.5835179090499878,0.29610010981559753,0.014837791211903095,-77.90296173095703,1.8620749711990356,0.1984049528837204,0.019770825281739235
202,S4 rain-out,19,-92.33386993408203,1.4781399965286255,0.11501115560531616,0.028759727254509926,-83.8381118774414,1.2838294506072998,0.08641713112592697,0.021612871438264847,-89.16785430908203,1.0140445232391357,0.08919339627027512,0.03891561180353165,-91.74475860595703,0.3707636296749115,-0.005571708083152771,0.030024776235222816
202,S4 rain-out,20,-86.24530029296875,1.115781545639038,0.20689868927001953,0.042416855692863464,-90.85944366455078,3.050901412963867,0.10657607764005661,0.04935368895530701,-90.54476928710938,1.073347568511963,-0.03745071217417717,0.03628477454185486,-92.82745361328125,0.5406272411346436,-0.08471354097127914,0.016918914392590523
202,S4 rain-out,21,-90.7226333618164,1.0444862842559814,0.04655163362622261,0.03258926048874855,-91.23043060302734,0.9208558201789856,0.13786804676055908,0.04276856780052185,-91.30912017822266,0.2615692913532257,0.06311707943677902,0.04861006513237953,-86.75554656982422,0.3769121766090393,0.016651267185807228,0.018333828076720238
202,S5 deep drought,0,-91.10684967041016,1.361856460571289,-0.03864708170294762,0.007736457046121359,-95.5123062133789,0.4422917664051056,-0.09331116825342178,0.027347160503268242,-88.48208618164062,0.7411045432090759,0.12118411064147949,0.007129703648388386,-88.54737091064453,1.2121100425720215,0.06964147090911865,0.044403959065675735
202,S5 deep drought,1,-70.18523406982422,0.7936604022979736,0.3210408389568329,0.06602545827627182,-73.83756256103516,1.9978035688400269,0.3134189546108246,0.019203005358576775,-71.41323852539062,1.7233878374099731,0.24425069987773895,0.001285548321902752,-75.64250946044922,0.6865782141685486,0.22146236896514893,0.05278751999139786
202,S5 deep drought,2,-90.65093231201172,1.8356566429138184,0.12650097906589508,0.015608569607138634,-91.89166259765625,0.6450555920600891,0.09865926951169968,0.0033756685443222523,-85.53206634521484,1.6318196058273315,0.1043730154633522,0.016926929354667664,-86.163330078125,2.536238670349121,-0.05935314670205116,0.0390898697078228
202,S5 deep drought,3,-91.0923080444336,0.8105302453041077,-0.021393677219748497,0.036654841154813766,-90.32584381103516,0.8804596066474915,0.056843068450689316,0.02506342902779579,-86.6820297241211,1.9061468839645386,0.06664944440126419,0.004673095885664225,-90.72527313232422,1.717735767364502,-0.10709532350301743,0.018896620720624924
202,S5 deep drought,4,-92.40921783447266,0.6411064863204956,-0.06130892038345337,0.0367264486849308,-94.0960464477539,1.070842981338501,-0.028462817892432213,0.028245965018868446,-91.8565444946289,0.408599317073822,-0.011573721654713154,0.023323317989706993,-90.8315658569336,0.5369774103164673,-0.13554592430591583,0.010866561904549599
202,S5 deep drought,5,-93.10480499267578,2.495039463043213,-0.09844430536031723,0.04165869951248169,-92.9193344116211,0.9442561268806458,-0.06702228635549545,0.02206742763519287,-86.4157943725586,2.0104098320007324,0.08441583067178726,0.008930862881243229,-89.97406768798828,2.1167404651641846,-0.16332444548606873,0.015359272249042988
202,S5 deep drought,6,-94.77095794677734,0.4957500696182251,-0.04983943700790405,0.014134603552520275,-93.46883392333984,0.29851123690605164,0.057228099554777145,0.01790693588554859,-91.81546783447266,0.4779774844646454,0.008117574267089367,0.01298762671649456,-92.0036849975586,0.8377889394760132,-0.1872182935476303,0.01476880069822073
202,S5 deep drought,7,-92.9358139038086,1.321342945098877,-0.02837185561656952,0.0192934088408947,-92.52310943603516,1.0214190483093262,0.11349878460168839,0.049968570470809937,-91.83605194091797,0.6514980792999268,0.025859734043478966,0.047729264944791794,-92.10882568359375,1.4009618759155273,-0.07972054928541183,0.027938980609178543
202,S5 deep drought,8,-92.99259185791016,0.47047242522239685,-0.012912057340145111,0.028764275833964348,-95.72551727294922,0.6867445707321167,-0.0666489377617836,0.011339323595166206,-91.15254974365234,0.42893412709236145,0.06796634197235107,0.012409769929945469,-89.80590057373047,1.092172384262085,0.05992211773991585,0.028260933235287666
202,S5 deep drought,9,-95.52692413330078,0.9286019802093506,-0.04895668104290962,0.0009233346208930016,-90.15664672851562,1.6436080932617188,0.10163834691047668,0.028692223131656647,-83.4572982788086,0.49488335847854614,0.2086365818977356,0.01766742207109928,-88.77136993408203,1.5088796615600586,-0.15125133097171783,0.016164496541023254
202,S5 deep drought,10,-94.93624877929688,0.5882392525672913,-0.06791467219591141,0.017716338858008385,-92.5398941040039,0.4426611065864563,-0.02900690771639347,0.016974277794361115,-92.61959075927734,0.1919843852519989,0.013090036809444427,0.004525063559412956,-92.46441650390625,0.8875052332878113,-0.16707853972911835,0.018234821036458015
202,S5 deep drought,11,-89.87850952148438,1.444874882698059,-0.025496162474155426,0.017720993608236313,-93.53350830078125,0.8731743693351746,-0.06487412005662918,0.028245210647583008,-92.60245513916016,0.6502615809440613,0.04582497477531433,0.026958120986819267,-89.1222152709961,1.0628474950790405,-0.16116338968276978,0.03665296360850334
202,S5 deep drought,12,-92.41192626953125,0.25897008180618286,-0.050217803567647934,0.01955452747642994,-98.8667984008789,0.44424131512641907,-0.07729431241750717,0.024172456935048103,-92.98493194580078,0.9629374742507935,-0.01694517396390438,0.022069724276661873,-92.9582748413086,0.9231476783752441,-0.09757255762815475,0.027068395167589188
202,S5 deep drought,13,-93.3257064819336,0.67020583152771,-0.0039573307149112225,0.019062580540776253,-93.50540924072266,0.9084444642066956,-0.03909879922866821,0.018185283988714218,-87.66830444335938,0.7984135150909424,0.09628888219594955,0.021034257486462593,-90.482666015625,1.142961025238037,-0.24361248314380646,0.015673795714974403
202,S5 deep drought,14,-72.7593994140625,2.4411442279815674,0.1150897815823555,0.01247501838952303,-68.77597045898438,1.6955528259277344,0.21863806247711182,0.006158135831356049,-79.51900482177734,1.8249716758728027,0.2117890566587448,0.03053598292171955,-71.81413269042969,1.992658019065857,0.3958340585231781,0.013670764863491058
202,S5 deep drought,15,-91.4875717163086,1.7528612613677979,0.04914388060569763,0.002493832027539611,-86.25817108154297,1.6050162315368652,0.09010637551546097,0.04132600501179695,-86.48511505126953,1.5623620748519897,0.2004338651895523,0.015401778742671013,-89.83753204345703,1.8586300611495972,0.09470358490943909,0.0398833267390728
202,S5 deep drought,16,-93.6379165649414,0.4021996259689331,-0.14335858821868896,0.028278518468141556,-98.12590789794922,0.36838844418525696,-0.12906117737293243,0.006311952602118254,-89.75579833984375,0.2816300690174103,0.09170663356781006,0.040802501142024994,-88.10376739501953,1.6439576148986816,-0.004146883729845285,0.02071700245141983
202,S5 deep drought,17,-94.05179595947266,1.0876904726028442,-0.13613058626651764,0.04819050431251526,-92.2293930053711,0.14972612261772156,-0.04823203384876251,0.008149819448590279,-82.46781158447266,0.6703658103942871,0.09893402457237244,0.025397958233952522,-91.42214965820312,1.1980717182159424,-0.18717657029628754,0.044152189046144485
202,S5 deep drought,18,-73.54972076416016,1.5582765340805054,0.2785038352012634,0.05696389451622963,-82.94921112060547,2.2997941970825195,0.32967278361320496,0.028360582888126373,-70.88839721679688,0.7985162734985352,0.2746065855026245,0.021002091467380524,-79.2840805053711,1.8146172761917114,0.1449510008096695,0.004687660373747349
202,S5 deep drought,19,-90.63890838623047,1.439681887626648,0.05602032318711281,0.01951613277196884,-87.9202880859375,0.8217538595199585,0.15127138793468475,0.024378245696425438,-93.039306640625,1.3873748779296875,0.0433536171913147,0.04272717237472534,-92.7146987915039,0.770190954208374,-0.05258322134613991,0.03602266311645508
202,S5 deep drought,20,-85.51907348632812,1.0945720672607422,0.173064187169075,0.009183093905448914,-94.17786407470703,2.071162223815918,0.12145958095788956,0.04118313267827034,-91.53787231445312,1.2948423624038696,-0.02656012959778309,0.035849083214998245,-91.87442779541016,1.0051753520965576,-0.031479790806770325,0.013278158381581306
202,S5 deep drought,21,-91.7933349609375,0.1305583268404007,-0.013166931457817554,0.025827499106526375,-90.33712005615234,0.29977095127105713,0.2156664878129959,0.04334953799843788,-90.3463134765625,0.18321380019187927,0.053545523434877396,0.014814179390668869,-87.52374267578125,0.6159725785255432,-0.10080826282501221,0.008918702602386475
202,S6 relocate: high-relief,0,-91.503173828125,1.3504834175109863,-0.012566392309963703,0.025285128504037857,-96.2514419555664,0.5041436553001404,-0.17091120779514313,0.006449020933359861,-88.46054077148438,0.2656216025352478,0.04870380461215973,0.004340566229075193,-87.1753158569336,1.4805723428726196,0.1015075147151947,0.030560221523046494
202,S6 relocate: high-relief,1,-70.92833709716797,0.2678290605545044,0.28361940383911133,0.05814322084188461,-74.01879119873047,2.02811598777771,0.2620616853237152,0.013237355276942253,-71.42050170898438,1.4547227621078491,0.1991528868675232,0.017439523711800575,-74.3953628540039,1.566684365272522,0.22040952742099762,0.059552308171987534
202,S6 relocate: high-relief,2,-91.88165283203125,1.9833760261535645,0.11789586395025253,0.008810102008283138,-90.8213882446289,1.042776346206665,0.026441073045134544,0.029609590768814087,-85.36981964111328,0.987645149230957,0.07898933440446854,0.025415292009711266,-85.5143051147461,2.139191150665283,-0.0654967650771141,0.03923985734581947
202,S6 relocate: high-relief,3,-91.9488754272461,0.8566478490829468,-0.0133517449721694,0.03092135116457939,-88.64144134521484,1.090703010559082,0.014253332279622555,0.027413969859480858,-85.51235961914062,1.1698380708694458,0.004436632618308067,0.011967314407229424,-89.93572998046875,1.3163154125213623,-0.1145562157034874,0.01842409372329712
202,S6 relocate: high-relief,4,-92.74573516845703,1.1125456094741821,-0.08733715862035751,0.021897461265325546,-94.1361312866211,1.1586660146713257,-0.10051727294921875,0.013854722492396832,-91.56623077392578,0.8969588279724121,-0.024924030527472496,0.050473473966121674,-89.23819732666016,1.1902133226394653,-0.08320719748735428,0.029942551627755165
202,S6 relocate: high-relief,5,-94.96581268310547,1.107656717300415,-0.05470126494765282,0.008290456607937813,-91.92792510986328,0.6601342558860779,-0.10994402319192886,0.009154340252280235,-85.81859588623047,0.38296905159950256,-0.00018613396969158202,0.009678008034825325,-90.37808227539062,1.4173252582550049,-0.22521787881851196,0.007877918891608715
202,S6 relocate: high-relief,6,-93.77753448486328,0.7184337973594666,-0.04659685865044594,0.009390856139361858,-94.01891326904297,0.678544282913208,-0.046676989644765854,0.020767858251929283,-91.35335540771484,0.8190836310386658,-0.07583905756473541,0.020023874938488007,-92.46707153320312,0.8976724743843079,-0.23825304210186005,0.017549360170960426
202,S6 relocate: high-relief,7,-89.11310577392578,2.0544519424438477,0.009112169034779072,0.009116004221141338,-92.75341796875,1.109626054763794,0.07483892887830734,0.04466220363974571,-92.02799224853516,0.9017337560653687,-0.06202077865600586,0.037628114223480225,-89.95571899414062,1.086382269859314,-0.052638571709394455,0.005809698719531298
202,S6 relocate: high-relief,8,-92.76134490966797,0.5884270071983337,0.03884558752179146,0.030836034566164017,-93.15206146240234,0.2659316956996918,-0.06508578360080719,0.03759218752384186,-91.23696899414062,0.12427441030740738,0.01664946973323822,0.010692535899579525,-91.29364013671875,1.0071691274642944,0.03210408613085747,0.021963832899928093
202,S6 relocate: high-relief,9,-95.55976104736328,1.622696042060852,-0.03820404037833214,0.010273739695549011,-87.20183563232422,1.842182993888855,0.060704126954078674,0.04223121330142021,-84.43193817138672,0.41618579626083374,0.13131020963191986,0.02835448645055294,-84.82207489013672,1.315356969833374,-0.06829103827476501,0.0226010512560606
202,S6 relocate: high-relief,10,-94.6376953125,0.6711300015449524,-0.033470530062913895,0.02625354565680027,-93.48551177978516,0.4520348012447357,-0.06661523133516312,0.022545401006937027,-92.4625244140625,0.5268920063972473,-0.059478193521499634,0.0037852718960493803,-91.9078369140625,0.8499080538749695,-0.18019038438796997,0.011762802489101887
202,S6 relocate: high-relief,11,-89.80035400390625,1.5871542692184448,0.02357134409248829,0.01994488202035427,-93.93795013427734,1.1500388383865356,-0.14213986694812775,0.008830435574054718,-92.724853515625,0.05361064523458481,-0.056412022560834885,0.022028647363185883,-88.31249237060547,1.3312360048294067,-0.1288014054298401,0.026700174435973167
202,S6 relocate: high-relief,12,-92.4501724243164,0.29538577795028687,-0.08099409192800522,0.02207540161907673,-98.91349029541016,0.6281028389930725,-0.16193364560604095,0.046629153192043304,-93.42669677734375,0.6130710244178772,-0.05261145904660225,0.019146021455526352,-92.3210678100586,0.6902197003364563,-0.08248966932296753,0.008386113680899143
202,S6 relocate: high-relief,13,-93.70580291748047,0.87355637550354,0.027434907853603363,0.02497401274740696,-93.3480453491211,0.2440950870513916,-0.07033699750900269,0.045965392142534256,-87.56494140625,0.7430230379104614,0.028191357851028442,0.024206846952438354,-89.20484161376953,1.0872389078140259,-0.23821336030960083,0.014982945285737514
202,S6 relocate: high-relief,14,-73.0907974243164,1.783115267753601,0.14763565361499786,0.008144611492753029,-68.70816802978516,1.0028482675552368,0.21349100768566132,0.022386033087968826,-78.76605987548828,1.7856934070587158,0.15948529541492462,0.038320932537317276,-71.9023666381836,2.011050224304199,0.35474660992622375,0.007727263495326042
202,S6 relocate: high-relief,15,-91.14505004882812,2.3025426864624023,0.02012629248201847,0.007318689953535795,-85.64789581298828,0.9792516827583313,0.030135460197925568,0.05040237307548523,-86.27558135986328,1.029386043548584,0.17348246276378632,0.0396319180727005,-91.01153564453125,1.9366958141326904,0.05730420723557472,0.01612967438995838
202,S6 relocate: high-relief,16,-94.3860855102539,0.37948986887931824,-0.1901789754629135,0.025755522772669792,-98.79959106445312,0.2983439564704895,-0.19488929212093353,0.03178957477211952,-90.3267822265625,0.5000469088554382,0.0246510598808527,0.013982866890728474,-90.38237762451172,1.7665444612503052,0.004318028222769499,0.016203265637159348
202,S6 relocate: high-relief,17,-95.7539291381836,0.9638630151748657,-0.043381039053201675,0.039813872426748276,-91.7763671875,0.7487896084785461,-0.06951189786195755,0.003981161396950483,-82.64854431152344,0.30037084221839905,0.09053179621696472,0.01764523983001709,-88.4836196899414,1.1749770641326904,-0.07198023796081543,0.020865535363554955
202,S6 relocate: high-relief,18,-76.62519073486328,1.8041988611221313,0.26688313484191895,0.04265620931982994,-84.64983367919922,2.6803250312805176,0.2368987649679184,0.013894570991396904,-71.3424072265625,1.035068154335022,0.23498962819576263,0.009714657440781593,-78.27558135986328,1.9931458234786987,0.1561218500137329,0.04407987743616104
202,S6 relocate: high-relief,19,-90.5125732421875,1.682999849319458,0.11686613410711288,0.026318611577153206,-83.78942108154297,1.5728685855865479,0.036723461002111435,0.005037295166403055,-90.11495971679688,1.1353815793991089,0.007544966414570808,0.034143343567848206,-91.3580322265625,1.007942795753479,-0.05060910806059837,0.03261306881904602
202,S6 relocate: high-relief,20,-86.05584716796875,1.1419625282287598,0.2091842144727707,0.04538128525018692,-91.91632080078125,3.132375717163086,0.06688014417886734,0.05622797831892967,-91.20792388916016,1.0751280784606934,-0.11337443441152573,0.0334019660949707,-92.54877471923828,0.574019193649292,-0.12063387781381607,0.007956585846841335
202,S6 relocate: high-relief,21,-90.2360610961914,1.3898102045059204,-0.0029764596838504076,0.031760118901729584,-92.5027084350586,0.9699827432632446,0.12690526247024536,0.04243377596139908,-90.9779281616211,0.24655085802078247,0.028873777016997337,0.032381877303123474,-85.0821304321289,0.34895074367523193,-0.007336012553423643,0.015563840977847576
202,S7 compound extreme,0,-93.89104461669922,0.9085292220115662,-0.0981035828590393,0.012441008351743221,-98.96170806884766,1.3219096660614014,-0.14665620028972626,0.02178271673619747,-90.52054595947266,1.0085445642471313,0.044196825474500656,0.011051042936742306,-94.43701934814453,0.3349827229976654,-0.021802498027682304,0.03220786899328232
202,S7 compound extreme,1,-76.3790283203125,0.9584631323814392,0.2574412524700165,0.03894268348813057,-84.24100494384766,1.6755249500274658,0.14567039906978607,0.030743177980184555,-69.93707275390625,3.462374687194824,0.13415201008319855,0.04660673439502716,-75.97803497314453,0.7379443645477295,0.020041240379214287,0.04587101563811302
202,S7 compound extreme,2,-95.90001678466797,1.5255409479141235,-0.13312573730945587,0.036396753042936325,-97.49323272705078,1.0822759866714478,-0.1219373270869255,0.027936452999711037,-80.55286407470703,1.7763805389404297,0.08455115556716919,0.03580007702112198,-88.8095703125,1.950387954711914,-0.18464569747447968,0.03452087938785553
202,S7 compound extreme,3,-93.9858627319336,0.779320478439331,-0.215603768825531,0.03312211483716965,-94.69754028320312,1.614661693572998,-0.16171611845493317,0.025769051164388657,-82.85157012939453,1.2226020097732544,0.005337064620107412,0.02170383743941784,-91.62286376953125,1.656965970993042,-0.19463665783405304,0.04150081053376198
202,S7 compound extreme,4,-92.90973663330078,1.654646396636963,-0.1363649070262909,0.050254009664058685,-95.4746322631836,1.3856624364852905,-0.11758321523666382,0.034391630440950394,-91.72604370117188,0.4264390170574188,-0.06320873647928238,0.026166172698140144,-94.37227630615234,0.4505830705165863,-0.31843769550323486,0.020095039159059525
202,S7 compound extreme,5,-96.21602630615234,1.0186363458633423,-0.2036103457212448,0.03182034566998482,-96.013916015625,0.3686069846153259,-0.16219742596149445,0.02285921759903431,-82.7890625,1.8429571390151978,0.01760324276983738,0.014785852283239365,-91.55057525634766,1.4933394193649292,-0.22589409351348877,0.024874838069081306
202,S7 compound extreme,6,-96.4446792602539,0.6128610372543335,-0.24140127003192902,0.019344182685017586,-94.74398040771484,0.604729413986206,-0.08468849211931229,0.03499693050980568,-91.35250091552734,0.5113456845283508,-0.05681892856955528,0.011699208989739418,-93.6080093383789,0.34253233671188354,-0.21526210010051727,0.02350962534546852
202,S7 compound extreme,7,-93.8823471069336,1.3215794563293457,-0.16360871493816376,0.04362611472606659,-94.34325408935547,0.9737927913665771,-0.08533340692520142,0.04791788011789322,-92.09400177001953,0.7368806600570679,-0.1279410570859909,0.0292345080524683,-93.4779052734375,1.4947295188903809,-0.3266156315803528,0.014804515056312084
202,S7 compound extreme,8,-94.78854370117188,0.1567320078611374,-0.2553534209728241,0.04135352745652199,-99.80347442626953,0.8326469659805298,-0.22386206686496735,0.03256967291235924,-91.70150756835938,1.3532657623291016,-0.1209481731057167,0.020495334640145302,-96.27025604248047,0.24136096239089966,-0.20429003238677979,0.002743668621405959
202,S7 compound extreme,9,-97.1403579711914,0.9373235106468201,-0.2361491322517395,0.023947611451148987,-96.21676635742188,1.2942413091659546,-0.10031816363334656,0.027147654443979263,-83.49117279052734,2.015428066253662,0.08873108774423599,0.06578283756971359,-88.12882232666016,1.6820323467254639,-0.11757292598485947,0.014633302576839924
202,S7 compound extreme,10,-96.39373016357422,0.7444854378700256,-0.2310204952955246,0.025438783690333366,-93.81838989257812,0.9236088991165161,-0.08037400245666504,0.02138620801270008,-92.56509399414062,0.08155003935098648,-0.08202648162841797,0.025118444114923477,-94.55206298828125,0.7358450889587402,-0.22857892513275146,0.025845739990472794
202,S7 compound extreme,11,-93.6511001586914,0.6684267520904541,-0.19207365810871124,0.03871016204357147,-95.07930755615234,1.0779261589050293,-0.23009546101093292,0.0560789629817009,-92.13967895507812,0.6908112168312073,-0.028801897540688515,0.030385682359337807,-91.113037109375,1.3206907510757446,-0.20358431339263916,0.03959536552429199
202,S7 compound extreme,12,-94.67191314697266,0.5737822651863098,-0.2778327167034149,0.037918154150247574,-100.54217529296875,0.44287770986557007,-0.2056252509355545,0.018023870885372162,-91.96320343017578,1.2672531604766846,-0.03618546947836876,0.025881297886371613,-94.5865249633789,1.0744633674621582,-0.16428418457508087,0.013647020794451237
202,S7 compound extreme,13,-94.30689239501953,1.528583288192749,-0.19857370853424072,0.015018127858638763,-96.00142669677734,0.5348142981529236,-0.09855887293815613,0.025739889591932297,-84.24620056152344,1.672885775566101,0.021785713732242584,0.02721433900296688,-91.48278045654297,1.5301917791366577,-0.27817580103874207,0.012077280320227146
202,S7 compound extreme,14,-82.12158966064453,0.5073261260986328,-0.02809002809226513,0.017249636352062225,-83.17440795898438,0.8446953892707825,0.0333731584250927,0.037752460688352585,-80.14237213134766,2.9409687519073486,0.04546533152461052,0.03033038228750229,-66.25305938720703,1.8697417974472046,0.32836660742759705,0.02064426615834236
202,S7 compound extreme,15,-94.75237274169922,1.2048084735870361,-0.1731831282377243,0.02683212235569954,-95.81726837158203,0.5458472371101379,-0.2700045108795166,0.03967992588877678,-86.05648040771484,1.5974739789962769,0.08976971358060837,0.027495162561535835,-94.28592681884766,1.2964433431625366,-0.07872944325208664,0.03421403840184212
202,S7 compound extreme,16,-93.23662567138672,0.9068437218666077,-0.2631278336048126,0.03752116113901138,-101.63643646240234,0.618399441242218,-0.30540570616722107,0.02357727289199829,-90.33971405029297,0.7618579268455505,-0.029290735721588135,0.016802364960312843,-92.6922836303711,1.416156530380249,-0.1894715577363968,0.006565264891833067
202,S7 compound extreme,17,-94.52407836914062,1.5011905431747437,-0.14325234293937683,0.053293246775865555,-97.79106903076172,1.1868513822555542,-0.18027335405349731,0.011325253173708916,-84.04075622558594,1.106247067451477,-0.029440710321068764,0.0024637908209115267,-90.19970703125,1.8911670446395874,-0.24928206205368042,0.029737189412117004
202,S7 compound extreme,18,-81.71627044677734,1.8041014671325684,0.08923301845788956,0.012976662255823612,-81.6603012084961,1.0288968086242676,0.0005196025595068932,0.006800977047532797,-73.82489776611328,2.9052541255950928,0.19698189198970795,0.011298879981040955,-79.89313507080078,2.3959338665008545,0.1552271693944931,0.019225522875785828
202,S7 compound extreme,19,-94.86966705322266,1.0064878463745117,-0.12805740535259247,0.035303499549627304,-93.2629623413086,0.07531146705150604,-0.07877454906702042,0.03521868214011192,-93.00188446044922,0.6261982917785645,-0.031125128269195557,0.032271504402160645,-95.1364974975586,0.2439836859703064,-0.12933868169784546,0.02263718843460083
202,S7 compound extreme,20,-90.41718292236328,1.409227967262268,-0.1995372772216797,0.022678816691040993,-94.81464385986328,1.7695002555847168,-0.04096011072397232,0.01288444921374321,-90.17060089111328,1.346081018447876,-0.09030476957559586,0.03472307324409485,-94.58023834228516,0.54036945104599,-0.12767337262630463,0.010746906511485577
202,S7 compound extreme,21,-95.17803955078125,0.42328235507011414,-0.19132257997989655,0.02204234153032303,-94.62601470947266,0.3309009373188019,-0.03456367179751396,0.035153087228536606,-90.78510284423828,0.19944408535957336,-0.04116157069802284,0.016526564955711365,-87.89269256591797,0.49789518117904663,0.0391802079975605,0.01500376034528017
202,S8 pyro-feedback ON,0,-91.00064849853516,1.4600602388381958,0.004815463442355394,0.030091000720858574,-96.093505859375,0.42219120264053345,-0.0858289897441864,0.022296246141195297,-87.98675537109375,0.10613761097192764,0.12842288613319397,0.006229923106729984,-87.63091278076172,1.5122209787368774,0.10270467400550842,0.029598917812108994
202,S8 pyro-feedback ON,1,-70.34236907958984,0.5953420996665955,0.32590389251708984,0.06817180663347244,-73.7922134399414,2.0386927127838135,0.31768691539764404,0.01811422035098076,-71.11636352539062,1.5746484994888306,0.2774650752544403,0.01633566990494728,-74.06008911132812,0.9895245432853699,0.2349054366350174,0.06004020944237709
202,S8 pyro-feedback ON,2,-91.5099868774414,2.0314652919769287,0.1328931748867035,0.011796239763498306,-90.67861938476562,1.0851973295211792,0.1204751506447792,0.015185346826910973,-85.21013641357422,1.1433775424957275,0.1405789852142334,0.03603988513350487,-85.7505874633789,2.202199935913086,-0.0505811870098114,0.041322093456983566
202,S8 pyro-feedback ON,3,-89.5637435913086,1.9539297819137573,0.07082800567150116,0.02640332467854023,-87.8939437866211,1.338250756263733,0.2016492486000061,0.007252809125930071,-85.05542755126953,0.9829400181770325,0.08347872644662857,0.011925273574888706,-90.31108856201172,1.5782517194747925,-0.10789668560028076,0.013533912599086761
202,S8 pyro-feedback ON,4,-91.95770263671875,1.087875247001648,-0.05833430215716362,0.02291230484843254,-93.9887466430664,1.2020840644836426,-0.010363500565290451,0.010847239755094051,-91.00051879882812,0.6406110525131226,0.07869324833154678,0.049048710614442825,-89.49325561523438,1.0270445346832275,-0.08168292790651321,0.031629618257284164
202,S8 pyro-feedback ON,5,-94.58761596679688,1.4020990133285522,-0.016116967424750328,0.01683240942656994,-91.4770278930664,0.772932231426239,0.06406856328248978,0.014243150129914284,-85.3636474609375,0.9991958141326904,0.057700786739587784,0.007898523472249508,-90.7179183959961,1.5661882162094116,-0.22358562052249908,0.007924557663500309
202,S8 pyro-feedback ON,6,-94.04630279541016,0.6128700375556946,-0.013919604010879993,0.038443997502326965,-91.708740234375,0.08928923308849335,0.09893249720335007,0.005694737192243338,-90.99456787109375,0.9360224008560181,-0.016815684735774994,0.020206209272146225,-92.98480987548828,1.2041505575180054,-0.2178962230682373,0.022390376776456833
202,S8 pyro-feedback ON,7,-88.79056549072266,2.093794107437134,0.031594473868608475,0.005982722155749798,-92.71112060546875,1.1017816066741943,0.1563294529914856,0.056287288665771484,-91.4622802734375,0.5979934930801392,0.03382246196269989,0.038897816091775894,-90.3077621459961,1.0650177001953125,-0.04374593496322632,0.011135839857161045
202,S8 pyro-feedback ON,8,-92.9324722290039,0.39906105399131775,0.06836001574993134,0.023776531219482422,-92.71050262451172,0.41557446122169495,0.02305540256202221,0.0226375050842762,-91.05217742919922,0.5153205990791321,0.09081646054983139,0.0074433800764381886,-91.68303680419922,1.205041527748108,0.03414918854832649,0.01970132812857628
202,S8 pyro-feedback ON,9,-95.39469146728516,1.283065676689148,0.03457355871796608,0.018573002889752388,-86.32949829101562,1.712428331375122,0.16934144496917725,0.02662302367389202,-84.05879974365234,0.5656368732452393,0.20533424615859985,0.03042827732861042,-85.1561279296875,1.5100396871566772,-0.05572117492556572,0.029338782653212547
202,S8 pyro-feedback ON,10,-94.92325592041016,0.7261131405830383,-0.011197786778211594,0.029456814751029015,-91.87246704101562,0.22287291288375854,0.03490713983774185,0.026856565847992897,-92.27593994140625,0.47450879216194153,0.0026478420477360487,0.006403572391718626,-92.4131851196289,0.8844223618507385,-0.1768757849931717,0.024973902851343155
202,S8 pyro-feedback ON,11,-89.80200958251953,1.5210050344467163,0.020438410341739655,0.019594162702560425,-93.5200424194336,0.9124078750610352,-0.053218673914670944,0.04236992076039314,-92.30753326416016,0.4201752245426178,0.03697516396641731,0.02830878645181656,-88.55615997314453,1.192928671836853,-0.12547148764133453,0.027145802974700928
202,S8 pyro-feedback ON,12,-91.94927215576172,0.5453184247016907,-0.04138330742716789,0.020832374691963196,-98.94390106201172,0.41279128193855286,-0.07633719593286514,0.03526579588651657,-92.9673843383789,0.9620223045349121,0.009446917101740837,0.01998048648238182,-92.70465087890625,0.8940001130104065,-0.08324816823005676,0.011660045944154263
202,S8 pyro-feedback ON,13,-94.01385498046875,0.6221154928207397,0.05335782840847969,0.013106155209243298,-92.45758819580078,0.35852012038230896,0.04208347201347351,0.026275912299752235,-87.66104125976562,0.8111282587051392,0.09067008644342422,0.026039300486445427,-89.3270492553711,1.3556197881698608,-0.22035694122314453,0.008298514410853386
202,S8 pyro-feedback ON,14,-73.5567626953125,2.142091989517212,0.15211831033229828,0.0032001647632569075,-68.03710174560547,1.090942144393921,0.2651665210723877,0.010325233452022076,-78.36676788330078,2.0753419399261475,0.2586977779865265,0.03780314326286316,-71.8540267944336,1.9353996515274048,0.37834593653678894,0.01470709964632988
202,S8 pyro-feedback ON,15,-90.85665130615234,2.2835986614227295,0.04511946812272072,0.0058899386785924435,-85.60135650634766,0.8554403185844421,0.12152060866355896,0.04911821708083153,-86.2920913696289,1.807572603225708,0.2554018199443817,0.03541732579469681,-91.4223403930664,2.1753978729248047,0.06082728132605553,0.01951422356069088
202,S8 pyro-feedback ON,16,-93.6887435913086,0.059248462319374084,-0.14236199855804443,0.041512005031108856,-98.57146453857422,0.2259657084941864,-0.12113694101572037,0.0012095284182578325,-89.92887115478516,0.1338067203760147,0.10597735643386841,0.011616279371082783,-90.4681167602539,1.6383908987045288,0.008260059170424938,0.017945008352398872
202,S8 pyro-feedback ON,17,-94.5690689086914,1.0456641912460327,-0.031407441943883896,0.047649968415498734,-91.510986328125,0.7281755208969116,0.00810809712857008,0.013325734063982964,-82.82630920410156,0.5287257432937622,0.1658228188753128,0.024771658703684807,-88.50447845458984,1.2619400024414062,-0.0644725039601326,0.013821341097354889
202,S8 pyro-feedback ON,18,-76.36168670654297,1.9940067529678345,0.271844744682312,0.04435896873474121,-84.49462890625,2.681762456893921,0.3246387839317322,0.01487706322222948,-71.02935791015625,1.126059889793396,0.30810612440109253,0.016972532495856285,-77.74755096435547,1.7789281606674194,0.17997170984745026,0.032802291214466095
202,S8 pyro-feedback ON,19,-90.77578735351562,1.3338333368301392,0.10010216385126114,0.0151353869587183,-83.38495635986328,1.410452961921692,0.1330731362104416,0.02522817999124527,-89.48322296142578,0.6585463285446167,0.08327716588973999,0.04121336340904236,-92.01715850830078,0.6086098551750183,-0.051981061697006226,0.03528702259063721
202,S8 pyro-feedback ON,20,-86.2355728149414,0.8367502689361572,0.2362041473388672,0.05235937237739563,-90.73339080810547,2.863830327987671,0.14429537951946259,0.04038241505622864,-90.85181427001953,1.046258807182312,-0.05453972890973091,0.02404591627418995,-93.02779388427734,0.8555668592453003,-0.11599171161651611,0.010421286337077618
202,S8 pyro-feedback ON,21,-90.06937408447266,1.2247346639633179,0.09540357440710068,0.028161546215415,-89.25518798828125,1.1112959384918213,0.33359917998313904,0.05075875669717789,-90.6046142578125,0.06699135899543762,0.08015402406454086,0.029774019494652748,-85.21514129638672,0.31635889410972595,0.02365892380475998,0.01655915006995201
216,S0 baseline,0,-91.88616943359375,0.4625263214111328,-0.11012893915176392,0.035811956971883774,-91.24274444580078,1.4159741401672363,0.010890436358749866,0.01509945373982191,-92.03084564208984,0.5272922515869141,-0.11292660236358643,0.01408626139163971,-82.23848724365234,1.5564686059951782,-0.03434125334024429,0.024900982156395912
216,S0 baseline,1,-97.64777374267578,1.3963385820388794,-0.27907806634902954,0.08475206047296524,-96.69940185546875,0.9603530168533325,-0.12572091817855835,0.1165047213435173,-83.13919067382812,2.1099016666412354,-0.02926681935787201,0.012853736989200115,-90.28643798828125,1.331836462020874,0.15869157016277313,0.04586876183748245
216,S0 baseline,2,-86.39965057373047,1.7038843631744385,-0.10699430853128433,0.04301958903670311,-93.5271987915039,1.0145639181137085,-0.06768058985471725,0.021092554554343224,-89.30416107177734,1.3321038484573364,-0.0425155907869339,0.013299328275024891,-82.88323974609375,1.8661471605300903,0.02784171886742115,0.050861429423093796
216,S0 baseline,3,-89.63540649414062,0.6498697996139526,-0.15295806527137756,0.035497117787599564,-93.41726684570312,0.6526359915733337,-0.025980278849601746,0.030229855328798294,-91.87397003173828,0.9056617617607117,-0.12504640221595764,0.020269880071282387,-84.0638656616211,1.555255651473999,0.0008487974409945309,0.03427879512310028
216,S0 baseline,4,-97.93083953857422,3.1803600788116455,-0.1904294341802597,0.05596883222460747,-99.86544799804688,2.089116096496582,-0.40365171432495117,0.06720060855150223,-90.67317962646484,0.9310468435287476,-0.20987391471862793,0.02937246859073639,-82.44330596923828,1.647683024406433,-0.018292991444468498,0.0268242247402668
216,S0 baseline,5,-85.24663543701172,2.2597496509552,-0.0859425887465477,0.006435851566493511,-85.22002410888672,0.9143823981285095,0.014915441162884235,0.04361100122332573,-86.78560638427734,1.795745611190796,-0.0498649887740612,0.04746916517615318,-89.15435791015625,0.01870521530508995,0.013845865614712238,0.030657125636935234
216,S0 baseline,6,-92.33866119384766,1.7207281589508057,-0.13601405918598175,0.016683336347341537,-93.1307601928711,1.0873397588729858,-0.12193936109542847,0.05396253988146782,-89.7099380493164,2.060965061187744,-0.09274380654096603,0.036117590963840485,-88.34534454345703,1.5342035293579102,0.11746499687433243,0.027105223387479782
216,S0 baseline,7,-87.53790283203125,2.4298901557922363,-0.01913110539317131,0.037773679941892624,-89.41840362548828,2.2282145023345947,-0.024240640923380852,0.0548524372279644,-94.18243408203125,1.5860270261764526,-0.2616601884365082,0.018590116873383522,-88.33454132080078,0.2738255560398102,-0.02190822921693325,0.03859097883105278
216,S0 baseline,8,-88.31024932861328,2.6204216480255127,0.14629100263118744,0.05404117703437805,-95.4044418334961,0.6671192646026611,-0.07522352784872055,0.10481053590774536,-85.28221130371094,1.4322718381881714,0.12121227383613586,0.03993115574121475,-78.6212387084961,1.520279049873352,0.2562866508960724,0.04719867184758186
216,S0 baseline,9,-83.37042999267578,2.387899875640869,0.03292781487107277,0.03512951359152794,-85.28191375732422,1.5314620733261108,0.15272276103496552,0.029640713706612587,-86.46646118164062,1.5007281303405762,0.019634326919913292,0.019465165212750435,-81.95692443847656,1.0988008975982666,0.13866186141967773,0.02812175638973713
216,S0 baseline,10,-78.48858642578125,3.6967484951019287,0.09493010491132736,0.09855598211288452,-88.4696273803711,0.08673882484436035,0.026126451790332794,0.046916451305150986,-91.80744171142578,1.6228724718093872,-0.06342237442731857,0.05145391449332237,-85.3913803100586,1.022607445716858,0.03150608018040657,0.041126761585474014
216,S0 baseline,11,-81.23665618896484,2.8514652252197266,0.15498532354831696,0.08484791219234467,-87.36572265625,0.417405366897583,0.03353399410843849,0.016952915117144585,-94.79219818115234,2.0020248889923096,-0.2859308123588562,0.026359010487794876,-84.7445068359375,1.5215522050857544,0.11407646536827087,0.04114999994635582
216,S0 baseline,12,-79.409912109375,2.1661534309387207,0.29418420791625977,0.03945159912109375,-85.0810317993164,1.275383710861206,0.06108003482222557,0.07894211262464523,-85.62943267822266,2.4073426723480225,-0.0011444190749898553,0.03579356521368027,-80.43302154541016,0.7487492561340332,0.24350357055664062,0.0578266903758049
216,S0 baseline,13,-81.6797103881836,3.7405381202697754,0.12415885925292969,0.03421894833445549,-82.95671844482422,1.5291152000427246,0.17007191479206085,0.03635599464178085,-85.0402603149414,2.283867359161377,0.01688402332365513,0.03099636919796467,-83.1916275024414,0.9683214426040649,0.30205294489860535,0.04791431874036789
216,S0 baseline,14,-82.99720001220703,3.4926140308380127,0.12622816860675812,0.07907569408416748,-86.5549545288086,1.3841040134429932,0.05808316543698311,0.03836634010076523,-90.8166275024414,1.2197343111038208,-0.03961643576622009,0.002976302057504654,-79.31734466552734,1.0872067213058472,0.14778190851211548,0.021346068009734154
216,S0 baseline,15,-83.82192993164062,3.8539373874664307,0.024044953286647797,0.06889384239912033,-84.45587921142578,0.7725265026092529,0.10041415691375732,0.010208620689809322,-91.96685028076172,1.6070587635040283,-0.16390079259872437,0.004437963478267193,-74.11392211914062,2.340441942214966,0.139826238155365,0.004020327236503363
216,S0 baseline,16,-82.54878997802734,0.586604118347168,0.2234303504228592,0.037213053554296494,-71.3259506225586,2.6230876445770264,0.22175443172454834,0.04544098675251007,-85.01226806640625,1.2052675485610962,-0.04444296658039093,0.008368773385882378,-75.0612564086914,2.3660738468170166,0.07729954272508621,0.04428642988204956
216,S0 baseline,17,-81.10807037353516,1.9011547565460205,0.11918940395116806,0.050943903625011444,-84.67613983154297,1.9316023588180542,0.2531583607196808,0.11150498688220978,-85.87908172607422,1.1603695154190063,-0.00475051486864686,0.04313764348626137,-80.45526123046875,3.114048719406128,0.0850183293223381,0.054393600672483444
216,S1 wind +20%,0,-91.4773941040039,0.670012354850769,-0.11105027049779892,0.03692105785012245,-91.5279541015625,1.3303879499435425,-0.00495632691308856,0.013747230172157288,-91.8836441040039,0.6451185941696167,-0.11021176725625992,0.008970294147729874,-82.40446472167969,1.5776517391204834,-0.006317818071693182,0.028564753010869026
216,S1 wind +20%,1,-98.0200424194336,1.3280494213104248,-0.27844110131263733,0.0836196169257164,-96.20777130126953,0.7724314332008362,-0.10885431617498398,0.11769849807024002,-84.04974365234375,2.6797709465026855,-0.036398906260728836,0.010905977338552475,-89.92123413085938,1.4855163097381592,0.15869157016277313,0.04586876183748245
216,S1 wind +20%,2,-86.5964584350586,1.8898428678512573,-0.11673509329557419,0.059333112090826035,-92.11223602294922,1.4693266153335571,-0.04388820752501488,0.023477395996451378,-89.07119750976562,1.4873536825180054,-0.040870990604162216,0.013333184644579887,-82.74713134765625,1.8375993967056274,0.04206761717796326,0.052315402776002884
216,S1 wind +20%,3,-90.06452178955078,1.0919437408447266,-0.16318289935588837,0.045478224754333496,-92.77203369140625,1.0504108667373657,-0.02041758969426155,0.03873508423566818,-91.971435546875,0.9113909006118774,-0.12343401461839676,0.01926262490451336,-84.47696685791016,1.2646373510360718,-0.0016803890466690063,0.036308079957962036
216,S1 wind +20%,4,-98.53598022460938,1.9095406532287598,-0.1937129646539688,0.05544130876660347,-101.85614776611328,1.7656805515289307,-0.4041973650455475,0.07204871624708176,-92.4486083984375,0.2944956421852112,-0.2180747240781784,0.03834556043148041,-79.69112396240234,1.3223639726638794,-0.01562599651515484,0.03161731734871864
216,S1 wind +20%,5,-85.4356918334961,1.84501314163208,-0.09108810871839523,0.006356669124215841,-84.63204956054688,1.0239577293395996,0.0337916761636734,0.0574849471449852,-87.4769287109375,2.663825273513794,-0.04227882996201515,0.05001399666070938,-88.96508026123047,0.25177890062332153,0.020784715190529823,0.03861162066459656
216,S1 wind +20%,6,-92.3328628540039,1.7633898258209229,-0.14311353862285614,0.02308361604809761,-93.20543670654297,1.0588849782943726,-0.15721385180950165,0.04500889778137207,-89.5550308227539,1.9879332780838013,-0.09094414114952087,0.03674236312508583,-88.2396011352539,1.432191252708435,0.027203574776649475,0.03137822821736336
216,S1 wind +20%,7,-87.80673217773438,2.6814687252044678,-0.020946750417351723,0.03748273849487305,-89.5041732788086,2.158445358276367,-0.05741375684738159,0.04263834282755852,-94.37109375,1.5426808595657349,-0.2643531858921051,0.019724419340491295,-88.36474609375,0.23686310648918152,-0.02190822921693325,0.03859097883105278
216,S1 wind +20%,8,-88.2884521484375,2.6314103603363037,0.14027000963687897,0.06059879809617996,-95.08301544189453,0.5751053094863892,-0.06380420178174973,0.100180983543396,-85.28221130371094,1.4322718381881714,0.11234631389379501,0.03854377567768097,-78.7481918334961,1.5358620882034302,0.24411486089229584,0.04163519665598869
216,S1 wind +20%,9,-83.63998413085938,2.33862566947937,0.029776716604828835,0.03684154897928238,-85.17000579833984,1.3733947277069092,0.15142063796520233,0.027817025780677795,-86.61151885986328,1.483909010887146,0.016879379749298096,0.019268371164798737,-82.84518432617188,0.9785209894180298,0.14598040282726288,0.02800297550857067
216,S1 wind +20%,10,-78.4969253540039,3.800910234451294,0.11221956461668015,0.08842190355062485,-89.53266143798828,1.102184534072876,0.019422249868512154,0.057540636509656906,-92.41951751708984,1.5003807544708252,-0.07866784185171127,0.038440804928541183,-85.8418960571289,0.7879521250724792,0.011095572263002396,0.042812686413526535
216,S1 wind +20%,11,-80.95852661132812,3.1269149780273438,0.16623122990131378,0.07674478739500046,-86.44368743896484,0.7165749669075012,0.046510133892297745,0.023866549134254456,-93.78739166259766,2.5307962894439697,-0.2877369821071625,0.018680036067962646,-84.86978912353516,1.561934471130371,0.12186377495527267,0.042643655091524124
216,S1 wind +20%,12,-80.03047943115234,1.9604580402374268,0.3007281422615051,0.026945456862449646,-84.7500991821289,0.7147250175476074,0.08951298147439957,0.07641223073005676,-88.0677719116211,2.1726012229919434,-0.02386355586349964,0.011277603916823864,-80.7415542602539,0.918072521686554,0.23937349021434784,0.055075738579034805
216,S1 wind +20%,13,-81.7900390625,3.6886165142059326,0.13037249445915222,0.03249770402908325,-84.63726806640625,1.69879150390625,0.19534237682819366,0.06357650458812714,-85.76129913330078,1.894282341003418,-0.02416190691292286,0.03578507527709007,-84.24858856201172,1.1822127103805542,0.2694794237613678,0.05296982079744339
216,S1 wind +20%,14,-83.47370147705078,3.663271903991699,0.1401940882205963,0.0666762962937355,-87.3787612915039,1.1581616401672363,0.031602416187524796,0.05204646289348602,-90.85761260986328,1.5051300525665283,-0.05523364618420601,0.010822709649801254,-80.0340347290039,1.214547038078308,0.15200205147266388,0.020750299096107483
216,S1 wind +20%,15,-83.32401275634766,4.332749843597412,0.051226887851953506,0.07038526982069016,-82.6922378540039,0.8703783750534058,0.10999610275030136,0.007429532706737518,-90.78302764892578,1.9040526151657104,-0.1571027785539627,0.008823378942906857,-73.41129302978516,2.3885176181793213,0.19518065452575684,0.018940791487693787
216,S1 wind +20%,16,-82.93744659423828,0.7932984828948975,0.22011852264404297,0.039550069719552994,-71.65777587890625,2.248687267303467,0.1932544857263565,0.04901658371090889,-84.94390106201172,1.2463537454605103,-0.04237652197480202,0.008021716959774494,-75.06585693359375,2.296272039413452,0.07768408209085464,0.05015837028622627
216,S1 wind +20%,17,-81.1292724609375,1.9287729263305664,0.09487289935350418,0.056628838181495667,-84.77764129638672,1.7458587884902954,0.25299927592277527,0.11128010600805283,-88.12506866455078,1.2800451517105103,-0.014454983174800873,0.038944900035858154,-80.7704086303711,2.967679500579834,0.08832474797964096,0.057274434715509415
216,S2 heatwave +5K,0,-93.8963623046875,0.5087524056434631,-0.17756323516368866,0.028657404705882072,-91.91988372802734,0.7872774004936218,-0.013921372592449188,0.025639625266194344,-92.31597137451172,0.8505548238754272,-0.11923489719629288,0.017662378028035164,-82.99789428710938,1.647026538848877,-0.04387771710753441,0.014965087175369263
216,S2 heatwave +5K,1,-100.13812255859375,1.084061622619629,-0.38034430146217346,0.0752640813589096,-96.9314956665039,0.3267059326171875,-0.1659342497587204,0.10342434793710709,-86.85460662841797,1.5360716581344604,-0.09291258454322815,0.020970435813069344,-90.45040130615234,1.162980556488037,0.14805185794830322,0.0500432550907135
216,S2 heatwave +5K,2,-87.7198715209961,2.222081422805786,-0.20390665531158447,0.04634988680481911,-94.7160415649414,0.9864441752433777,-0.0909896120429039,0.02567961998283863,-89.3876724243164,0.689348042011261,-0.05677102506160736,0.013439377769827843,-83.2082290649414,2.084648370742798,0.02649078518152237,0.04720188304781914
216,S2 heatwave +5K,3,-91.5851821899414,1.3320438861846924,-0.23817647993564606,0.034990787506103516,-93.66912841796875,0.6540727019309998,-0.1170828565955162,0.02588897943496704,-91.84114837646484,0.9453637003898621,-0.17167063057422638,0.024857955053448677,-85.3278579711914,1.6028246879577637,-0.07855028659105301,0.012522675096988678
216,S2 heatwave +5K,4,-99.0615463256836,2.651353120803833,-0.2873110771179199,0.028435518965125084,-99.46905517578125,2.409226417541504,-0.38204288482666016,0.0713256448507309,-90.55510711669922,0.8609954714775085,-0.23440587520599365,0.031065845862030983,-83.28787231445312,1.6841299533843994,-0.024373600259423256,0.021901218220591545
216,S2 heatwave +5K,5,-86.77447509765625,1.0935287475585938,-0.12237250804901123,0.031060125678777695,-85.77764892578125,1.449317216873169,-0.003243330866098404,0.06700857728719711,-86.55529022216797,1.6066107749938965,-0.052768249064683914,0.02167152427136898,-89.84374237060547,0.2990594804286957,0.019450895488262177,0.006913297343999147
216,S2 heatwave +5K,6,-95.25885009765625,0.9542184472084045,-0.19769097864627838,0.01634720340371132,-93.65743255615234,1.3547862768173218,-0.16346170008182526,0.05226277559995651,-89.9321517944336,1.8063201904296875,-0.119319386780262,0.026146024465560913,-90.4526596069336,1.933493733406067,0.07743819802999496,0.042899008840322495
216,S2 heatwave +5K,7,-89.5670394897461,2.255107879638672,-0.08503589779138565,0.04563190042972565,-90.17139434814453,1.7082041501998901,-0.07829504460096359,0.0422816164791584,-92.43972778320312,1.7494652271270752,-0.28430891036987305,0.03142313286662102,-91.0912094116211,0.785373866558075,-0.06565696001052856,0.037859849631786346
216,S2 heatwave +5K,8,-97.71781158447266,2.936020612716675,-0.14917948842048645,0.05459678918123245,-95.07015228271484,0.7072466611862183,-0.23957480490207672,0.03897596523165703,-87.28839111328125,1.7247790098190308,0.06040011718869209,0.009501921944320202,-84.59986114501953,1.4864140748977661,0.1213703379034996,0.050465572625398636
216,S2 heatwave +5K,9,-93.35275268554688,0.8367440104484558,-0.22724294662475586,0.0064375801011919975,-87.86453247070312,0.9869591593742371,0.03318798914551735,0.054946303367614746,-90.50907135009766,1.4545443058013916,-0.040927913039922714,0.019422337412834167,-87.557373046875,0.7986414432525635,0.03288776054978371,0.007558651268482208
216,S2 heatwave +5K,10,-89.48120880126953,0.9213816523551941,-0.14254511892795563,0.03823355585336685,-91.6175308227539,0.994011402130127,-0.07024044543504715,0.0428483709692955,-93.7371597290039,1.7241612672805786,-0.1052560806274414,0.05819883570075035,-88.11820220947266,0.8245450258255005,-0.01570163108408451,0.0383017472922802
216,S2 heatwave +5K,11,-91.70984649658203,0.6604754328727722,-0.022481733933091164,0.007514835800975561,-89.82091522216797,1.2331846952438354,-0.05564913526177406,0.03635185584425926,-94.77215576171875,2.148716688156128,-0.3153134286403656,0.02592143975198269,-88.68560791015625,1.0641074180603027,0.03995180502533913,0.051678840070962906
216,S2 heatwave +5K,12,-89.87706756591797,0.639671266078949,-0.010512185283005238,0.01780789904296398,-87.6320571899414,0.6869205832481384,-0.1214296817779541,0.009889344684779644,-86.34429931640625,2.131709098815918,0.001304302946664393,0.017794756218791008,-85.25897979736328,1.3375940322875977,0.2024359107017517,0.0570683628320694
216,S2 heatwave +5K,13,-90.96410369873047,1.2776331901550293,-0.15619680285453796,0.03326611965894699,-86.22127532958984,0.9613230228424072,0.05954132601618767,0.06306258589029312,-89.84947967529297,1.3735051155090332,-0.0024966660421341658,0.03580870479345322,-86.8020248413086,0.5589562654495239,0.27730071544647217,0.0334438793361187
216,S2 heatwave +5K,14,-92.51522064208984,0.6173551082611084,-0.04071279615163803,0.013814963400363922,-89.88238525390625,0.5935636758804321,0.009382720105350018,0.02846907638013363,-92.424560546875,1.1295980215072632,-0.050447091460227966,0.0005429164157249033,-82.40524291992188,0.5927886366844177,0.10132265836000443,0.013713454827666283
216,S2 heatwave +5K,15,-89.36444091796875,1.8669023513793945,-0.08444733172655106,0.04005972668528557,-87.3622817993164,1.5865778923034668,0.010351105593144894,0.016316451132297516,-92.1843490600586,1.5139636993408203,-0.19238968193531036,0.0193996150046587,-75.67566680908203,2.1769323348999023,0.10479787737131119,0.022692358121275902
216,S2 heatwave +5K,16,-90.9784927368164,1.101546049118042,-0.03330003097653389,0.01627238653600216,-74.02731323242188,2.6238012313842773,0.10493472963571548,0.028311433270573616,-86.92489624023438,1.0615522861480713,-0.08984427899122238,0.014383107423782349,-80.23773956298828,1.4829541444778442,0.053147584199905396,0.03843038156628609
216,S2 heatwave +5K,17,-91.6812973022461,0.7838131785392761,-0.16262276470661163,0.01115296222269535,-88.21659088134766,1.4522926807403564,0.041698429733514786,0.056071117520332336,-87.3768310546875,1.5414276123046875,-0.04115043208003044,0.0318259671330452,-85.09385681152344,2.265599012374878,0.02438763529062271,0.040809836238622665
216,S3 drying RH -30%,0,-93.74984741210938,0.43279051780700684,-0.18673165142536163,0.026530036702752113,-91.913330078125,1.1173245906829834,-0.028476940467953682,0.02176337130367756,-92.0627212524414,0.5712586641311646,-0.12203669548034668,0.020052099600434303,-82.94965362548828,1.6537177562713623,-0.026773765683174133,0.024332622066140175
216,S3 drying RH -30%,1,-100.13812255859375,1.084061622619629,-0.38034430146217346,0.0752640813589096,-97.40859985351562,0.3500390648841858,-0.19357173144817352,0.11283934861421585,-86.85460662841797,1.5360716581344604,-0.09291258454322815,0.020970435813069344,-90.69898223876953,1.078843355178833,0.1124579906463623,0.05638440325856209
216,S3 drying RH -30%,2,-87.82595825195312,2.4143950939178467,-0.1956433802843094,0.04086272418498993,-95.21198272705078,0.41072842478752136,-0.0910118818283081,0.025706425309181213,-89.3626937866211,0.726176381111145,-0.03251533955335617,0.018577810376882553,-83.1837158203125,2.0549216270446777,0.03459516540169716,0.0523751825094223
216,S3 drying RH -30%,3,-91.31539916992188,1.3091844320297241,-0.23802228271961212,0.03417409956455231,-93.69632720947266,0.5333481431007385,-0.07052429020404816,0.025489453226327896,-91.9295883178711,0.8399725556373596,-0.17494358122348785,0.028975101187825203,-85.0781021118164,1.5112390518188477,-0.0572732537984848,0.01741492748260498
216,S3 drying RH -30%,4,-98.8592300415039,2.603456974029541,-0.28630396723747253,0.03428769111633301,-101.37698364257812,1.9848188161849976,-0.43024441599845886,0.07031113654375076,-89.7021484375,0.6655519604682922,-0.19808024168014526,0.02986193262040615,-83.26335906982422,1.6538444757461548,-0.01785876788198948,0.024464068934321404
216,S3 drying RH -30%,5,-88.35567474365234,2.1060268878936768,-0.19203650951385498,0.034440454095602036,-86.57941436767578,0.7316900491714478,-0.05815458297729492,0.04400310292840004,-87.52010345458984,1.2851022481918335,-0.06103519722819328,0.015364854596555233,-89.75687408447266,0.19430625438690186,-0.016413524746894836,0.014534834772348404
216,S3 drying RH -30%,6,-95.1144790649414,1.0425020456314087,-0.19899268448352814,0.018620744347572327,-93.25443267822266,0.981686532497406,-0.14894993603229523,0.056203797459602356,-89.35818481445312,1.5641629695892334,-0.12149173766374588,0.019522754475474358,-90.4131088256836,1.9388200044631958,0.07539055496454239,0.04114438220858574
216,S3 drying RH -30%,7,-89.5670394897461,2.255107879638672,-0.08006755262613297,0.050488345324993134,-90.05843353271484,1.6420226097106934,-0.04527953639626503,0.03750908002257347,-92.40076446533203,1.801008701324463,-0.2689266502857208,0.027726290747523308,-90.5009994506836,0.7541521787643433,-0.041827213019132614,0.04711630567908287
216,S3 drying RH -30%,8,-97.87625885009766,2.7747654914855957,-0.16689501702785492,0.05681351199746132,-96.01944732666016,0.8091214895248413,-0.3031183183193207,0.05430776998400688,-86.75678253173828,1.6624001264572144,0.024911152198910713,0.025105008855462074,-86.61788177490234,1.1102865934371948,0.1316675990819931,0.046125393360853195
216,S3 drying RH -30%,9,-94.29000091552734,0.33813872933387756,-0.2650721073150635,0.007137380540370941,-88.03759765625,0.7478816509246826,0.038714054971933365,0.052635326981544495,-90.49887084960938,1.442245602607727,-0.08101344108581543,0.02422591857612133,-87.53414916992188,0.7730699777603149,0.037189073860645294,0.005618613213300705
216,S3 drying RH -30%,10,-89.69802856445312,0.9273054599761963,-0.14185981452465057,0.03438328579068184,-91.55322265625,0.5821478366851807,-0.045447561889886856,0.037523847073316574,-93.92865753173828,1.64402437210083,-0.13396917283535004,0.05422549322247505,-88.78514862060547,0.731477677822113,-0.012972007505595684,0.036691758781671524
216,S3 drying RH -30%,11,-91.33316802978516,0.744419276714325,-0.027881698682904243,0.006939674261957407,-89.75945281982422,1.146988034248352,-0.013004295527935028,0.03129781782627106,-94.12870025634766,1.7471208572387695,-0.2700118124485016,0.03119676373898983,-88.3785400390625,0.7607289552688599,0.06255251169204712,0.060026317834854126
216,S3 drying RH -30%,12,-89.86553955078125,0.7629901766777039,-0.00188279093708843,0.02175917848944664,-87.3922119140625,0.11662314087152481,-0.13392828404903412,0.01826300099492073,-86.5425033569336,2.286463499069214,-0.02139483205974102,0.018432924523949623,-85.46954345703125,1.1650160551071167,0.18072211742401123,0.05993090197443962
216,S3 drying RH -30%,13,-91.33676147460938,1.3195061683654785,-0.17810297012329102,0.015657275915145874,-86.4766616821289,0.8140403032302856,0.04926443099975586,0.05522558465600014,-89.6754379272461,1.5963329076766968,-0.004761071410030127,0.03485570475459099,-87.8399887084961,0.10321498662233353,0.2663816213607788,0.03329069912433624
216,S3 drying RH -30%,14,-92.44828033447266,0.3444117307662964,-0.04257207736372948,0.015276196412742138,-89.70685577392578,0.5380775928497314,0.03279208391904831,0.037347838282585144,-92.49169921875,1.090233325958252,-0.049311500042676926,0.0008165895123966038,-84.34302520751953,1.496673822402954,0.1068892851471901,0.016122588887810707
216,S3 drying RH -30%,15,-89.6694107055664,2.292745590209961,-0.0815252736210823,0.04242639243602753,-87.5860366821289,1.542064905166626,0.05493687465786934,0.01660909131169319,-91.61251831054688,1.0573798418045044,-0.16155575215816498,0.010479437187314034,-78.28417205810547,3.066410541534424,0.10687869042158127,0.015840066596865654
216,S3 drying RH -30%,16,-91.77374267578125,1.5158700942993164,-0.060672834515571594,0.018247012048959732,-73.39611053466797,2.787841796875,0.10130816698074341,0.018443236127495766,-86.54571533203125,1.3953644037246704,-0.09172555804252625,0.0030611935071647167,-80.17073822021484,1.442722201347351,0.05201251432299614,0.045077405869960785
216,S3 drying RH -30%,17,-93.09236907958984,0.8078441619873047,-0.18521670997142792,0.019286498427391052,-88.10648345947266,1.0330822467803955,0.03455900773406029,0.053351763635873795,-87.3768310546875,1.5414276123046875,-0.051056697964668274,0.03179033845663071,-85.07064056396484,2.2864058017730713,0.03149405121803284,0.04110391065478325
216,S4 rain-out,0,-93.23004150390625,0.18764479458332062,-0.11652585119009018,0.032111745327711105,-91.3415756225586,1.4688223600387573,0.0032820822671055794,0.013977451249957085,-92.05377960205078,0.5189164876937866,-0.11227377504110336,0.017634879797697067,-81.71253204345703,1.8008620738983154,-0.023105954751372337,0.03176141530275345
216,S4 rain-out,1,-98.32982635498047,1.4772953987121582,-0.2932657301425934,0.07700494676828384,-96.60552215576172,1.1219301223754883,-0.13640868663787842,0.11754722893238068,-83.41985321044922,1.5477778911590576,-0.028088530525565147,0.007107797544449568,-90.16857147216797,1.6892719268798828,0.16831862926483154,0.04085639864206314
216,S4 rain-out,2,-88.18197631835938,2.066115379333496,-0.1334170699119568,0.041585344821214676,-94.0199966430664,1.3427674770355225,-0.12498923391103745,0.016811490058898926,-89.87939453125,1.3119871616363525,-0.034319985657930374,0.019360430538654327,-82.87420654296875,1.125828504562378,0.04559698700904846,0.033699121326208115
216,S4 rain-out,3,-91.6987075805664,1.2231508493423462,-0.1678249090909958,0.03295929729938507,-93.53787231445312,0.9624776244163513,-0.05602540448307991,0.025034841150045395,-92.5404052734375,0.9983320236206055,-0.16444727778434753,0.02813396416604519,-84.26752471923828,1.2377249002456665,0.01253738533705473,0.027667902410030365
216,S4 rain-out,4,-98.9878921508789,2.8113133907318115,-0.21205632388591766,0.0580115020275116,-99.6402359008789,1.460584044456482,-0.40509867668151855,0.03704100102186203,-90.2397232055664,0.9778560996055603,-0.20470571517944336,0.02142166718840599,-82.18022918701172,1.2258535623550415,-0.0032523421104997396,0.03530824929475784
216,S4 rain-out,5,-85.32608032226562,2.0467631816864014,-0.08759701251983643,0.008757985197007656,-84.82918548583984,0.9787534475326538,0.007806664332747459,0.048039551824331284,-87.0268783569336,1.3210347890853882,-0.03231634944677353,0.04266391322016716,-88.84295654296875,0.541246235370636,0.056182876229286194,0.03687502071261406
216,S4 rain-out,6,-93.83340454101562,1.5780949592590332,-0.13511711359024048,0.020322898402810097,-93.00466918945312,1.0138410329818726,-0.1413305252790451,0.047221437096595764,-89.20923614501953,1.9284337759017944,-0.10455156117677689,0.046415627002716064,-88.08287811279297,1.9432940483093262,0.12723489105701447,0.0170156080275774
216,S4 rain-out,7,-87.4666519165039,2.7719480991363525,-0.029111837968230247,0.035038743168115616,-90.33960723876953,1.7747595310211182,-0.04068706929683685,0.040585946291685104,-94.79175567626953,1.3501906394958496,-0.2868194878101349,0.03639871999621391,-88.76612091064453,0.442853718996048,-0.012698727659881115,0.026255927979946136
216,S4 rain-out,8,-92.49005126953125,3.2539100646972656,-0.018040413036942482,0.08612403273582458,-95.56146240234375,0.6890789270401001,-0.08320511877536774,0.09876329451799393,-85.42595672607422,1.5341073274612427,0.13120406866073608,0.023566240444779396,-78.4285659790039,1.356337070465088,0.27236273884773254,0.05509943515062332
216,S4 rain-out,9,-87.5562515258789,3.168212890625,-0.11014411598443985,0.06952774524688721,-85.41915130615234,1.4054781198501587,0.11237139254808426,0.027533089742064476,-82.69950103759766,1.017615556716919,0.0488007478415966,0.01770048961043358,-82.00983428955078,0.3469058871269226,0.145035982131958,0.02548695169389248
216,S4 rain-out,10,-81.19864654541016,3.9490723609924316,0.0795130506157875,0.08966382592916489,-88.4446792602539,0.48828428983688354,-0.0376262404024601,0.02429766021668911,-91.63306427001953,1.5985664129257202,-0.07474279403686523,0.06764018535614014,-84.9919204711914,0.8601148724555969,0.05042368173599243,0.0368257611989975
216,S4 rain-out,11,-84.21316528320312,2.6899189949035645,0.12833066284656525,0.08671717345714569,-88.0781478881836,0.6417372226715088,-0.02949831821024418,0.016105178743600845,-94.78394317626953,1.9038435220718384,-0.28177228569984436,0.02685512602329254,-85.14006805419922,0.6376278400421143,0.11812061071395874,0.0449439212679863
216,S4 rain-out,12,-83.29082489013672,2.567547082901001,0.127768874168396,0.08246249705553055,-85.10000610351562,1.2937085628509521,0.051705408841371536,0.05661126226186752,-84.69396209716797,2.1630167961120605,0.01171069871634245,0.0435665026307106,-79.9169692993164,0.9583056569099426,0.24732375144958496,0.05755539983510971
216,S4 rain-out,13,-85.0727310180664,4.265505313873291,-0.023244017735123634,0.06410348415374756,-83.20648193359375,1.3804954290390015,0.12602728605270386,0.034015364944934845,-81.40361785888672,1.8311365842819214,0.030539751052856445,0.03083929978311062,-82.86206817626953,1.064284324645996,0.26838842034339905,0.04296201840043068
216,S4 rain-out,14,-85.65874481201172,3.5113747119903564,0.11429336667060852,0.06457141041755676,-86.37703704833984,1.1797373294830322,0.0015109038213267922,0.011321268044412136,-90.5864028930664,1.5449318885803223,-0.048594195395708084,0.007662734482437372,-79.24732208251953,0.7639492750167847,0.15479664504528046,0.015787623822689056
216,S4 rain-out,15,-85.27252960205078,3.705186128616333,0.03229941800236702,0.09369562566280365,-84.63463592529297,1.0046831369400024,0.0572718046605587,0.013645226135849953,-91.93526458740234,1.547798991203308,-0.21261566877365112,0.0032408006954938173,-75.26113891601562,1.758396029472351,0.13331758975982666,0.023690445348620415
216,S4 rain-out,16,-87.01497650146484,0.3734205663204193,0.05263261869549751,0.07703866809606552,-71.2157211303711,2.6257734298706055,0.16057218611240387,0.031930822879076004,-84.4612808227539,1.3559209108352661,-0.040544893592596054,0.014505554921925068,-74.66561889648438,2.3537580966949463,0.09445961564779282,0.046237774193286896
216,S4 rain-out,17,-84.89361572265625,3.094576597213745,-0.02679625153541565,0.0789872482419014,-85.19971466064453,1.6401736736297607,0.1997593194246292,0.0758478119969368,-85.06780242919922,0.9335748553276062,-0.003441348671913147,0.04026993736624718,-80.64971923828125,2.7196319103240967,0.11578879505395889,0.06808213144540787
216,S5 deep drought,0,-93.9814224243164,0.9077373147010803,-0.19407792389392853,0.026780318468809128,-91.44036102294922,1.1247762441635132,0.002594525692984462,0.01862749457359314,-92.22599029541016,0.520289421081543,-0.11176976561546326,0.014000029303133488,-81.51325225830078,1.891554355621338,-0.00036130225635133684,0.02023831382393837
216,S5 deep drought,1,-99.003173828125,0.622921347618103,-0.3342290222644806,0.08023430407047272,-96.73346710205078,0.845643162727356,-0.15360908210277557,0.130732923746109,-86.8152847290039,1.4819356203079224,-0.05257074162364006,0.008672230876982212,-89.28986358642578,1.0113531351089478,0.14204828441143036,0.03485514223575592
216,S5 deep drought,2,-86.54846954345703,1.5829252004623413,-0.11451522260904312,0.05023226886987686,-93.05877685546875,1.2576470375061035,-0.07994601875543594,0.026516837999224663,-89.59061431884766,0.7909423112869263,-0.042720526456832886,0.01057000644505024,-82.31704711914062,1.9609036445617676,0.03855458274483681,0.02890199050307274
216,S5 deep drought,3,-90.97817993164062,1.2771002054214478,-0.21926212310791016,0.022832518443465233,-92.79634857177734,0.9008261561393738,-0.03725428506731987,0.0321212075650692,-92.5905990600586,0.847426176071167,-0.15255631506443024,0.02094198577105999,-84.5595703125,1.6723111867904663,0.010587912984192371,0.028589004650712013
216,S5 deep drought,4,-98.88128662109375,2.5231714248657227,-0.27676042914390564,0.039600059390068054,-99.41837310791016,2.735344171524048,-0.40189221501350403,0.06706816703081131,-90.33402252197266,0.9152687788009644,-0.22844643890857697,0.030208546668291092,-83.34898376464844,1.7603106498718262,-0.02049262821674347,0.029376309365034103
216,S5 deep drought,5,-85.578125,2.3155179023742676,-0.08760377019643784,0.0069753751158714294,-84.99948120117188,0.9452508687973022,0.0006643210654146969,0.05884876474738121,-86.80233001708984,1.62749445438385,-0.04789089784026146,0.0289074145257473,-89.8126449584961,0.38886508345603943,-0.009300385601818562,0.02432987652719021
216,S5 deep drought,6,-93.4771957397461,1.9344807863235474,-0.13695098459720612,0.0026696801651269197,-93.07039642333984,1.179572343826294,-0.1284942626953125,0.06104607880115509,-89.70589447021484,2.0703375339508057,-0.13233454525470734,0.031873274594545364,-89.36361694335938,1.8459973335266113,0.12174111604690552,0.03541925549507141
216,S5 deep drought,7,-89.11270141601562,2.1252923011779785,-0.03694242611527443,0.034584637731313705,-89.85028076171875,1.8570860624313354,-0.043750520795583725,0.04336898401379585,-93.62899017333984,2.090057611465454,-0.25796350836753845,0.027060789987444878,-89.95730590820312,0.7600502371788025,-0.04392215982079506,0.04491487517952919
216,S5 deep drought,8,-96.06624603271484,2.4842488765716553,-0.13637396693229675,0.04225204139947891,-96.67947387695312,0.8039435744285583,-0.2681560814380646,0.07001380622386932,-85.4404525756836,1.7758748531341553,0.10879389196634293,0.034827493131160736,-83.72953033447266,1.3251804113388062,0.22854578495025635,0.037772562354803085
216,S5 deep drought,9,-93.68771362304688,0.8344814777374268,-0.23512597382068634,0.012804637663066387,-87.74484252929688,0.699438214302063,0.07517648488283157,0.06575137376785278,-87.6500244140625,2.232117176055908,0.003729046555235982,0.032290998846292496,-84.0980453491211,0.3783549964427948,0.04569190740585327,0.00686573376879096
216,S5 deep drought,10,-88.50907135009766,1.6916879415512085,-0.0929756760597229,0.02271800860762596,-90.85845947265625,0.6902908682823181,-0.054748062044382095,0.04106051102280617,-93.14623260498047,1.2175064086914062,-0.06517017632722855,0.053552232682704926,-87.1045913696289,0.46350085735321045,-0.016005689278244972,0.0412060022354126
216,S5 deep drought,11,-90.44893646240234,0.48546257615089417,-0.01904783956706524,0.00979992002248764,-89.36946868896484,0.9303613305091858,-0.008424483239650726,0.030728748068213463,-94.7682876586914,2.175370216369629,-0.2781706750392914,0.03542407974600792,-85.98725128173828,0.9375213384628296,0.07568103075027466,0.049681730568408966
216,S5 deep drought,12,-89.29657745361328,0.522705614566803,-0.00012105726636946201,0.020707469433546066,-87.50362396240234,0.8872970342636108,-0.10507076978683472,0.0148246381431818,-85.73907470703125,1.8096753358840942,0.005986567586660385,0.01523900218307972,-83.216552734375,0.7977465391159058,0.2188856601715088,0.04865667223930359
216,S5 deep drought,13,-89.74195098876953,1.2668174505233765,-0.1706656664609909,0.016479656100273132,-85.99803924560547,0.3871708810329437,0.1370738297700882,0.05262712761759758,-85.4217529296875,3.367161273956299,-0.03877059742808342,0.026078665629029274,-85.73409271240234,0.6952183246612549,0.29812538623809814,0.03997742384672165
216,S5 deep drought,14,-91.37442779541016,0.4416099488735199,-0.04084324464201927,0.020255176350474358,-89.23822784423828,0.8680331110954285,0.021010810509324074,0.02486479841172695,-92.265380859375,0.7661932706832886,-0.041808243840932846,0.0057725501246750355,-82.22628021240234,0.7000976800918579,0.1126273050904274,0.02548331581056118
216,S5 deep drought,15,-88.36614990234375,2.531141996383667,-0.0699441134929657,0.04426131397485733,-87.1126480102539,1.6886638402938843,0.07130906730890274,0.017626797780394554,-92.29778289794922,1.4403786659240723,-0.18929822742938995,0.015841837972402573,-75.38374328613281,2.2110228538513184,0.10800722241401672,0.018074341118335724
216,S5 deep drought,16,-90.6490707397461,0.6514343619346619,-0.039623457938432693,0.017142372205853462,-73.78096771240234,2.4703588485717773,0.10565195232629776,0.019207067787647247,-86.59591674804688,1.392335057258606,-0.0895964503288269,0.01596285030245781,-77.94618225097656,2.2711572647094727,0.05599219724535942,0.05484876409173012
216,S5 deep drought,17,-91.75836944580078,0.9042842984199524,-0.18031109869480133,0.014475739561021328,-88.1319351196289,1.2192927598953247,0.0436784066259861,0.060375314205884933,-87.38702392578125,1.548201560974121,-0.025464439764618874,0.03307722881436348,-83.97798919677734,2.9546310901641846,0.015605424530804157,0.042587485164403915
216,S6 relocate: high-relief,0,-92.63211822509766,0.19361360371112823,-0.12544755637645721,0.024803103879094124,-92.6201400756836,1.2333850860595703,-0.033162012696266174,0.02417956292629242,-94.71051025390625,0.8876602053642273,-0.12958379089832306,0.03073054365813732,-82.5793228149414,1.5123696327209473,-0.06359107047319412,0.022408153861761093
216,S6 relocate: high-relief,1,-99.23938751220703,1.5478593111038208,-0.27084362506866455,0.07459274679422379,-98.38092041015625,0.8189834952354431,-0.21448640525341034,0.09293951094150543,-86.8514175415039,2.3196017742156982,-0.028395449742674828,0.010507414117455482,-90.2822494506836,1.383768081665039,0.14069026708602905,0.039674464613199234
216,S6 relocate: high-relief,2,-86.74222564697266,1.799803614616394,-0.1219097375869751,0.023848019540309906,-95.4576416015625,0.8759734034538269,-0.1358867883682251,0.013179088942706585,-92.7248306274414,1.6878409385681152,-0.11700630933046341,0.044559773057699203,-83.95455932617188,2.015876293182373,-0.015917638316750526,0.043744102120399475
216,S6 relocate: high-relief,3,-90.3933334350586,0.8021549582481384,-0.16458933055400848,0.020420918241143227,-95.11800384521484,0.36728549003601074,-0.08800975233316422,0.03567122295498848,-95.08200073242188,1.6113858222961426,-0.1839578002691269,0.025668349117040634,-85.13518524169922,1.825237512588501,-0.039969634264707565,0.031795237213373184
216,S6 relocate: high-relief,4,-100.61241912841797,3.3622000217437744,-0.19815604388713837,0.049977920949459076,-102.08892822265625,2.20233154296875,-0.44786930084228516,0.06460217386484146,-94.75305938720703,1.1938273906707764,-0.21778003871440887,0.03746214509010315,-82.50273895263672,1.8121373653411865,-0.03781023249030113,0.031644366681575775
216,S6 relocate: high-relief,5,-86.0248031616211,2.511657238006592,-0.07454752177000046,0.008158166892826557,-86.8055419921875,1.1320136785507202,-0.0766589567065239,0.023844707757234573,-90.14837646484375,1.783239722251892,-0.06303857266902924,0.04441584646701813,-89.16442108154297,0.1884114295244217,-0.0056970384903252125,0.025213727727532387
216,S6 relocate: high-relief,6,-92.65509033203125,2.2896060943603516,-0.14789730310440063,0.010165310464799404,-93.67727661132812,0.9440787434577942,-0.14787167310714722,0.03660330921411514,-90.67107391357422,2.4375815391540527,-0.09937702864408493,0.05460551753640175,-88.4224624633789,1.4454929828643799,0.09995730966329575,0.02323819138109684
216,S6 relocate: high-relief,7,-88.75299835205078,2.238161563873291,-0.06728759407997131,0.01623447798192501,-89.8455581665039,1.9025309085845947,-0.03721727058291435,0.04495055601000786,-95.00000762939453,1.89827561378479,-0.23801970481872559,0.03893286734819412,-88.2607650756836,0.24995146691799164,-0.03140560910105705,0.0289582759141922
216,S6 relocate: high-relief,8,-89.5577621459961,2.544642925262451,0.12923197448253632,0.04564620926976204,-96.3615493774414,0.7938247323036194,-0.12248975038528442,0.11472593247890472,-89.76080322265625,1.3294590711593628,0.030251801013946533,0.03985337167978287,-78.6228256225586,1.5190346240997314,0.24307100474834442,0.04187558591365814
216,S6 relocate: high-relief,9,-84.14270782470703,2.5419809818267822,0.048789430409669876,0.043326236307621,-86.5461654663086,1.751002550125122,0.05667486786842346,0.022139351814985275,-89.34170532226562,1.624901294708252,-0.038918767124414444,0.00793154165148735,-82.02291107177734,1.1021368503570557,0.10690697282552719,0.024957848712801933
216,S6 relocate: high-relief,10,-78.7300796508789,3.6084160804748535,0.08428991585969925,0.10044890642166138,-89.01615142822266,0.2182663381099701,0.003658770816400647,0.04179217666387558,-92.7685775756836,1.8176984786987305,-0.07283302396535873,0.05493274703621864,-85.46849822998047,0.9713104963302612,0.016198502853512764,0.03677164763212204
216,S6 relocate: high-relief,11,-82.85228729248047,2.398048162460327,0.09999837726354599,0.09243990480899811,-87.62335968017578,0.05922284349799156,0.021228253841400146,0.0181534793227911,-95.63632202148438,2.3541157245635986,-0.2605239748954773,0.05468079447746277,-84.58861541748047,1.3492740392684937,0.10327856987714767,0.031570546329021454
216,S6 relocate: high-relief,12,-80.28263092041016,2.2222704887390137,0.28554630279541016,0.030684540048241615,-86.34960174560547,1.598444938659668,0.02800673432648182,0.0826912671327591,-88.38104248046875,3.01011323928833,-0.013829379342496395,0.05242309346795082,-80.41706848144531,0.7702761888504028,0.2176390141248703,0.05126827582716942
216,S6 relocate: high-relief,13,-82.40801239013672,3.771270751953125,0.13945037126541138,0.03907691687345505,-84.48348999023438,1.9916332960128784,0.09332352876663208,0.006221570540219545,-87.30225372314453,2.908536434173584,0.04241674020886421,0.008051450364291668,-83.28430938720703,0.8638090491294861,0.2759406268596649,0.0395859070122242
216,S6 relocate: high-relief,14,-83.92145538330078,3.4921538829803467,0.11413305252790451,0.07210072129964828,-88.5570068359375,1.8182662725448608,1.5111018910829443e-05,0.03566082939505577,-94.4822006225586,1.1954641342163086,-0.131893590092659,0.030160803347826004,-79.87738800048828,0.7846122980117798,0.0929950550198555,0.01546460296958685
216,S6 relocate: high-relief,15,-84.3933334350586,3.683729887008667,0.008702759630978107,0.055696867406368256,-85.8457260131836,0.44181105494499207,0.05958006903529167,0.014668292365968227,-95.5104751586914,2.433317184448242,-0.22913004457950592,0.05306122824549675,-74.802978515625,2.4298882484436035,0.09587439894676208,0.007211784832179546
216,S6 relocate: high-relief,16,-84.30327606201172,0.7841195464134216,0.21928632259368896,0.027591777965426445,-73.39380645751953,2.6997549533843994,0.18359549343585968,0.043307118117809296,-87.65042114257812,1.4042986631393433,-0.01813281886279583,0.023176489397883415,-75.00845336914062,2.3084795475006104,0.04352739825844765,0.03501424565911293
216,S6 relocate: high-relief,17,-81.8422622680664,2.1250076293945312,0.12527348101139069,0.05591125786304474,-85.95043182373047,2.162400007247925,0.18623043596744537,0.1019013300538063,-89.74258422851562,0.5437137484550476,0.009312417358160019,0.025750167667865753,-80.55646514892578,3.045992136001587,0.06923067569732666,0.05587059259414673
216,S7 compound extreme,0,-94.19315338134766,0.2116701304912567,-0.13285280764102936,0.0188452135771513,-93.06421661376953,0.5908368825912476,-0.019918080419301987,0.005434488877654076,-86.40115356445312,1.2520476579666138,0.0791504755616188,0.07905349880456924,-82.97344207763672,1.834649682044983,0.1362815499305725,0.04545081779360771
216,S7 compound extreme,1,-101.0896987915039,0.743797242641449,-0.34135496616363525,0.06089324131608009,-97.88037109375,1.025797724723816,-0.11845937371253967,0.09543990343809128,-83.3933334350586,2.896625518798828,0.18586446344852448,0.06669262051582336,-90.71529388427734,0.5411694049835205,0.07207105308771133,0.020759308710694313
216,S7 compound extreme,2,-88.7025375366211,2.1812617778778076,-0.16450446844100952,0.03673173859715462,-95.39340209960938,0.9170539975166321,-0.0840679407119751,0.027692317962646484,-83.04116821289062,2.6179728507995605,0.12805289030075073,0.046385448426008224,-83.15205383300781,2.018169641494751,-0.03489270433783531,0.05294948071241379
216,S7 compound extreme,3,-92.7960433959961,1.635658860206604,-0.19790716469287872,0.007650543469935656,-93.2816162109375,0.30005624890327454,-0.07452572137117386,0.01595504768192768,-85.82994842529297,1.954541563987732,-0.054132115095853806,0.020122257992625237,-83.84820556640625,1.0742731094360352,-0.07013454288244247,0.05133064091205597
216,S7 compound extreme,4,-99.08429718017578,1.2596745491027832,-0.23522697389125824,0.030221574008464813,-101.1253890991211,1.5431180000305176,-0.3656366765499115,0.035488978028297424,-88.33255767822266,2.436805009841919,-0.14151473343372345,0.019498523324728012,-83.61991119384766,1.8319547176361084,-0.1341836005449295,0.0014040208188816905
216,S7 compound extreme,5,-89.92330932617188,2.4105112552642822,-0.13088800013065338,0.04706985130906105,-86.88430786132812,1.7372894287109375,0.014269925653934479,0.0686403438448906,-86.63062286376953,3.4857356548309326,-0.004767893347889185,0.022037813439965248,-90.84159088134766,0.759087085723877,-0.0774543508887291,0.035408854484558105
216,S7 compound extreme,6,-97.46173858642578,0.9825992584228516,-0.2484334111213684,0.01062101125717163,-95.51131439208984,0.8110923767089844,-0.20747725665569305,0.0486997626721859,-83.15792083740234,3.6203935146331787,0.0396103709936142,0.015113545581698418,-89.69393157958984,1.5182286500930786,-0.0392165370285511,0.018206913024187088
216,S7 compound extreme,7,-91.69246673583984,2.745152473449707,-0.1440969556570053,0.03556256368756294,-91.6170654296875,0.8127358555793762,-0.06858279556035995,0.03664674237370491,-87.08383178710938,3.3763539791107178,-0.13533802330493927,0.02630200982093811,-90.85420989990234,0.41630712151527405,-0.08723968267440796,0.02405289188027382
216,S7 compound extreme,8,-99.76092529296875,2.352079153060913,-0.20291459560394287,0.03783072531223297,-95.66248321533203,1.322019338607788,-0.21804280579090118,0.03132568672299385,-82.68802642822266,0.5748893022537231,0.08503782749176025,0.041772954165935516,-90.97403717041016,0.2554965615272522,-0.05007273331284523,0.03936191275715828
216,S7 compound extreme,9,-96.2338638305664,0.9451482892036438,-0.3006720542907715,0.011615520343184471,-88.0806884765625,0.5360450744628906,0.015813535079360008,0.047875091433525085,-86.20365142822266,0.8280937075614929,-0.01294374093413353,0.043078869581222534,-88.3615951538086,0.2949591279029846,0.023521654307842255,0.024285128340125084
216,S7 compound extreme,10,-91.8075180053711,1.9186965227127075,-0.2036389261484146,0.02572391927242279,-95.10465240478516,0.7551403641700745,-0.17201071977615356,0.04058334231376648,-88.3707275390625,2.5283801555633545,-0.015505827032029629,0.05569089576601982,-89.9598617553711,0.9460578560829163,-0.03791848570108414,0.02417745254933834
216,S7 compound extreme,11,-94.14218139648438,0.4748876094818115,-0.1112145408987999,0.016531243920326233,-92.17437744140625,0.6974124312400818,-0.0784030482172966,0.04335837438702583,-89.51416015625,2.1744089126586914,-0.21063284575939178,0.020560381934046745,-90.40337371826172,0.7863509654998779,-0.009014017879962921,0.032966773957014084
216,S7 compound extreme,12,-94.59757232666016,0.2537410855293274,-0.10522673279047012,0.020073236897587776,-90.34366607666016,0.30822181701660156,-0.12291315943002701,0.031178949400782585,-85.40526580810547,1.8602606058120728,0.0035822370555251837,0.034765444695949554,-87.71072387695312,0.6030870079994202,-0.021559178829193115,0.023309044539928436
216,S7 compound extreme,13,-95.01107025146484,1.050956130027771,-0.2639460265636444,0.020891916006803513,-89.32642364501953,0.6973150968551636,0.06121523305773735,0.07706611603498459,-86.6551513671875,2.069955348968506,-0.014282415620982647,0.05076068267226219,-91.7817153930664,0.6752124428749084,0.016472481191158295,0.03297783061861992
216,S7 compound extreme,14,-95.81153106689453,1.115337610244751,-0.12103402614593506,0.020429860800504684,-92.66177368164062,0.5457835793495178,-0.09936092048883438,0.047731608152389526,-86.57364654541016,2.849670886993408,0.025198431685566902,0.019806621596217155,-86.79557037353516,1.4514607191085815,0.0834154412150383,0.02100321277976036
216,S7 compound extreme,15,-91.1192398071289,2.73874831199646,-0.13751457631587982,0.01854165643453598,-88.81610107421875,0.8882238268852234,-0.02082212269306183,0.010600033216178417,-85.54505157470703,2.3787455558776855,-0.08499222248792648,0.026080427691340446,-78.5904312133789,3.259538412094116,0.11939112097024918,0.04442592337727547
216,S7 compound extreme,16,-94.6860580444336,1.0474356412887573,-0.10060761123895645,0.020294606685638428,-74.58124542236328,2.8631763458251953,0.027277469635009766,0.02255340851843357,-82.26360321044922,2.647620439529419,-0.0006986260414123535,0.03833027929067612,-79.02316284179688,3.148881673812866,0.05932709202170372,0.006116659380495548
216,S7 compound extreme,17,-94.47509765625,1.0150327682495117,-0.2542404234409332,0.012857011519372463,-88.56182098388672,0.5925423502922058,0.01980944722890854,0.03912353515625,-86.04096221923828,0.9198299646377563,-0.0016405036440119147,0.05893703177571297,-86.6380386352539,2.15966534614563,0.012387328781187534,0.03168705478310585
216,S8 pyro-feedback ON,0,-91.88616943359375,0.4625263214111328,-0.11012893915176392,0.035811956971883774,-91.24274444580078,1.4159741401672363,0.010890436358749866,0.01509945373982191,-92.03084564208984,0.5272922515869141,-0.11292660236358643,0.01408626139163971,-82.23848724365234,1.5564686059951782,-0.03434125334024429,0.024900982156395912
216,S8 pyro-feedback ON,1,-97.64777374267578,1.3963385820388794,-0.27907806634902954,0.08475206047296524,-96.69940185546875,0.9603530168533325,-0.12572091817855835,0.1165047213435173,-83.13919067382812,2.1099016666412354,-0.02926681935787201,0.012853736989200115,-90.28643798828125,1.331836462020874,0.15869157016277313,0.04586876183748245
216,S8 pyro-feedback ON,2,-86.39965057373047,1.7038843631744385,-0.10699430853128433,0.04301958903670311,-93.5271987915039,1.0145639181137085,-0.06768058985471725,0.021092554554343224,-89.30416107177734,1.3321038484573364,-0.0425155907869339,0.013299328275024891,-82.88323974609375,1.8661471605300903,0.02784171886742115,0.050861429423093796
216,S8 pyro-feedback ON,3,-89.63540649414062,0.6498697996139526,-0.15295806527137756,0.035497117787599564,-93.41726684570312,0.6526359915733337,-0.025980278849601746,0.030229855328798294,-91.87397003173828,0.9056617617607117,-0.12504640221595764,0.020269880071282387,-84.0638656616211,1.555255651473999,0.0008487974409945309,0.03427879512310028
216,S8 pyro-feedback ON,4,-97.93083953857422,3.1803600788116455,-0.1904294341802597,0.05596883222460747,-99.86544799804688,2.089116096496582,-0.40365171432495117,0.06720060855150223,-90.67317962646484,0.9310468435287476,-0.20987391471862793,0.02937246859073639,-82.44330596923828,1.647683024406433,-0.018292991444468498,0.0268242247402668
216,S8 pyro-feedback ON,5,-85.24663543701172,2.2597496509552,-0.0859425887465477,0.006435851566493511,-85.22002410888672,0.9143823981285095,0.014915441162884235,0.04361100122332573,-86.78560638427734,1.795745611190796,-0.0498649887740612,0.04746916517615318,-89.15435791015625,0.01870521530508995,0.013845865614712238,0.030657125636935234
216,S8 pyro-feedback ON,6,-92.33866119384766,1.7207281589508057,-0.13601405918598175,0.016683336347341537,-93.1307601928711,1.0873397588729858,-0.12193936109542847,0.05396253988146782,-89.7099380493164,2.060965061187744,-0.09274380654096603,0.036117590963840485,-88.34534454345703,1.5342035293579102,0.11746499687433243,0.027105223387479782
216,S8 pyro-feedback ON,7,-87.50849151611328,2.3978564739227295,-0.012900018133223057,0.043895747512578964,-89.56265258789062,2.0736770629882812,-0.030382631346583366,0.056004319339990616,-95.18063354492188,1.4214133024215698,-0.265004962682724,0.02061896026134491,-88.33454132080078,0.2738255560398102,-0.02590005099773407,0.038297850638628006
216,S8 pyro-feedback ON,8,-88.31024932861328,2.6204216480255127,0.14629100263118744,0.05404117703437805,-95.4044418334961,0.6671192646026611,-0.07522352784872055,0.10481053590774536,-85.28221130371094,1.4322718381881714,0.12121227383613586,0.03993115574121475,-78.6212387084961,1.520279049873352,0.2562866508960724,0.04719867184758186
216,S8 pyro-feedback ON,9,-83.37042999267578,2.387899875640869,0.03292781487107277,0.03512951359152794,-85.28191375732422,1.5314620733261108,0.15272276103496552,0.029640713706612587,-86.46646118164062,1.5007281303405762,0.019634326919913292,0.019465165212750435,-81.95692443847656,1.0988008975982666,0.13866186141967773,0.02812175638973713
216,S8 pyro-feedback ON,10,-78.48858642578125,3.6967484951019287,0.09493010491132736,0.09855598211288452,-88.4696273803711,0.08673882484436035,0.026126451790332794,0.046916451305150986,-91.80744171142578,1.6228724718093872,-0.06342237442731857,0.05145391449332237,-85.3913803100586,1.022607445716858,0.03150608018040657,0.041126761585474014
216,S8 pyro-feedback ON,11,-81.23665618896484,2.8514652252197266,0.15498532354831696,0.08484791219234467,-87.36572265625,0.417405366897583,0.03353399410843849,0.016952915117144585,-94.79219818115234,2.0020248889923096,-0.2859308123588562,0.026359010487794876,-84.7445068359375,1.5215522050857544,0.11407646536827087,0.04114999994635582
216,S8 pyro-feedback ON,12,-79.409912109375,2.1661534309387207,0.29418420791625977,0.03945159912109375,-85.0810317993164,1.275383710861206,0.06108003482222557,0.07894211262464523,-85.62943267822266,2.4073426723480225,-0.0011444190749898553,0.03579356521368027,-80.43302154541016,0.7487492561340332,0.24350357055664062,0.0578266903758049
216,S8 pyro-feedback ON,13,-81.6797103881836,3.7405381202697754,0.12415885925292969,0.03421894833445549,-82.95671844482422,1.5291152000427246,0.17007191479206085,0.03635599464178085,-85.0402603149414,2.283867359161377,0.01688402332365513,0.03099636919796467,-83.1916275024414,0.9683214426040649,0.30205294489860535,0.04791431874036789
216,S8 pyro-feedback ON,14,-82.99720001220703,3.4926140308380127,0.12622816860675812,0.07907569408416748,-86.5549545288086,1.3841040134429932,0.05808316543698311,0.03836634010076523,-90.8166275024414,1.2197343111038208,-0.03961643576622009,0.002976302057504654,-79.31734466552734,1.0872067213058472,0.14778190851211548,0.021346068009734154
216,S8 pyro-feedback ON,15,-83.82192993164062,3.8539373874664307,0.024044953286647797,0.06889384239912033,-84.45587921142578,0.7725265026092529,0.10041415691375732,0.010208620689809322,-91.96685028076172,1.6070587635040283,-0.16390079259872437,0.004437963478267193,-74.11392211914062,2.340441942214966,0.139826238155365,0.004020327236503363
216,S8 pyro-feedback ON,16,-82.54878997802734,0.586604118347168,0.2234303504228592,0.037213053554296494,-71.3259506225586,2.6230876445770264,0.22175443172454834,0.04544098675251007,-85.01226806640625,1.2052675485610962,-0.04444296658039093,0.008368773385882378,-75.0612564086914,2.3660738468170166,0.07729954272508621,0.04428642988204956
216,S8 pyro-feedback ON,17,-81.10807037353516,1.9011547565460205,0.11918940395116806,0.050943903625011444,-84.67613983154297,1.9316023588180542,0.2531583607196808,0.11150498688220978,-85.87908172607422,1.1603695154190063,-0.00475051486864686,0.04313764348626137,-80.45526123046875,3.114048719406128,0.0850183293223381,0.054393600672483444
253,S0 baseline,0,-89.2977294921875,5.132137775421143,-0.002687412081286311,0.1141672357916832,-94.62120819091797,1.8407931327819824,-0.05831919610500336,0.027455296367406845,-83.6205825805664,0.6134543418884277,0.0710911676287651,0.0511406846344471,-76.7204818725586,1.308132529258728,0.11461279541254044,0.0684625506401062
253,S0 baseline,1,-91.71085357666016,3.7095859050750732,-0.0641774833202362,0.10131675004959106,-88.50436401367188,2.247692823410034,0.024999285116791725,0.041857216507196426,-75.8268814086914,0.641872763633728,0.1601804494857788,0.025252094492316246,-79.94894409179688,0.982758641242981,0.08147510141134262,0.05026187002658844
253,S0 baseline,2,-86.51922607421875,3.665949583053589,-0.0379854217171669,0.11742240190505981,-75.1621322631836,1.6358630657196045,0.38703611493110657,0.08211781829595566,-80.9322738647461,0.9923570156097412,0.011539548635482788,0.025191476568579674,-85.01323699951172,0.7837671637535095,-0.015320847742259502,0.046975016593933105
253,S0 baseline,3,-91.01382446289062,3.460273027420044,-0.0648951455950737,0.10694950073957443,-78.62296295166016,0.828680694103241,0.17197807133197784,0.04875721409916878,-85.48111724853516,2.5422251224517822,-0.03940537944436073,0.02310819737613201,-78.07158660888672,1.0170940160751343,0.02928498387336731,0.052001938223838806
253,S0 baseline,4,-90.67499542236328,4.146173477172852,-0.08790206909179688,0.08628984540700912,-97.07259368896484,2.9690287113189697,-0.15554110705852509,0.02152569405734539,-76.46710205078125,3.7981929779052734,0.047540873289108276,0.046956535428762436,-80.6631088256836,1.6275484561920166,0.10075914859771729,0.062433429062366486
253,S0 baseline,5,-91.44650268554688,3.549299478530884,-0.08666769415140152,0.0791717991232872,-86.31149291992188,0.3705182373523712,-0.014894661493599415,0.07659369707107544,-74.98603820800781,1.7515456676483154,0.035426728427410126,0.08445180207490921,-79.1787338256836,2.5312411785125732,0.07855255156755447,0.06706007570028305
253,S0 baseline,6,-78.73831939697266,5.40492582321167,0.18470622599124908,0.12634029984474182,-64.3214340209961,2.4839584827423096,0.5036411881446838,0.07104895263910294,-76.38896942138672,1.8645952939987183,0.027368849143385887,0.04315629601478577,-78.76290130615234,2.0623748302459717,0.050331685692071915,0.020969588309526443
253,S0 baseline,7,-92.6720199584961,3.692582845687866,-0.03211531415581703,0.10889847576618195,-78.03856658935547,1.2196751832962036,0.05147638916969299,0.0574612095952034,-79.4181137084961,1.675277829170227,-0.04789552465081215,0.09219092130661011,-83.40205383300781,3.9458460807800293,-0.12431111931800842,0.05105781927704811
253,S0 baseline,8,-85.60663604736328,2.403524160385132,0.16790612041950226,0.07863034307956696,-79.1415786743164,1.3261371850967407,-0.08027023077011108,0.05747491866350174,-76.03488159179688,3.6064348220825195,-0.008667533285915852,0.10267550498247147,-77.78131866455078,3.123431921005249,0.10116250067949295,0.05928169935941696
253,S0 baseline,9,-91.54766082763672,2.705422878265381,-0.014319379813969135,0.08590810000896454,-79.21904754638672,1.3152960538864136,-0.04518386349081993,0.11122078448534012,-74.1675796508789,2.680762529373169,0.1617150753736496,0.06348175555467606,-83.2087631225586,3.797846555709839,-0.12407789379358292,0.05863356217741966
253,S0 baseline,10,-86.4815902709961,6.012727737426758,0.023624839261174202,0.1280168741941452,-66.6671142578125,2.549651622772217,0.1805284172296524,0.044440023601055145,-77.62271881103516,1.2341818809509277,0.1053745225071907,0.035971127450466156,-85.64673614501953,2.657170295715332,-0.21306349337100983,0.049769189208745956
253,S0 baseline,11,-89.97359466552734,3.908367395401001,-0.0808081328868866,0.10493400692939758,-62.49800491333008,1.4626116752624512,0.16814644634723663,0.0629001185297966,-82.4699935913086,3.0004661083221436,-0.07053995877504349,0.03407680243253708,-82.5376205444336,4.685258865356445,-0.1276365965604782,0.05485689267516136
253,S0 baseline,12,-83.59027099609375,3.20302677154541,0.08254493027925491,0.08082102984189987,-72.49547576904297,1.8565657138824463,0.11435810476541519,0.06318093091249466,-76.41434478759766,3.1222856044769287,0.06384728848934174,0.08338497579097748,-80.02043151855469,3.504746437072754,-0.06990355998277664,0.041983116418123245
253,S0 baseline,13,-91.83072662353516,2.7195017337799072,-0.13651476800441742,0.028536783531308174,-68.68301391601562,2.3322243690490723,0.286173552274704,0.03764955326914787,-73.23088836669922,2.1761152744293213,0.08962703496217728,0.02173342928290367,-76.09672546386719,2.9328205585479736,0.10344654321670532,0.04202975705265999
253,S0 baseline,14,-62.08051681518555,2.8425686359405518,0.5489005446434021,0.06585269421339035,-69.69771575927734,3.3300068378448486,0.498945027589798,0.035287439823150635,-72.01604461669922,3.0730645656585693,0.12066454440355301,0.040496207773685455,-79.63777923583984,1.4343252182006836,0.19708459079265594,0.0436977855861187
253,S0 baseline,15,-80.32568359375,3.1156442165374756,0.30413925647735596,0.03954010084271431,-75.32898712158203,0.28954675793647766,0.3004786968231201,0.046753060072660446,-66.47451782226562,0.7244605422019958,0.1977250576019287,0.07144187390804291,-73.4307632446289,2.96693754196167,0.24064604938030243,0.061128418892621994
253,S0 baseline,16,-84.84235382080078,2.6682796478271484,-0.06448780000209808,0.0429152175784111,-85.57269287109375,3.272878408432007,0.06991040706634521,0.050516027957201004,-69.52316284179688,1.885360598564148,0.08143693953752518,0.04255012795329094,-74.00885009765625,3.690035581588745,0.16236956417560577,0.03950727358460426
253,S0 baseline,17,-88.40245819091797,2.4935719966888428,-0.09428449720144272,0.053780704736709595,-76.18770599365234,2.9852793216705322,0.1993219405412674,0.04129962995648384,-66.88848114013672,0.9267542958259583,0.11721060425043106,0.05646120011806488,-74.0239486694336,1.8339085578918457,0.17867101728916168,0.07464008778333664
253,S0 baseline,18,-55.29710006713867,2.6421077251434326,0.5733779072761536,0.036125943064689636,-68.76544189453125,2.142230749130249,0.4603396952152252,0.030038274824619293,-73.95977020263672,1.6710292100906372,0.36333784461021423,0.025806410238146782,-72.68179321289062,3.6365561485290527,0.20079360902309418,0.062599778175354
253,S0 baseline,19,-75.77190399169922,3.227574110031128,0.37201449275016785,0.050007592886686325,-61.817623138427734,2.9384686946868896,0.6891451478004456,0.0344233401119709,-78.67093658447266,3.2282919883728027,0.09693372249603271,0.049832139164209366,-80.71358489990234,1.7358640432357788,0.18017369508743286,0.055168598890304565
253,S0 baseline,20,-77.6683578491211,2.5959365367889404,0.1640855073928833,0.06962715089321136,-84.54936981201172,3.296693801879883,0.09792953729629517,0.03846345096826553,-71.18230438232422,1.8034216165542603,0.012854267843067646,0.08973172307014465,-84.25923919677734,2.8103857040405273,-0.019359298050403595,0.05718747898936272
253,S0 baseline,21,-90.69103240966797,2.7273731231689453,0.018230563029646873,0.042131099849939346,-82.80179595947266,3.064621925354004,0.14202722907066345,0.05440116301178932,-74.23693084716797,2.158775568008423,0.07156047970056534,0.03508390486240387,-84.1750259399414,0.7096683979034424,0.035503339022397995,0.05420570448040962
253,S0 baseline,22,-79.40431213378906,3.363621711730957,0.19786269962787628,0.057958755642175674,-77.64582061767578,1.6429616212844849,0.16565418243408203,0.06778417527675629,-80.01936340332031,0.9930908679962158,0.06268531084060669,0.03467316925525665,-93.0131607055664,0.9335885047912598,-0.33780524134635925,0.07867784798145294
253,S1 wind +20%,0,-89.6251220703125,5.379945755004883,-0.012777048163115978,0.1139703243970871,-95.69918060302734,1.7064682245254517,-0.06518074870109558,0.019520632922649384,-83.63886260986328,0.8012335896492004,0.14131896197795868,0.07881857454776764,-76.0085678100586,1.5469704866409302,0.29050007462501526,0.11322558671236038
253,S1 wind +20%,1,-92.22066497802734,3.9214186668395996,-0.06455015391111374,0.09910900890827179,-88.8790054321289,2.0277750492095947,0.020442228764295578,0.0413992740213871,-75.81626892089844,0.6421177983283997,0.16617904603481293,0.025243321433663368,-79.6641845703125,1.1142101287841797,0.08464261144399643,0.05155524984002113
253,S1 wind +20%,2,-86.51922607421875,3.665949583053589,-0.02597537450492382,0.12570875883102417,-74.85733795166016,0.4712499678134918,0.40785714983940125,0.08053741604089737,-80.62786102294922,1.2009456157684326,0.0040088314563035965,0.01834024302661419,-85.19091796875,0.7871240377426147,-0.023896628990769386,0.05068938434123993
253,S1 wind +20%,3,-89.94063568115234,4.189982891082764,-0.009462651796638966,0.11549384146928787,-78.52669525146484,1.0864189863204956,0.18581359088420868,0.0487377792596817,-85.83627319335938,2.7454490661621094,-0.04760982468724251,0.02517562173306942,-77.638916015625,1.0784649848937988,0.10486755520105362,0.06261766701936722
253,S1 wind +20%,4,-90.65868377685547,4.398074150085449,-0.09400440007448196,0.0900256335735321,-92.5700912475586,2.295811891555786,-0.11289381235837936,0.04318408668041229,-77.05069732666016,3.5807554721832275,0.07372841984033585,0.05634799227118492,-79.88016510009766,1.5283029079437256,0.08683958649635315,0.058689508587121964
253,S1 wind +20%,5,-90.9806137084961,3.748289108276367,-0.08634740859270096,0.07811477780342102,-86.2787857055664,0.3710283041000366,-0.0058417790569365025,0.07114890217781067,-74.77928161621094,2.180318832397461,0.034904543310403824,0.08980488032102585,-79.21392822265625,2.5239222049713135,0.06522595882415771,0.07859314233064651
253,S1 wind +20%,6,-78.87954711914062,5.333434104919434,0.18470622599124908,0.12634029984474182,-64.3214340209961,2.4839584827423096,0.5066445469856262,0.06670132279396057,-76.38896942138672,1.8645952939987183,0.03131416440010071,0.05802349001169205,-78.56044006347656,2.3485589027404785,0.03625744208693504,0.028469104319810867
253,S1 wind +20%,7,-92.7433853149414,3.689556837081909,-0.03001892752945423,0.11175347119569778,-78.03856658935547,1.2196751832962036,0.05447978153824806,0.05824664235115051,-79.4181137084961,1.675277829170227,-0.03782159090042114,0.1013437882065773,-83.07305908203125,4.363602161407471,-0.13072019815444946,0.053454477339982986
253,S1 wind +20%,8,-85.63886260986328,2.3581526279449463,0.17162345349788666,0.07523175328969955,-79.1415786743164,1.3261371850967407,-0.08257249742746353,0.057860489934682846,-76.09674835205078,3.518963098526001,-0.004761362913995981,0.10001461952924728,-77.94393157958984,3.4286298751831055,0.11192383617162704,0.06280973553657532
253,S1 wind +20%,9,-91.6240463256836,2.7459447383880615,-0.012367774732410908,0.08463148772716522,-79.21904754638672,1.3152960538864136,-0.042768221348524094,0.1058427020907402,-74.22943878173828,2.596367120742798,0.16208727657794952,0.06203032657504082,-83.2628402709961,4.1651411056518555,-0.13007982075214386,0.056406326591968536
253,S1 wind +20%,10,-87.18921661376953,5.487361907958984,0.02796987257897854,0.12521785497665405,-67.84349822998047,2.017641067504883,0.16030804812908173,0.04382263869047165,-77.57422637939453,1.1673874855041504,0.1053745225071907,0.035971127450466156,-86.04976654052734,2.67022967338562,-0.2108059525489807,0.05006183683872223
253,S1 wind +20%,11,-90.71807098388672,3.6053221225738525,-0.07507571578025818,0.10084027796983719,-63.72873306274414,1.1514390707015991,0.15855993330478668,0.0633770003914833,-82.45935821533203,2.909658670425415,-0.07461706548929214,0.03505617752671242,-82.4093246459961,4.894631385803223,-0.10755100101232529,0.069857157766819
253,S1 wind +20%,12,-79.67987060546875,2.920304536819458,0.2453172355890274,0.08853258192539215,-73.46337890625,1.439253807067871,0.12172428518533707,0.05853937193751335,-76.47018432617188,3.0706357955932617,0.06384728848934174,0.08338497579097748,-79.6585693359375,3.99942946434021,-0.06673754006624222,0.03894000127911568
253,S1 wind +20%,13,-87.4192886352539,2.114619255065918,-0.008759155869483948,0.03079085424542427,-68.10055541992188,2.1817805767059326,0.3100339472293854,0.03788624703884125,-73.69172668457031,2.4445321559906006,0.08673673123121262,0.021390747278928757,-76.08576202392578,3.2075560092926025,0.12429366260766983,0.04695995897054672
253,S1 wind +20%,14,-62.77313232421875,2.6464855670928955,0.5505813956260681,0.06983008235692978,-70.21345520019531,3.042841672897339,0.49302685260772705,0.03530874848365784,-72.01604461669922,3.0730645656585693,0.1155535876750946,0.036585137248039246,-79.50293731689453,1.5689234733581543,0.25101104378700256,0.06599846482276917
253,S1 wind +20%,15,-80.04499053955078,2.983262777328491,0.3094444274902344,0.04487736523151398,-75.34833526611328,0.301891565322876,0.29934385418891907,0.046817123889923096,-66.57109832763672,0.6390949487686157,0.19444532692432404,0.07449032366275787,-72.65149688720703,2.816193103790283,0.25627732276916504,0.08745035529136658
253,S1 wind +20%,16,-84.97883605957031,2.5772030353546143,-0.06262855976819992,0.04220738634467125,-85.57269287109375,3.272878408432007,0.08271406590938568,0.048190779983997345,-69.51973724365234,2.10947585105896,0.13034279644489288,0.05834205448627472,-74.13159942626953,3.6281182765960693,0.30628883838653564,0.07672133296728134
253,S1 wind +20%,17,-88.42249298095703,2.2019922733306885,-0.096825011074543,0.052513666450977325,-75.97208404541016,3.235400915145874,0.20423893630504608,0.042754966765642166,-69.23816680908203,1.362906813621521,0.16806966066360474,0.06206732988357544,-73.07465362548828,2.5301027297973633,0.3312382996082306,0.12489740550518036
253,S1 wind +20%,18,-51.9047737121582,2.5339889526367188,0.615058183670044,0.03463124483823776,-68.76544189453125,2.142230749130249,0.46158114075660706,0.030094701796770096,-73.91590118408203,1.6639689207077026,0.35922297835350037,0.03133438527584076,-72.09175872802734,3.8175671100616455,0.22192323207855225,0.06464406847953796
253,S1 wind +20%,19,-75.61734771728516,3.0623257160186768,0.37083402276039124,0.049275387078523636,-61.83696365356445,2.9140994548797607,0.6891451478004456,0.0344233401119709,-78.82785034179688,3.1425209045410156,0.09689569473266602,0.05003412440419197,-80.57266235351562,1.6965352296829224,0.22085575759410858,0.06523080170154572
253,S1 wind +20%,20,-77.83233642578125,2.5179760456085205,0.1679614633321762,0.07082168012857437,-84.54936981201172,3.296693801879883,0.1041007861495018,0.03474801406264305,-72.7499771118164,2.111990451812744,0.014905117452144623,0.08286520838737488,-84.23504638671875,2.79547381401062,-0.027865221723914146,0.05519469454884529
253,S1 wind +20%,21,-91.52728271484375,3.202028751373291,-0.02588523179292679,0.030545944347977638,-82.91851043701172,3.1852145195007324,0.15191444754600525,0.053995586931705475,-74.3578872680664,2.209078073501587,0.16603726148605347,0.03492157533764839,-85.457275390625,0.8303321599960327,0.16486519575119019,0.06911687552928925
253,S1 wind +20%,22,-71.0511245727539,3.2715706825256348,0.3266165256500244,0.07685351371765137,-77.5843505859375,1.715319037437439,0.18092966079711914,0.0704645961523056,-79.90943145751953,0.9138917326927185,0.21995137631893158,0.046955354511737823,-92.75497436523438,0.9453821182250977,-0.28665533661842346,0.10202562808990479
253,S2 heatwave +5K,0,-89.27274322509766,5.125949859619141,-0.007314868271350861,0.10953827202320099,-93.43367767333984,2.7498779296875,-0.05958503484725952,0.025423018261790276,-83.52808380126953,0.6946863532066345,0.06694608181715012,0.050238680094480515,-77.14696502685547,1.2020989656448364,0.09261303395032883,0.06585923582315445
253,S2 heatwave +5K,1,-91.91220092773438,3.5560431480407715,-0.09005985409021378,0.0878671258687973,-89.22802734375,1.7041501998901367,0.016563361510634422,0.03606924042105675,-76.38058471679688,0.4590994119644165,0.14343897998332977,0.011104924604296684,-81.06620788574219,1.6904308795928955,0.0740327462553978,0.05155405029654503
253,S2 heatwave +5K,2,-85.41131591796875,3.6905758380889893,-0.033437855541706085,0.12185581773519516,-75.23841094970703,1.5368050336837769,0.38549503684043884,0.07812301069498062,-81.03765106201172,1.0623921155929565,0.010486056096851826,0.024775777012109756,-85.0770492553711,0.8284895420074463,-0.025099769234657288,0.056498050689697266
253,S2 heatwave +5K,3,-89.85437774658203,3.19114351272583,-0.0637948140501976,0.10292523354291916,-78.73542022705078,0.7495615482330322,0.1696212738752365,0.046530015766620636,-85.73782348632812,2.903424024581909,-0.043817076832056046,0.022314876317977905,-79.86541748046875,0.907115638256073,-0.044303521513938904,0.05226796865463257
253,S2 heatwave +5K,4,-88.40718841552734,3.6712539196014404,-0.06904162466526031,0.08724969625473022,-96.4472885131836,3.459254503250122,-0.16563504934310913,0.026548191905021667,-76.66452026367188,3.852923631668091,0.01564020849764347,0.05559628829360008,-81.09005737304688,1.5691198110580444,0.07979395985603333,0.05916924774646759
253,S2 heatwave +5K,5,-89.80426788330078,3.344165563583374,-0.08231251686811447,0.08033471554517746,-85.38711547851562,0.7737050652503967,-0.01122214924544096,0.07816912978887558,-74.82027435302734,1.8620620965957642,0.04712988808751106,0.08528618514537811,-79.39984893798828,2.426744222640991,0.0496491901576519,0.06266607344150543
253,S2 heatwave +5K,6,-78.62183380126953,5.450745105743408,0.18397104740142822,0.12881764769554138,-64.47592163085938,2.6080727577209473,0.4978034496307373,0.06954491138458252,-76.19012451171875,2.0547075271606445,0.026431262493133545,0.04195309430360794,-78.83331298828125,2.1166574954986572,0.04898187518119812,0.018722053617239
253,S2 heatwave +5K,7,-90.6724853515625,3.0193252563476562,-0.0032860736828297377,0.10121425986289978,-73.2144546508789,1.680707335472107,0.1360948532819748,0.05370313674211502,-79.82762908935547,1.7271342277526855,-0.03934400901198387,0.08978116512298584,-78.37029266357422,2.7994401454925537,0.11031617969274521,0.07524865120649338
253,S2 heatwave +5K,8,-84.42938232421875,2.075167417526245,0.16782303154468536,0.07834701985120773,-78.02336883544922,1.4872325658798218,-0.0896337702870369,0.06324215233325958,-76.10051727294922,3.8310327529907227,-0.020572399720549583,0.10686974227428436,-78.01567840576172,2.9281203746795654,0.08829036355018616,0.05939885601401329
253,S2 heatwave +5K,9,-91.00818634033203,3.1168053150177,-0.0232718363404274,0.08467178791761398,-79.5158462524414,1.5413627624511719,-0.03752720728516579,0.1013098880648613,-72.81451416015625,2.5651769638061523,0.17635178565979004,0.06526995450258255,-82.32415008544922,4.080015659332275,-0.12053384631872177,0.0622786208987236
253,S2 heatwave +5K,10,-86.76441192626953,6.225299835205078,0.003375507891178131,0.1189294159412384,-67.48822021484375,2.2699499130249023,0.18152159452438354,0.047163087874650955,-77.48666381835938,1.444698452949524,0.11469946056604385,0.03925057873129845,-84.7223892211914,2.894785165786743,-0.1967281848192215,0.03738990053534508
253,S2 heatwave +5K,11,-90.23827362060547,4.714501857757568,-0.11478241533041,0.08889362961053848,-65.80780029296875,1.0817886590957642,0.15816546976566315,0.07098972052335739,-82.44699096679688,2.8965179920196533,-0.0700632631778717,0.026410941034555435,-81.49468994140625,4.620923042297363,-0.1069357767701149,0.033338144421577454
253,S2 heatwave +5K,12,-87.45308685302734,3.5764729976654053,0.0012051226804032922,0.08318775147199631,-71.26242065429688,2.5570969581604004,0.13309700787067413,0.0297891553491354,-74.60517883300781,3.4460630416870117,0.10579744726419449,0.057803623378276825,-80.64772033691406,4.005161762237549,-0.07016775757074356,0.038885220885276794
253,S2 heatwave +5K,13,-93.26038360595703,2.5152504444122314,-0.2394840568304062,0.06962041556835175,-72.49797821044922,2.5076828002929688,0.25824522972106934,0.05192963406443596,-73.2999267578125,2.3125758171081543,0.10973233729600906,0.013471463695168495,-75.03854370117188,2.8566739559173584,0.10827478021383286,0.037821102887392044
253,S2 heatwave +5K,14,-67.6146469116211,3.3821945190429688,0.3822563886642456,0.13249404728412628,-69.9654541015625,3.105959892272949,0.5119723081588745,0.03329930454492569,-72.38603973388672,3.282857656478882,0.17035214602947235,0.022014586254954338,-79.98265838623047,0.9144033193588257,0.1854749470949173,0.0303698368370533
253,S2 heatwave +5K,15,-82.68277740478516,3.6218700408935547,0.2464093714952469,0.04038555920124054,-75.8056411743164,0.42773428559303284,0.2931162714958191,0.047297537326812744,-71.32796478271484,0.8541467785835266,0.11385525017976761,0.041036538779735565,-73.11666107177734,3.1127612590789795,0.22739702463150024,0.055662091821432114
253,S2 heatwave +5K,16,-83.57422637939453,2.8453569412231445,-0.014447594992816448,0.03604602441191673,-86.39830780029297,2.985415458679199,0.07752051949501038,0.03199677914381027,-68.8658676147461,1.8151088953018188,0.07742902636528015,0.04221903532743454,-72.64105224609375,3.703368663787842,0.18030373752117157,0.04340577498078346
253,S2 heatwave +5K,17,-87.00516510009766,2.4926204681396484,-0.0723738744854927,0.07193853706121445,-79.3919906616211,1.56721031665802,0.2342081516981125,0.03358875587582588,-66.21024322509766,0.5747936964035034,0.1511724591255188,0.04233105853199959,-72.85266876220703,1.8259435892105103,0.18006904423236847,0.0729517936706543
253,S2 heatwave +5K,18,-57.93391799926758,3.813558340072632,0.5223946571350098,0.016208777204155922,-69.27477264404297,2.2229225635528564,0.4346715211868286,0.03301125392317772,-73.57738494873047,1.7783963680267334,0.399348646402359,0.05252210423350334,-71.33844757080078,4.595699310302734,0.22094185650348663,0.07274269312620163
253,S2 heatwave +5K,19,-79.40640258789062,3.886127233505249,0.20655493438243866,0.07905852794647217,-62.9445686340332,2.891968250274658,0.6737683415412903,0.027322083711624146,-79.21039581298828,3.3817901611328125,0.14201758801937103,0.05500413104891777,-81.18941497802734,2.1480555534362793,0.1820303350687027,0.06272035837173462
253,S2 heatwave +5K,20,-79.45342254638672,3.384054183959961,0.21965031325817108,0.06566725671291351,-82.02239990234375,2.666079044342041,0.2149357944726944,0.049589723348617554,-70.7010498046875,0.9329218864440918,-0.00900460034608841,0.06497464329004288,-83.93192291259766,2.484118938446045,-0.016739310696721077,0.05355415120720863
253,S2 heatwave +5K,21,-89.80868530273438,2.326050281524658,0.007042817771434784,0.06082623079419136,-84.7629623413086,3.394296646118164,0.12541969120502472,0.05690738186240196,-79.94905090332031,0.2513166666030884,-0.046773236244916916,0.015331177040934563,-85.14739227294922,1.0408427715301514,0.016389528289437294,0.05118520185351372
253,S2 heatwave +5K,22,-81.25330352783203,4.552483081817627,0.0895102322101593,0.07159943133592606,-71.71839141845703,1.5568050146102905,0.21533198654651642,0.06039828062057495,-79.97418975830078,1.0993434190750122,0.11497140675783157,0.05133044347167015,-87.4425277709961,1.5234607458114624,-0.09522499889135361,0.09090761095285416
253,S3 drying RH -30%,0,-89.23101043701172,5.032233238220215,-0.002937277080491185,0.11250943690538406,-94.56497955322266,1.8179047107696533,-0.06229187548160553,0.030931811779737473,-83.65068817138672,0.5993679761886597,0.07003767043352127,0.05256052687764168,-76.79418182373047,1.307371973991394,0.1018759086728096,0.06439261138439178
253,S3 drying RH -30%,1,-91.6041030883789,3.596797227859497,-0.06959325075149536,0.09173814952373505,-88.4326400756836,1.9896876811981201,0.021243751049041748,0.04395773634314537,-75.8552474975586,0.6611489653587341,0.1462194174528122,0.028981441631913185,-80.4371337890625,1.1909700632095337,0.07586858421564102,0.05050347000360489
253,S3 drying RH -30%,2,-86.2822036743164,3.748593330383301,-0.033437855541706085,0.12185581773519516,-75.14620971679688,1.4902106523513794,0.383908748626709,0.08275454491376877,-80.98883056640625,1.0262361764907837,0.00897111464291811,0.0232976283878088,-85.0037841796875,0.7765610814094543,-0.025099769234657288,0.056498050689697266
253,S3 drying RH -30%,3,-90.5296859741211,3.7107133865356445,-0.06576857715845108,0.10074301809072495,-78.6378173828125,0.803896427154541,0.17146094143390656,0.04913086071610451,-85.71788787841797,2.887890100479126,-0.04717203974723816,0.022628095000982285,-79.74163818359375,0.9416412711143494,-0.044303521513938904,0.05226796865463257
253,S3 drying RH -30%,4,-89.38249969482422,3.788886785507202,-0.07050726562738419,0.09222882241010666,-96.70813751220703,2.896313190460205,-0.1490248590707779,0.023738369345664978,-76.38349914550781,3.8342764377593994,0.04072504863142967,0.053254615515470505,-80.76010131835938,1.5089948177337646,0.10245702415704727,0.06256376206874847
253,S3 drying RH -30%,5,-90.22640228271484,3.387007474899292,-0.08570548892021179,0.07959062606096268,-86.0571060180664,0.5505977272987366,-0.009334534406661987,0.07759638130664825,-75.20832824707031,1.621114730834961,0.039755672216415405,0.08797892183065414,-79.13948822021484,2.446808099746704,0.08119114488363266,0.06270111352205276
253,S3 drying RH -30%,6,-78.45330810546875,5.378042697906494,0.18397104740142822,0.12881764769554138,-63.84541320800781,2.441495656967163,0.49600720405578613,0.07186824828386307,-75.87152862548828,1.9580374956130981,0.029384521767497063,0.04297833889722824,-78.83331298828125,2.1166574954986572,0.045173849910497665,0.0220288448035717
253,S3 drying RH -30%,7,-91.26385498046875,3.402207851409912,0.04439734295010567,0.09149106591939926,-72.71826934814453,1.6982672214508057,0.16998839378356934,0.03990374132990837,-80.07476043701172,1.9136000871658325,-0.045479435473680496,0.08136271685361862,-78.14231872558594,2.8463058471679688,0.11479246616363525,0.0717037171125412
253,S3 drying RH -30%,8,-85.3092041015625,2.389742612838745,0.1709899753332138,0.07970806956291199,-78.02336883544922,1.4872325658798218,-0.08087559789419174,0.060740359127521515,-76.05474853515625,3.7957420349121094,0.003254413604736328,0.10062537342309952,-77.71762084960938,2.7230312824249268,0.1042802706360817,0.05968727171421051
253,S3 drying RH -30%,9,-91.8571548461914,3.2037289142608643,-0.03851686790585518,0.08200356364250183,-79.66351318359375,1.3541260957717896,-0.03429047763347626,0.10485194623470306,-72.76874542236328,2.5276403427124023,0.185725137591362,0.06437695771455765,-82.32489776611328,3.800321340560913,-0.10765532404184341,0.05259470269083977
253,S3 drying RH -30%,10,-86.16368865966797,5.146508693695068,0.010543487966060638,0.11751548945903778,-67.40491485595703,2.1521432399749756,0.18373513221740723,0.05012519657611847,-77.48666381835938,1.444698452949524,0.1237589493393898,0.04010799154639244,-84.56826782226562,2.670377254486084,-0.19468240439891815,0.03939688950777054
253,S3 drying RH -30%,11,-90.00870513916016,4.363187313079834,-0.11529626697301865,0.07488571107387543,-65.72449493408203,0.9799824953079224,0.16678760945796967,0.080886110663414,-82.44699096679688,2.8965179920196533,-0.052510201930999756,0.02756565809249878,-81.5755386352539,4.3705573081970215,-0.02463490702211857,0.03474802523851395
253,S3 drying RH -30%,12,-88.6003189086914,3.453460693359375,-0.00558503856882453,0.08447524160146713,-72.24093627929688,2.4342169761657715,0.13514673709869385,0.04068008437752724,-74.4004135131836,3.2574853897094727,0.13250112533569336,0.05444219335913658,-79.70328521728516,3.9776742458343506,-0.06301260739564896,0.024623477831482887
253,S3 drying RH -30%,13,-93.62755584716797,2.8088364601135254,-0.23044125735759735,0.06668783724308014,-72.5561294555664,2.421049118041992,0.28885912895202637,0.05352093279361725,-73.04195404052734,2.5028607845306396,0.13888198137283325,0.009486188180744648,-74.6556625366211,2.699054002761841,0.12474522739648819,0.034741077572107315
253,S3 drying RH -30%,14,-68.1366958618164,2.9638822078704834,0.3521343767642975,0.11823198944330215,-70.22447967529297,3.0242974758148193,0.5054349899291992,0.027632011100649834,-72.49105834960938,2.564958333969116,0.16526560485363007,0.023838819935917854,-80.18317413330078,1.3114835023880005,0.19057410955429077,0.03015754744410515
253,S3 drying RH -30%,15,-82.15515899658203,3.638620615005493,0.2458142638206482,0.036024294793605804,-75.62080383300781,0.4073081314563751,0.2957259714603424,0.050264112651348114,-71.1165771484375,0.6319876313209534,0.14792238175868988,0.033032700419425964,-73.1144027709961,2.973729133605957,0.23265886306762695,0.06016772612929344
253,S3 drying RH -30%,16,-84.32943725585938,3.25209903717041,-0.023793287575244904,0.031613949686288834,-86.944091796875,2.8824775218963623,0.10254807025194168,0.028118479996919632,-68.9828109741211,1.8936128616333008,0.1427692174911499,0.05496715381741524,-72.40396881103516,3.5227675437927246,0.1841597557067871,0.03531535714864731
253,S3 drying RH -30%,17,-88.27765655517578,2.648314952850342,-0.08164482563734055,0.07303722202777863,-79.67552947998047,1.5126105546951294,0.24689680337905884,0.03626042231917381,-65.97219848632812,0.6815255880355835,0.16931432485580444,0.03360521048307419,-72.54109954833984,1.4440908432006836,0.1908160299062729,0.07523245364427567
253,S3 drying RH -30%,18,-62.78669738769531,4.106597423553467,0.34196221828460693,0.059346046298742294,-69.49541473388672,2.1175856590270996,0.42489802837371826,0.016474522650241852,-73.68650817871094,1.8558155298233032,0.39806774258613586,0.051226839423179626,-72.0992660522461,4.662213325500488,0.23333190381526947,0.07522285729646683
253,S3 drying RH -30%,19,-79.40640258789062,3.886127233505249,0.20655493438243866,0.07905852794647217,-64.12519073486328,3.079468011856079,0.6556820869445801,0.016486002132296562,-79.21039581298828,3.3817901611328125,0.1442870795726776,0.052504368126392365,-81.22831726074219,2.2028703689575195,0.17817401885986328,0.06514772772789001
253,S3 drying RH -30%,20,-80.80742645263672,2.8268392086029053,0.2171204537153244,0.06642211973667145,-83.453857421875,2.8755626678466797,0.2275245040655136,0.05256650596857071,-71.03401184082031,0.4947701692581177,0.017672155052423477,0.05672150477766991,-82.86384582519531,2.752619981765747,0.019701840355992317,0.03879149630665779
253,S3 drying RH -30%,21,-90.3128433227539,3.067833185195923,0.013705771416425705,0.05461506545543671,-84.78890228271484,3.3455777168273926,0.14032690227031708,0.057098813354969025,-79.74592590332031,0.3547222912311554,0.008425883017480373,0.02394811622798443,-85.014892578125,1.0384926795959473,0.029767796397209167,0.05296385660767555
253,S3 drying RH -30%,22,-83.046142578125,4.517773151397705,0.10432086139917374,0.06793852895498276,-70.36744689941406,2.7592813968658447,0.2660319209098816,0.032999295741319656,-80.11237335205078,1.1317845582962036,0.11844983696937561,0.058293238282203674,-86.7460708618164,1.869020700454712,-0.08839577436447144,0.09395962208509445
253,S4 rain-out,0,-90.30020141601562,4.658987998962402,-0.024048367515206337,0.1366678923368454,-93.25299835205078,1.1381468772888184,-0.04894225671887398,0.0332707017660141,-82.96739959716797,0.9016794562339783,0.06408759951591492,0.050724681466817856,-76.34474182128906,0.9872523546218872,0.12521974742412567,0.06474711745977402
253,S4 rain-out,1,-92.87749481201172,2.8623294830322266,-0.10569604486227036,0.10302677005529404,-88.9719467163086,2.7144522666931152,0.014576113782823086,0.0433671809732914,-75.70885467529297,0.6643718481063843,0.1551475077867508,0.014165667816996574,-80.16525268554688,1.1896508932113647,0.08339199423789978,0.05000654235482216
253,S4 rain-out,2,-88.52886199951172,4.17206335067749,-0.09671318531036377,0.10596577823162079,-76.07024383544922,1.192465901374817,0.38255318999290466,0.07013960927724838,-83.79798889160156,1.779039978981018,-0.029096821323037148,0.013658898882567883,-85.00836181640625,0.8413068652153015,0.004356002900749445,0.04762713983654976
253,S4 rain-out,3,-93.86576080322266,3.0956106185913086,-0.10923832654953003,0.10101508349180222,-79.0702133178711,0.6537944078445435,0.15818311274051666,0.053074680268764496,-85.28617095947266,2.4455997943878174,-0.019765401259064674,0.02823360450565815,-78.33853912353516,1.1258715391159058,0.0464666523039341,0.046337880194187164
253,S4 rain-out,4,-92.14983367919922,3.6145007610321045,-0.12829093635082245,0.07538632303476334,-99.12964630126953,1.9332729578018188,-0.19714157283306122,0.03392753005027771,-76.89193725585938,3.6085965633392334,0.04660332202911377,0.03487711399793625,-80.49600982666016,1.4896804094314575,0.10479734092950821,0.05768095329403877
253,S4 rain-out,5,-93.69303131103516,3.9461209774017334,-0.1647798866033554,0.07617823034524918,-87.0252456665039,0.8502932786941528,-0.08493781834840775,0.07006945461034775,-76.16488647460938,0.29493239521980286,0.00923591572791338,0.06010054796934128,-79.88274383544922,1.5725725889205933,0.07376182079315186,0.06570948660373688
253,S4 rain-out,6,-82.81377410888672,6.093207359313965,0.10801001638174057,0.07941321283578873,-65.71377563476562,2.744497776031494,0.4633312523365021,0.07290036976337433,-80.45169067382812,2.083775520324707,-0.06549657881259918,0.04374158754944801,-79.4137191772461,1.3196579217910767,0.09375318884849548,0.003789113136008382
253,S4 rain-out,7,-94.09857940673828,3.36480450630188,-0.07156562805175781,0.0969875156879425,-78.9050064086914,1.711973786354065,-0.027388645336031914,0.06477677077054977,-78.66004180908203,2.0415592193603516,-0.05011086165904999,0.08501186221837997,-84.61300659179688,3.0469627380371094,-0.10584232211112976,0.04020637273788452
253,S4 rain-out,8,-87.90523529052734,2.585994243621826,0.10074438899755478,0.07725732773542404,-80.08771514892578,2.039555311203003,-0.07408896833658218,0.05965668335556984,-76.9390869140625,3.068603754043579,-0.017404548823833466,0.09165600687265396,-79.4182357788086,2.334533929824829,0.07477599382400513,0.053545206785202026
253,S4 rain-out,9,-93.7149887084961,2.5060789585113525,-0.09415662288665771,0.07717292755842209,-80.674560546875,2.549994707107544,-0.08644857257604599,0.09486570209264755,-75.98211669921875,2.09801983833313,0.10243469476699829,0.04916864633560181,-84.4106674194336,2.6596996784210205,-0.15666787326335907,0.0546492300927639
253,S4 rain-out,10,-87.92447662353516,4.965483665466309,-0.011246159672737122,0.11678251624107361,-67.65657043457031,3.1418070793151855,0.18046754598617554,0.03168731555342674,-80.81804656982422,1.7516146898269653,0.05792728066444397,0.013311535120010376,-86.37258911132812,2.112356662750244,-0.23900727927684784,0.037946153432130814
253,S4 rain-out,11,-91.32076263427734,3.6892573833465576,-0.1116243377327919,0.09373386204242706,-63.09480667114258,2.1259195804595947,0.1585746854543686,0.06134343147277832,-82.39668273925781,2.951113224029541,-0.05017511919140816,0.045810457319021225,-83.8208236694336,3.181224822998047,-0.11977898329496384,0.040984928607940674
253,S4 rain-out,12,-84.29280853271484,3.7995009422302246,0.03889749199151993,0.07659846544265747,-73.05790710449219,2.4505467414855957,0.09894680231809616,0.0711938738822937,-76.14154815673828,2.9066178798675537,0.06184539198875427,0.06347479671239853,-79.5858154296875,2.6391422748565674,-0.0581698976457119,0.0384211465716362
253,S4 rain-out,13,-92.93448638916016,2.1269400119781494,-0.15369652211666107,0.04275444522500038,-69.6299057006836,2.3150136470794678,0.22880275547504425,0.05135611817240715,-74.6323471069336,1.5589325428009033,0.08253879100084305,0.01740085892379284,-77.05899047851562,1.9254461526870728,0.11623343080282211,0.048767030239105225
253,S4 rain-out,14,-64.62964630126953,2.0448520183563232,0.4890477955341339,0.036936767399311066,-69.99813079833984,3.2532591819763184,0.5165908336639404,0.038950175046920776,-78.11012268066406,1.346288800239563,0.035841185599565506,0.04271991178393364,-79.53596496582031,1.7711377143859863,0.20366980135440826,0.04161018505692482
253,S4 rain-out,15,-82.45944213867188,3.171337842941284,0.3009051978588104,0.0322631411254406,-76.21886444091797,0.5336405634880066,0.3042603135108948,0.040044911205768585,-68.12908935546875,1.3595359325408936,0.18352793157100677,0.08000952750444412,-73.55896759033203,3.0719897747039795,0.24842894077301025,0.05865558609366417
253,S4 rain-out,16,-86.1458740234375,1.9375301599502563,-0.09767630696296692,0.046694353222846985,-85.42215728759766,3.365544080734253,0.031053172424435616,0.04590172693133354,-70.0763168334961,2.0267977714538574,0.03236445412039757,0.06342825293540955,-74.81459045410156,2.5224740505218506,0.17733319103717804,0.046193018555641174
253,S4 rain-out,17,-88.73656463623047,2.213486909866333,-0.13239167630672455,0.056323207914829254,-77.70925903320312,2.516765832901001,0.16313444077968597,0.04423046484589577,-66.96282958984375,0.9574503302574158,0.11101627349853516,0.05536078289151192,-74.47006225585938,1.6796424388885498,0.18997584283351898,0.07545176893472672
253,S4 rain-out,18,-62.90730285644531,2.2763874530792236,0.442385196685791,0.03532196208834648,-69.81116485595703,1.7835878133773804,0.41471967101097107,0.04243747517466545,-77.11357879638672,0.43735048174858093,0.334486722946167,0.03116738609969616,-73.56224822998047,3.5563957691192627,0.20370496809482574,0.06092403084039688
253,S4 rain-out,19,-79.83533477783203,2.772109031677246,0.34291455149650574,0.050222817808389664,-62.89639663696289,3.2863802909851074,0.6547808647155762,0.03824017569422722,-79.96194458007812,2.1386280059814453,0.1468852460384369,0.04557402431964874,-80.91545104980469,1.8049812316894531,0.19257080554962158,0.05165122076869011
253,S4 rain-out,20,-78.18058013916016,2.5106141567230225,0.13954900205135345,0.07181312143802643,-86.0071029663086,2.2919769287109375,0.025534817948937416,0.032338641583919525,-72.7517318725586,2.2232067584991455,0.004265618976205587,0.08329594880342484,-84.42940521240234,2.5652952194213867,-0.012868684716522694,0.05436554178595543
253,S4 rain-out,21,-92.21926879882812,1.799100399017334,-0.011805190704762936,0.044785741716623306,-84.72501373291016,2.3457164764404297,0.11540975421667099,0.0673152357339859,-75.63711547851562,2.8224680423736572,0.09209483861923218,0.022916890680789948,-82.37823486328125,0.8460478782653809,0.062204595655202866,0.05898115411400795
253,S4 rain-out,22,-79.78087615966797,3.157047748565674,0.1836320161819458,0.05075480043888092,-77.7398452758789,1.5533462762832642,0.1809101551771164,0.06584422290325165,-81.98954010009766,1.2824501991271973,0.06392830610275269,0.050809942185878754,-92.4815673828125,0.9693321585655212,-0.3343585729598999,0.07972139120101929
253,S5 deep drought,0,-93.17671966552734,4.587907791137695,-0.10171061009168625,0.11632516980171204,-93.87264251708984,2.0683953762054443,-0.05902794003486633,0.02866712212562561,-83.54581451416016,0.310020387172699,0.07319962978363037,0.05519241467118263,-76.99566650390625,1.5515562295913696,0.10566201061010361,0.056625403463840485
253,S5 deep drought,1,-91.7132339477539,3.706313371658325,-0.08537796139717102,0.11021213978528976,-87.81775665283203,2.122601270675659,0.021360455080866814,0.045459117740392685,-75.82526397705078,0.5797983407974243,0.16192318499088287,0.0294598750770092,-80.54852294921875,1.59416925907135,0.0773700699210167,0.04967004805803299
253,S5 deep drought,2,-85.52242279052734,4.959293365478516,-0.027589766308665276,0.11958926916122437,-74.9344482421875,1.5410124063491821,0.38670334219932556,0.08246529847383499,-80.05195617675781,2.393187999725342,0.03673984110355377,0.01877436973154545,-84.72148132324219,0.5464141964912415,-0.028417468070983887,0.04879341274499893
253,S5 deep drought,3,-91.6227798461914,3.5059468746185303,-0.07930935174226761,0.10890822112560272,-80.1108627319336,0.41246068477630615,0.1220274269580841,0.05711141601204872,-86.86468505859375,3.2504100799560547,-0.054617952555418015,0.02981068752706051,-79.92033386230469,1.164510726928711,-0.05614297464489937,0.05262254923582077
253,S5 deep drought,4,-88.91507720947266,3.3981757164001465,-0.07166745513677597,0.08709926903247833,-96.78746795654297,3.1905746459960938,-0.14663521945476532,0.026828907430171967,-74.82051849365234,3.6199655532836914,0.07053626328706741,0.05464587360620499,-81.14978790283203,1.4306391477584839,0.096155546605587,0.057709950953722
253,S5 deep drought,5,-89.3444595336914,3.0312371253967285,-0.08475673943758011,0.0807635709643364,-86.22891235351562,0.45265907049179077,-0.002749050734564662,0.07848246395587921,-74.36404418945312,1.4988555908203125,0.045757193118333817,0.08249932527542114,-78.92024993896484,2.046891689300537,0.07085204869508743,0.047132458537817
253,S5 deep drought,6,-79.39205169677734,5.446163654327393,0.17368048429489136,0.12252622097730637,-64.51500701904297,2.365316152572632,0.4779640734195709,0.08055927604436874,-75.88931274414062,2.229877233505249,0.02090165577828884,0.03632906824350357,-78.75655364990234,2.432011842727661,0.046455591917037964,0.01840396597981453
253,S5 deep drought,7,-92.7734146118164,3.8036372661590576,-0.052606090903282166,0.10394877195358276,-80.2573013305664,1.3031102418899536,-0.0335429348051548,0.07608947157859802,-79.1588134765625,2.1442651748657227,-0.05946766212582588,0.09762539714574814,-83.40497589111328,3.9473392963409424,-0.12317711114883423,0.04539281874895096
253,S5 deep drought,8,-85.2604751586914,2.402876138687134,0.17224538326263428,0.07396837323904037,-79.12796020507812,1.3547767400741577,-0.07809917628765106,0.06778804957866669,-71.34320831298828,3.364588499069214,0.04330890253186226,0.09567831456661224,-76.8588638305664,2.8625905513763428,0.10856886953115463,0.059753648936748505
253,S5 deep drought,9,-91.3554458618164,2.730138063430786,-0.016208259388804436,0.0845106914639473,-79.07872772216797,1.7177577018737793,-0.0321459136903286,0.10751114785671234,-67.63814544677734,2.732337474822998,0.23915183544158936,0.04884372279047966,-81.55362701416016,4.050248622894287,-0.11195115000009537,0.05502099171280861
253,S5 deep drought,10,-86.49266815185547,5.101807117462158,0.018602557480335236,0.10868658870458603,-67.8091049194336,2.6047258377075195,0.10689572244882584,0.0624798908829689,-77.74141693115234,2.7728147506713867,0.07053576409816742,0.020463326945900917,-84.98263549804688,3.0660805702209473,-0.20344547927379608,0.04748353362083435
253,S5 deep drought,11,-90.1146011352539,4.334872245788574,-0.09514087438583374,0.09771128743886948,-65.29397583007812,1.3251932859420776,0.15718717873096466,0.0719817504286766,-82.36518096923828,2.821232318878174,-0.08020564168691635,0.03242337331175804,-81.47858428955078,4.6878743171691895,-0.1035289540886879,0.03557412698864937
253,S5 deep drought,12,-84.17667388916016,3.286336660385132,0.1636413186788559,0.08046440035104752,-71.81519317626953,2.219874382019043,0.14649908244609833,0.06014934927225113,-72.74532318115234,2.949589729309082,0.16241230070590973,0.0581635907292366,-80.11013793945312,3.5868468284606934,-0.06459581106901169,0.04261922463774681
253,S5 deep drought,13,-89.8216552734375,2.920691728591919,-0.12448928505182266,0.028118103742599487,-72.40863800048828,2.2376708984375,0.28364384174346924,0.050809964537620544,-71.21492767333984,1.8588073253631592,0.1525038331747055,0.009974705055356026,-74.5084457397461,3.1037349700927734,0.11927551031112671,0.047890789806842804
253,S5 deep drought,14,-64.84098815917969,2.802297353744507,0.5064898133277893,0.0808023139834404,-69.81780242919922,3.250746726989746,0.5041387677192688,0.034578900784254074,-71.8454818725586,2.8883790969848633,0.17206168174743652,0.02381666749715805,-79.5430908203125,1.2137807607650757,0.19038648903369904,0.03872140496969223
253,S5 deep drought,15,-81.92024230957031,3.045386552810669,0.29664841294288635,0.04473404958844185,-75.4563980102539,0.25793591141700745,0.2832760512828827,0.06255251169204712,-73.14568328857422,1.8353657722473145,0.14038246870040894,0.07364809513092041,-74.73722076416016,2.477318525314331,0.20202159881591797,0.04550740122795105
253,S5 deep drought,16,-85.20844268798828,2.773496389389038,-0.013928947038948536,0.03995152562856674,-85.33650970458984,2.50226092338562,0.11307597160339355,0.037732210010290146,-71.19707489013672,2.735938549041748,0.08189493417739868,0.05759276822209358,-75.98847198486328,4.451416015625,0.12985599040985107,0.03135141357779503
253,S5 deep drought,17,-88.33975219726562,2.379075527191162,-0.07721889764070511,0.0620250403881073,-78.77289581298828,1.8434561491012573,0.24641017615795135,0.03410015255212784,-68.43201446533203,1.3528375625610352,0.1436861753463745,0.05242589861154556,-75.0770034790039,2.3403382301330566,0.14711309969425201,0.06980544328689575
253,S5 deep drought,18,-56.126556396484375,2.8240411281585693,0.5542041659355164,0.04897891357541084,-69.5290298461914,2.7308998107910156,0.4518364369869232,0.025319993495941162,-76.17192840576172,1.703991413116455,0.34659114480018616,0.01800963096320629,-74.51673889160156,4.405546188354492,0.19592081010341644,0.06572861969470978
253,S5 deep drought,19,-80.62320709228516,3.0508291721343994,0.22495894134044647,0.08126453310251236,-62.6787223815918,3.29705548286438,0.6765297055244446,0.02399088442325592,-80.35946655273438,4.27414083480835,0.13012832403182983,0.04744559898972511,-82.38964080810547,1.2380211353302002,0.1579761654138565,0.047429271042346954
253,S5 deep drought,20,-77.56461334228516,2.6272315979003906,0.23119407892227173,0.048762623220682144,-83.3544692993164,3.4962544441223145,0.17987340688705444,0.04324941709637642,-73.91217803955078,1.5403486490249634,-0.023561721667647362,0.07213757187128067,-85.26537322998047,3.3648600578308105,-0.04352223873138428,0.037988562136888504
253,S5 deep drought,21,-91.36563873291016,3.182650566101074,-0.006331247743219137,0.05335092172026634,-84.76797485351562,3.2978477478027344,0.12175587564706802,0.06185673549771309,-82.32149505615234,1.2200877666473389,0.030367502942681313,0.03904467076063156,-85.38494873046875,1.2425585985183716,0.030465707182884216,0.047383952885866165
253,S5 deep drought,22,-79.57156372070312,3.7846322059631348,0.18980379402637482,0.060711439698934555,-76.70100402832031,1.493320345878601,0.16569079458713531,0.06790027767419815,-85.4693832397461,0.5625123977661133,0.08325762301683426,0.03298098221421242,-93.4788589477539,1.109655499458313,-0.33906999230384827,0.07284653186798096
253,S6 relocate: high-relief,0,-99.41027069091797,2.2021095752716064,-0.21485932171344757,0.023436617106199265,-115.64531707763672,1.4378223419189453,-0.49323415756225586,0.027090750634670258,-92.3281478881836,2.0278429985046387,-0.19139190018177032,0.040253400802612305,-102.02056121826172,2.8761329650878906,-0.28585895895957947,0.024390356615185738
253,S6 relocate: high-relief,1,-101.74005126953125,1.6474555730819702,-0.2827424705028534,0.011673618108034134,-110.24614715576172,1.6736432313919067,-0.44329050183296204,0.012450204230844975,-91.9923324584961,2.5641579627990723,-0.18101835250854492,0.049366243183612823,-102.63742065429688,2.5701537132263184,-0.3004128038883209,0.030512088909745216
253,S6 relocate: high-relief,2,-89.80460357666016,1.5308266878128052,-0.2099265456199646,0.037146907299757004,-92.8157958984375,1.4958715438842773,0.01356552541255951,0.08114514499902725,-94.654541015625,2.047114372253418,-0.28974997997283936,0.022371288388967514,-103.73859405517578,2.214308500289917,-0.366105318069458,0.03340225666761398
253,S6 relocate: high-relief,3,-99.83304595947266,1.1684290170669556,-0.2833552062511444,0.04889080673456192,-98.18257904052734,1.8075451850891113,-0.19501221179962158,0.017223266884684563,-98.6164779663086,1.0371456146240234,-0.33767107129096985,0.056664787232875824,-97.34960174560547,2.645066976547241,-0.3639991283416748,0.026769112795591354
253,S6 relocate: high-relief,4,-100.24179077148438,0.6692723631858826,-0.27939972281455994,0.018952228128910065,-117.60018157958984,0.9637789130210876,-0.4547123610973358,0.021029336377978325,-82.10608673095703,1.3223955631256104,-0.2915773093700409,0.08056197315454483,-101.47784423828125,2.379441976547241,-0.2521350085735321,0.016881225630640984
253,S6 relocate: high-relief,5,-96.74237060546875,2.819382429122925,-0.2662564814090729,0.01414833776652813,-108.150390625,0.5229729413986206,-0.4071235656738281,0.07333619147539139,-90.8421630859375,1.4554295539855957,-0.2969984710216522,0.08252838253974915,-103.0498046875,1.8244085311889648,-0.2677229046821594,0.03613359108567238
253,S6 relocate: high-relief,6,-85.567626953125,2.666187286376953,-0.04346919059753418,0.04254430904984474,-77.92024993896484,2.345839023590088,0.22418399155139923,0.07136765122413635,-92.0610580444336,1.8648176193237305,-0.2605428397655487,0.03500615060329437,-102.62772369384766,2.481865882873535,-0.303054541349411,0.05122310295701027
253,S6 relocate: high-relief,7,-100.47159576416016,3.0281248092651367,-0.31154605746269226,0.01980646513402462,-95.28466033935547,0.6231388449668884,-0.26888877153396606,0.06771180778741837,-91.9879150390625,1.2362216711044312,-0.3076947331428528,0.09829271584749222,-111.56637573242188,1.1889859437942505,-0.5203728079795837,0.03733811154961586
253,S6 relocate: high-relief,8,-92.81555938720703,2.928978681564331,-0.06730852276086807,0.05532735586166382,-97.1474380493164,0.9258381724357605,-0.4522486925125122,0.02007904089987278,-88.67049407958984,0.511982262134552,-0.3255017101764679,0.11502531170845032,-105.27306365966797,3.047945499420166,-0.27760758996009827,0.041486531496047974
253,S6 relocate: high-relief,9,-100.38021087646484,3.3755147457122803,-0.32846319675445557,0.008869476616382599,-99.21298217773438,0.693612277507782,-0.42839622497558594,0.07620588690042496,-90.00759887695312,0.7038403749465942,-0.20871596038341522,0.07520353049039841,-109.68649291992188,3.0296409130096436,-0.4537331163883209,0.04739508405327797
253,S6 relocate: high-relief,10,-96.38159942626953,6.384887218475342,-0.2993336617946625,0.06181364506483078,-83.641845703125,1.8106389045715332,-0.24759455025196075,0.036187589168548584,-94.46749114990234,0.616343080997467,-0.25355005264282227,0.022179076448082924,-110.51541137695312,4.104905605316162,-0.5614872574806213,0.027629557996988297
253,S6 relocate: high-relief,11,-101.65838623046875,1.6102569103240967,-0.3437936305999756,0.05837897211313248,-74.82852935791016,0.8583261966705322,-0.17502571642398834,0.053619273006916046,-99.31452178955078,0.8568385243415833,-0.39121198654174805,0.06556243449449539,-108.9259033203125,3.2759456634521484,-0.4581843316555023,0.025842944160103798
253,S6 relocate: high-relief,12,-96.07474517822266,0.5365851521492004,-0.11558818817138672,0.04237265884876251,-82.70073699951172,1.7111016511917114,-0.15802443027496338,0.0423608161509037,-92.40938568115234,1.8138160705566406,-0.28986966609954834,0.1043202206492424,-105.38008880615234,3.080906867980957,-0.3869078457355499,0.07033595442771912
253,S6 relocate: high-relief,13,-105.25664520263672,1.0942299365997314,-0.3890944719314575,0.006208307109773159,-81.35448455810547,0.7680613398551941,-0.04571893811225891,0.011978122405707836,-90.64202880859375,2.172442674636841,-0.2540547549724579,0.05326632782816887,-101.0013656616211,1.971888542175293,-0.1830359548330307,0.028135860338807106
253,S6 relocate: high-relief,14,-74.0438232421875,2.672624349594116,0.2332257181406021,0.023098798468708992,-87.23760986328125,1.0920183658599854,0.09777572005987167,0.06662154942750931,-88.5527114868164,3.436249017715454,-0.23900450766086578,0.11382734030485153,-100.714599609375,1.64265775680542,-0.10041815787553787,0.015109420754015446
253,S6 relocate: high-relief,15,-95.08297729492188,2.485903024673462,-0.033166006207466125,0.022565806284546852,-92.68511199951172,0.8114815950393677,-0.0809294581413269,0.03592083603143692,-82.79491424560547,3.504756212234497,-0.009633329696953297,0.058776505291461945,-99.56856536865234,2.7444396018981934,-0.10039020329713821,0.038790903985500336
253,S6 relocate: high-relief,16,-99.3946304321289,1.0318633317947388,-0.28900086879730225,0.02489311620593071,-100.3726806640625,0.9721061587333679,-0.21705585718154907,0.043572794646024704,-86.05010986328125,2.6984686851501465,-0.21397827565670013,0.07291805744171143,-101.02157592773438,3.11584734916687,-0.14685355126857758,0.028085343539714813
253,S6 relocate: high-relief,17,-102.53948211669922,1.1945335865020752,-0.302808552980423,0.008739122189581394,-95.5477294921875,1.6878055334091187,-0.11520257592201233,0.054880037903785706,-83.60204315185547,3.7058990001678467,-0.14750543236732483,0.07623382657766342,-99.66097259521484,3.360852003097534,-0.1347961723804474,0.011864235624670982
253,S6 relocate: high-relief,18,-79.48558044433594,1.3763774633407593,0.21626754105091095,0.026768410578370094,-80.20035552978516,0.75531405210495,0.12095028907060623,0.04336659237742424,-92.31562042236328,0.7443676590919495,0.2027442902326584,0.02667997032403946,-95.99508666992188,4.982314586639404,-0.06931178271770477,0.03119739517569542
253,S6 relocate: high-relief,19,-84.9916000366211,2.171231269836426,0.09682997316122055,0.008983757346868515,-68.26577758789062,2.0031867027282715,0.3273429572582245,0.07475408166646957,-96.18407440185547,1.2655524015426636,-0.1654030829668045,0.07573513686656952,-106.4583969116211,2.11271071434021,-0.09655632823705673,0.020384391769766808
253,S6 relocate: high-relief,20,-86.58322143554688,1.2215461730957031,0.18045489490032196,0.01845216378569603,-96.93144989013672,0.7473211884498596,-0.17987684905529022,0.05923059955239296,-85.66085052490234,4.240292072296143,-0.09358053654432297,0.10476652532815933,-92.61322021484375,1.123736023902893,-0.1398397535085678,0.021755743771791458
253,S6 relocate: high-relief,21,-97.0257339477539,0.8110944628715515,-0.214468315243721,0.004374926909804344,-97.73114776611328,0.35550931096076965,-0.16251568496227264,0.07114658504724503,-87.67737579345703,3.0249602794647217,0.008996546268463135,0.030580248683691025,-97.96417236328125,1.577987790107727,-0.09283075481653214,0.03293352946639061
253,S6 relocate: high-relief,22,-97.02315521240234,1.9162280559539795,-0.06011749431490898,0.03662216290831566,-88.7885971069336,3.2097156047821045,-0.1450910121202469,0.037526682019233704,-95.1686782836914,0.6001207828521729,-0.13959968090057373,0.02580968476831913,-108.21248626708984,1.203027367591858,-0.5151143670082092,0.007448781747370958
253,S7 compound extreme,0,-89.60065460205078,4.425555229187012,-0.04471559450030327,0.11130789667367935,-92.79656219482422,2.4829001426696777,0.006139736156910658,0.032797932624816895,-81.83997344970703,1.1567028760910034,0.13503368198871613,0.06793079525232315,-75.32946014404297,1.4305719137191772,0.23094916343688965,0.10819770395755768
253,S7 compound extreme,1,-91.48673248291016,3.8612124919891357,-0.038855601102113724,0.08666421473026276,-85.97826385498047,2.4629006385803223,0.13735860586166382,0.03520379588007927,-74.6376724243164,1.1830315589904785,0.13822172582149506,0.028525281697511673,-79.03368377685547,1.633193016052246,0.0784003958106041,0.04511009901762009
253,S7 compound extreme,2,-82.02045440673828,4.582123279571533,0.06564986705780029,0.14572958648204803,-75.26370239257812,0.9972505569458008,0.4085882604122162,0.08173051476478577,-78.3825912475586,1.465815782546997,0.0014591068029403687,0.020034020766615868,-82.70732116699219,1.2827849388122559,-0.00584140932187438,0.05523695424199104
253,S7 compound extreme,3,-89.70479583740234,4.051115989685059,-0.017913522198796272,0.1093219518661499,-80.60218048095703,1.4594634771347046,0.20161832869052887,0.06207435950636864,-84.4897689819336,3.397237539291382,-0.05754716321825981,0.022795667871832848,-78.44213104248047,1.6489289999008179,0.02388867549598217,0.07276415824890137
253,S7 compound extreme,4,-89.0183334350586,4.0126423835754395,-0.10152212530374527,0.09209693968296051,-91.01983642578125,2.1686601638793945,-0.12119261175394058,0.04000173881649971,-75.41857147216797,4.479959487915039,0.07314901053905487,0.05255238711833954,-77.40699005126953,1.9168654680252075,0.22322975099086761,0.08572623878717422
253,S7 compound extreme,5,-86.88311767578125,3.2263755798339844,-0.010118643753230572,0.08659901469945908,-82.87052917480469,0.8508104681968689,0.06615788489580154,0.07960309833288193,-73.09258270263672,2.5148215293884277,0.12928463518619537,0.10540875047445297,-78.84320831298828,2.534025192260742,0.18610142171382904,0.10216669738292694
253,S7 compound extreme,6,-78.61503601074219,5.2974443435668945,0.18208231031894684,0.13440664112567902,-64.31108856201172,2.8712286949157715,0.46795931458473206,0.09191767871379852,-74.35755157470703,2.396411895751953,0.12367337942123413,0.06495150923728943,-80.85747528076172,2.0187313556671143,0.14194180071353912,0.06902165710926056
253,S7 compound extreme,7,-89.54126739501953,3.3626792430877686,0.052130818367004395,0.0939658135175705,-73.15887451171875,1.8345900774002075,0.163810595870018,0.044581711292266846,-78.6172866821289,2.4181225299835205,0.0752013623714447,0.08432810753583908,-76.98289489746094,2.7172138690948486,0.23647290468215942,0.0816521868109703
253,S7 compound extreme,8,-84.6425552368164,1.846203088760376,0.16281281411647797,0.07367397099733353,-76.87890625,1.0535566806793213,-0.012628674507141113,0.07681424915790558,-74.9282455444336,3.6057188510894775,0.044752538204193115,0.13597555458545685,-75.78307342529297,2.953951835632324,0.23224449157714844,0.08173482865095139
253,S7 compound extreme,9,-88.78894805908203,2.562530994415283,0.030640333890914917,0.06795050948858261,-74.37439727783203,2.020571231842041,0.10760605335235596,0.09954986721277237,-72.4228515625,2.9037716388702393,0.2423669546842575,0.07554894685745239,-76.36648559570312,2.610689163208008,0.24651695787906647,0.08093823492527008
253,S7 compound extreme,10,-85.6989517211914,4.485769271850586,0.09156588464975357,0.10614803433418274,-65.6965103149414,1.095526099205017,0.2900943458080292,0.05507497861981392,-76.75350189208984,2.3108925819396973,0.11159473657608032,0.03437989950180054,-79.2682876586914,0.9904241561889648,0.030364057049155235,0.06360191851854324
253,S7 compound extreme,11,-89.17230987548828,4.158681869506836,-0.04741166532039642,0.07453228533267975,-63.44794845581055,0.862246572971344,0.2989317774772644,0.06804970651865005,-81.68766021728516,3.6840226650238037,-0.055167559534311295,0.006233017425984144,-75.95272064208984,3.459949254989624,0.15907080471515656,0.05141940712928772
253,S7 compound extreme,12,-84.03084564208984,3.1376941204071045,0.14269797503948212,0.06076416000723839,-71.162353515625,1.3659471273422241,0.22617308795452118,0.04901799559593201,-71.2854995727539,4.022745132446289,0.1233549639582634,0.05230500549077988,-76.1683349609375,2.8996469974517822,0.16412867605686188,0.042509775608778
253,S7 compound extreme,13,-87.43685150146484,2.8572566509246826,-0.07972844690084457,0.07735823839902878,-73.47655487060547,2.0313491821289062,0.29995718598365784,0.048263661563396454,-74.26691436767578,2.0624260902404785,0.1904039978981018,0.00338089931756258,-74.54464721679688,3.493091583251953,0.12950557470321655,0.060858894139528275
253,S7 compound extreme,14,-68.73372650146484,3.5749833583831787,0.3288121223449707,0.1130300983786583,-71.68439483642578,2.9098310470581055,0.4824775457382202,0.03418499603867531,-72.79521942138672,2.6037495136260986,0.16133899986743927,0.03901936113834381,-80.24220275878906,1.3859729766845703,0.18231205642223358,0.025676578283309937
253,S7 compound extreme,15,-85.67688751220703,3.840757369995117,0.10833991318941116,0.06152687221765518,-76.94913482666016,0.8728755712509155,0.30964651703834534,0.06363774091005325,-71.83634185791016,0.8405396938323975,0.23742063343524933,0.03508405014872551,-72.58988189697266,3.306023597717285,0.38164424896240234,0.13471150398254395
253,S7 compound extreme,16,-85.5121078491211,2.3807976245880127,-0.12731178104877472,0.0656224936246872,-87.84076690673828,2.9382665157318115,0.09320922940969467,0.02323579601943493,-69.59711456298828,2.5571537017822266,0.1866554468870163,0.0571524053812027,-72.2771224975586,3.333756446838379,0.29724055528640747,0.07106374949216843
253,S7 compound extreme,17,-90.25504302978516,2.556821823120117,-0.19968219101428986,0.08425642549991608,-81.1476058959961,2.2340362071990967,0.22398923337459564,0.024275783449411392,-69.19227600097656,1.9086169004440308,0.2608349025249481,0.029646605253219604,-72.65889739990234,2.6245808601379395,0.312391072511673,0.12869878113269806
253,S7 compound extreme,18,-60.33665466308594,4.323394775390625,0.36225032806396484,0.04179659113287926,-71.34761810302734,1.59172523021698,0.39288488030433655,0.011304756626486778,-73.67123413085938,1.1820684671401978,0.3844188153743744,0.05102310702204704,-72.47589111328125,4.270971298217773,0.1684143990278244,0.061189915984869
253,S7 compound extreme,19,-78.40640258789062,3.92934250831604,0.21420788764953613,0.07727932929992676,-64.1436538696289,3.1550405025482178,0.6484522223472595,0.02273501828312874,-79.6594009399414,3.4912805557250977,0.1383165717124939,0.05520161986351013,-81.52129364013672,2.0144426822662354,0.20982883870601654,0.07785573601722717
253,S7 compound extreme,20,-80.52533721923828,2.9039502143859863,0.16987402737140656,0.06513188779354095,-83.16938018798828,2.190533399581909,0.2608930766582489,0.04644386097788811,-72.53697967529297,1.116245985031128,0.11210962384939194,0.055615831166505814,-82.60779571533203,2.3776626586914062,0.15984797477722168,0.04189512878656387
253,S7 compound extreme,21,-92.9140625,3.2079825401306152,-0.14823710918426514,0.06322462111711502,-84.64614868164062,3.1469571590423584,0.13358072936534882,0.07342330366373062,-79.83426666259766,0.495103657245636,0.08103368431329727,0.02096221037209034,-86.27157592773438,0.7480362057685852,0.15441247820854187,0.05549703538417816
253,S7 compound extreme,22,-75.11217498779297,5.605058670043945,0.17987613379955292,0.06998436152935028,-75.00503540039062,2.4648590087890625,0.1804383397102356,0.03498994559049606,-79.962890625,0.6368653178215027,0.2618568539619446,0.059314750134944916,-88.7186050415039,1.277573585510254,-0.09838465601205826,0.11695092171430588
253,S8 pyro-feedback ON,0,-89.26791381835938,5.0698041915893555,-0.002687412081286311,0.1141672357916832,-94.6738510131836,1.8920598030090332,-0.057847049087285995,0.0276466254144907,-83.51840209960938,0.7447768449783325,0.07163257151842117,0.05130680277943611,-76.7204818725586,1.308132529258728,0.11658857017755508,0.0663970410823822
253,S8 pyro-feedback ON,1,-91.71085357666016,3.7095859050750732,-0.0641774833202362,0.10131675004959106,-88.50436401367188,2.247692823410034,0.025687510147690773,0.04278925433754921,-75.7778549194336,0.7110960483551025,0.1601804494857788,0.025252094492316246,-79.94894409179688,0.982758641242981,0.08147510141134262,0.05026187002658844
253,S8 pyro-feedback ON,2,-86.51922607421875,3.665949583053589,-0.03714113309979439,0.1168307512998581,-73.8872299194336,0.8247680068016052,0.4308873414993286,0.07568452507257462,-80.9322738647461,0.9923570156097412,0.02666684053838253,0.014677882194519043,-85.01323699951172,0.7837671637535095,-0.017474526539444923,0.04698307812213898
253,S8 pyro-feedback ON,3,-91.2119369506836,3.584610939025879,-0.061562929302453995,0.10689467936754227,-78.17068481445312,1.2697546482086182,0.19587136805057526,0.04792570322751999,-85.48111724853516,2.5422251224517822,-0.04335659742355347,0.01808638870716095,-77.77776336669922,1.081244707107544,0.05382625758647919,0.06963536143302917
253,S8 pyro-feedback ON,4,-90.67499542236328,4.146173477172852,-0.08473172038793564,0.08621932566165924,-97.00891876220703,2.926682472229004,-0.14391450583934784,0.0282308217138052,-76.46710205078125,3.7981929779052734,0.04822854697704315,0.047698136419057846,-80.6631088256836,1.6275484561920166,0.10075914859771729,0.062433429062366486
253,S8 pyro-feedback ON,5,-91.44650268554688,3.549299478530884,-0.08765047788619995,0.07992994040250778,-85.24829864501953,0.7718149423599243,0.024181492626667023,0.08701742440462112,-75.04957580566406,1.7992104291915894,0.035426728427410126,0.08445180207490921,-79.1787338256836,2.5312411785125732,0.07855255156755447,0.06706007570028305
253,S8 pyro-feedback ON,6,-78.65479278564453,4.743002891540527,0.1785980612039566,0.1248718723654747,-63.9919548034668,2.4284918308258057,0.5098017454147339,0.07167387008666992,-77.00851440429688,2.0542514324188232,0.017587797716259956,0.04447144642472267,-78.7282943725586,2.073277473449707,0.047606732696294785,0.022684067487716675
253,S8 pyro-feedback ON,7,-92.32019805908203,3.5684802532196045,-0.037753768265247345,0.10697036981582642,-78.0738754272461,1.2108254432678223,0.04471059516072273,0.06006371229887009,-79.67437744140625,1.5634067058563232,-0.04897220805287361,0.09335608780384064,-82.75297546386719,3.415337324142456,-0.11103203892707825,0.04541471600532532
253,S8 pyro-feedback ON,8,-85.60663604736328,2.403524160385132,0.1705390214920044,0.07504577934741974,-78.85315704345703,1.824983835220337,-0.05914031341671944,0.03942494839429855,-76.65442657470703,3.307828426361084,-0.008667533285915852,0.10267550498247147,-78.16683959960938,3.1285924911499023,0.09399489313364029,0.06435831636190414
253,S8 pyro-feedback ON,9,-91.42035675048828,2.689713954925537,-0.013022780418395996,0.08569478988647461,-78.96349334716797,1.671720266342163,-0.03729391470551491,0.09363358467817307,-74.1675796508789,2.680762529373169,0.1617150753736496,0.06348175555467606,-82.6988754272461,3.509244203567505,-0.12330078333616257,0.06005888804793358
253,S8 pyro-feedback ON,10,-86.4815902709961,6.012727737426758,0.023624839261174202,0.1280168741941452,-66.41155242919922,2.7485485076904297,0.1834574192762375,0.03419158607721329,-77.62271881103516,1.2341818809509277,0.11910548061132431,0.032842934131622314,-86.034423828125,2.5344269275665283,-0.2164343148469925,0.04960639402270317
253,S8 pyro-feedback ON,11,-89.8462905883789,3.925642490386963,-0.0825362578034401,0.10627144575119019,-62.49335861206055,1.4682369232177734,0.16910643875598907,0.06178580969572067,-82.38980865478516,2.9516618251800537,-0.07461706548929214,0.03505617752671242,-82.3388442993164,4.743228435516357,-0.09829232841730118,0.06296193599700928
253,S8 pyro-feedback ON,12,-82.68757629394531,3.1072428226470947,0.10091942548751831,0.09492940455675125,-72.49547576904297,1.8565657138824463,0.1230725422501564,0.06246711313724518,-76.41434478759766,3.1222856044769287,0.06384728848934174,0.08338497579097748,-79.93115997314453,3.428079843521118,-0.06990355998277664,0.041983116418123245
253,S8 pyro-feedback ON,13,-91.83072662353516,2.7195017337799072,-0.13651476800441742,0.028536783531308174,-68.68301391601562,2.3322243690490723,0.2833643853664398,0.04108235985040665,-73.23088836669922,2.1761152744293213,0.08962703496217728,0.02173342928290367,-76.09672546386719,2.9328205585479736,0.10344654321670532,0.04202975705265999
253,S8 pyro-feedback ON,14,-61.953216552734375,2.774843215942383,0.5487537980079651,0.06771478056907654,-69.38770294189453,3.6670949459075928,0.5072494745254517,0.02806044928729534,-72.01604461669922,3.0730645656585693,0.12019699811935425,0.03228527680039406,-79.36215209960938,1.3599613904953003,0.22028261423110962,0.06259145587682724
253,S8 pyro-feedback ON,15,-80.3917007446289,3.1549551486968994,0.30889153480529785,0.04465661942958832,-75.30844116210938,0.2736639082431793,0.3004786968231201,0.046753060072660446,-66.57109832763672,0.6390949487686157,0.19719338417053223,0.07214032858610153,-73.26864624023438,3.1158523559570312,0.24350915849208832,0.06782009452581406
253,S8 pyro-feedback ON,16,-84.81253814697266,2.6434988975524902,-0.06448780000209808,0.0429152175784111,-85.62532806396484,3.2866554260253906,0.06815653294324875,0.05144352838397026,-69.42098236083984,2.0298686027526855,0.08143693953752518,0.04255012795329094,-74.00885009765625,3.690035581588745,0.16236956417560577,0.03950727358460426
253,S8 pyro-feedback ON,17,-88.32391357421875,2.438784122467041,-0.09428449720144272,0.053780704736709595,-77.02474975585938,2.6670010089874268,0.201701357960701,0.04447301849722862,-66.8511734008789,0.9603515863418579,0.11721060425043106,0.05646120011806488,-74.0239486694336,1.8339085578918457,0.17147670686244965,0.07700242847204208
253,S8 pyro-feedback ON,18,-55.29710006713867,2.6421077251434326,0.5733779072761536,0.036125943064689636,-68.76544189453125,2.142230749130249,0.4603396952152252,0.030038274824619293,-73.95977020263672,1.6710292100906372,0.36333784461021423,0.025806410238146782,-72.68179321289062,3.6365561485290527,0.20079360902309418,0.062599778175354
253,S8 pyro-feedback ON,19,-75.77190399169922,3.227574110031128,0.37201449275016785,0.050007592886686325,-61.817623138427734,2.9384686946868896,0.6891451478004456,0.0344233401119709,-78.66838836669922,2.982560157775879,0.09447917342185974,0.046677447855472565,-80.71358489990234,1.7358640432357788,0.1789851039648056,0.0565718449652195
253,S8 pyro-feedback ON,20,-77.6683578491211,2.5959365367889404,0.1812615543603897,0.08137525618076324,-84.54936981201172,3.296693801879883,0.10279681533575058,0.03246332332491875,-71.32282257080078,1.6945321559906006,0.012854267843067646,0.08973172307014465,-84.25923919677734,2.8103857040405273,-0.019359298050403595,0.05718747898936272
253,S8 pyro-feedback ON,21,-90.66780853271484,2.7596323490142822,0.018230563029646873,0.042131099849939346,-82.80179595947266,3.064621925354004,0.14202722907066345,0.05440116301178932,-74.1347427368164,2.0235936641693115,0.06940794736146927,0.032860688865184784,-84.1750259399414,0.7096683979034424,0.037479106336832047,0.05153321474790573
253,S8 pyro-feedback ON,22,-79.40431213378906,3.363621711730957,0.19786269962787628,0.057958755642175674,-77.64582061767578,1.6429616212844849,0.16565418243408203,0.06778417527675629,-80.01936340332031,0.9930908679962158,0.06268531084060669,0.03467316925525665,-93.0131607055664,0.9335885047912598,-0.33780524134635925,0.07867784798145294
258,S0 baseline,0,-82.77191925048828,0.61747807264328,0.34508636593818665,0.08611636608839035,-82.50531005859375,2.5152251720428467,0.1401246339082718,0.08985646814107895,-83.80847930908203,0.7199435234069824,0.33481907844543457,0.027960198000073433,-84.68856048583984,2.693077802658081,0.17122423648834229,0.07353169471025467
258,S0 baseline,1,-85.33648681640625,0.6869771480560303,0.1830228716135025,0.02980118989944458,-75.58160400390625,1.9763826131820679,0.26059237122535706,0.035558849573135376,-80.96793365478516,2.0578529834747314,0.28475162386894226,0.00505478959530592,-84.3129653930664,1.9255300760269165,0.22932656109333038,0.042676813900470734
258,S0 baseline,2,-83.23030853271484,0.30120471119880676,0.13502635061740875,0.03330565616488457,-81.0816879272461,3.1997997760772705,0.1870431900024414,0.01403866894543171,-85.87479400634766,2.0395233631134033,0.16143807768821716,0.06689536571502686,-90.64347076416016,1.7390491962432861,0.019361531361937523,0.05743115395307541
258,S0 baseline,3,-79.4961929321289,1.2709981203079224,0.32322654128074646,0.05193474516272545,-76.8553466796875,0.33984607458114624,0.19358521699905396,0.05338265374302864,-82.17467498779297,1.0984522104263306,0.13402941823005676,0.034950774163007736,-78.26630401611328,1.1580570936203003,0.19362807273864746,0.039667680859565735
258,S0 baseline,4,-85.25406646728516,2.225907802581787,0.1067233458161354,0.05177559703588486,-77.01480865478516,2.5516932010650635,0.16285355389118195,0.027832768857479095,-77.55242919921875,0.48318368196487427,0.31182780861854553,0.03365220129489899,-73.93325805664062,0.9288972020149231,0.317819207906723,0.028224008157849312
258,S0 baseline,5,-95.55374145507812,2.100189685821533,0.011796366423368454,0.046911776065826416,-81.56233978271484,2.1555588245391846,0.2414890080690384,0.038269005715847015,-78.14559173583984,2.05777645111084,0.3297324478626251,0.02273387275636196,-80.40530395507812,2.858217477798462,0.394059419631958,0.06013689190149307
258,S0 baseline,6,-87.98885345458984,0.726371705532074,0.06631004810333252,0.01806156150996685,-83.1145248413086,2.2236948013305664,0.24147816002368927,0.04390180483460426,-82.302001953125,1.6853724718093872,0.2895653247833252,0.0358656607568264,-82.10015106201172,0.5477591753005981,0.1970328539609909,0.025678930804133415
258,S0 baseline,7,-88.20034790039062,1.2120411396026611,0.22958315908908844,0.0023731724359095097,-70.1558609008789,2.7034740447998047,0.3433152437210083,0.052886154502630234,-85.60662841796875,0.9227424263954163,0.1771136075258255,0.018004707992076874,-75.41082763671875,0.7644991874694824,0.30897095799446106,0.03093603067100048
258,S0 baseline,8,-87.98494720458984,1.3734822273254395,0.23615770041942596,0.023780446499586105,-77.97721099853516,1.522454023361206,0.16654197871685028,0.021613217890262604,-72.51412200927734,0.23889578878879547,0.27604424953460693,0.02389265038073063,-72.04584503173828,0.2988972067832947,0.4352412223815918,0.026338977739214897
258,S0 baseline,9,-87.5233154296875,3.017061471939087,0.13102898001670837,0.06436017155647278,-79.48548126220703,0.8509447574615479,0.295581579208374,0.051317717880010605,-83.1461410522461,0.1380176693201065,0.19273042678833008,0.029573464766144753,-79.60018157958984,0.46712228655815125,0.25193044543266296,0.03885597735643387
258,S0 baseline,10,-83.95850372314453,2.154921770095825,0.103271484375,0.027748171240091324,-74.54581451416016,2.8472580909729004,0.1602451354265213,0.02805040217936039,-78.4464340209961,0.4842071533203125,0.1412373036146164,0.017730923369526863,-84.23566436767578,1.4446327686309814,0.039964646100997925,0.012732469476759434
258,S0 baseline,11,-85.51199340820312,4.146005630493164,0.26300838589668274,0.046590544283390045,-82.59285736083984,2.5319011211395264,0.0909251794219017,0.028918148949742317,-78.8982162475586,2.9721014499664307,0.15940891206264496,0.02282135561108589,-73.34907531738281,0.918557345867157,0.27601486444473267,0.028655432164669037
258,S0 baseline,12,-87.92261505126953,1.8963629007339478,0.11621371656656265,0.006308821961283684,-77.31468963623047,0.38636571168899536,0.2284640073776245,0.0449574775993824,-72.67689514160156,0.8873971700668335,0.3358595371246338,0.03792053461074829,-75.81160736083984,2.216169834136963,0.3067016303539276,0.040451958775520325
258,S0 baseline,13,-90.32662200927734,3.9094741344451904,0.07052367180585861,0.017013899981975555,-78.86080169677734,1.366360068321228,0.19814467430114746,0.03143089637160301,-82.70661926269531,0.8875893950462341,0.1363217830657959,0.03712897747755051,-80.9037857055664,2.9973697662353516,0.27237293124198914,0.06615282595157623
258,S0 baseline,14,-83.54176330566406,3.9981346130371094,0.26301583647727966,0.06471621990203857,-80.22687530517578,1.5989388227462769,0.21482308208942413,0.07466668635606766,-82.4817886352539,1.2241268157958984,0.17734597623348236,0.02068132720887661,-83.19927215576172,1.0382237434387207,0.14801250398159027,0.04344862699508667
258,S0 baseline,15,-84.38961029052734,2.6046125888824463,0.2432183027267456,0.008581473492085934,-78.92945098876953,1.7804995775222778,0.14544999599456787,0.0583636611700058,-81.98741912841797,2.381450653076172,0.14191554486751556,0.0108568724244833,-72.50823211669922,0.9011204838752747,0.32550284266471863,0.02345874160528183
258,S0 baseline,16,-79.25305938720703,2.3630216121673584,0.2172001153230667,0.036530137062072754,-79.76925659179688,2.0373127460479736,0.08612678200006485,0.023321012035012245,-80.07840728759766,1.3611963987350464,0.2334122508764267,0.08037659525871277,-77.85137176513672,1.3574702739715576,0.24764318764209747,0.04498905688524246
258,S0 baseline,17,-81.81307220458984,3.165656089782715,0.1940533071756363,0.04856233298778534,-76.72126007080078,1.6385494470596313,0.2343088984489441,0.0363011360168457,-78.80435943603516,3.9423434734344482,0.28115326166152954,0.025324033573269844,-80.6570816040039,2.3342087268829346,0.16335691511631012,0.08032066375017166
258,S0 baseline,18,-76.44475555419922,2.2786216735839844,0.3734950125217438,0.03939118608832359,-81.79879760742188,2.1101744174957275,0.14948530495166779,0.021075738593935966,-84.18274688720703,3.079432725906372,0.18426698446273804,0.020406389608979225,-66.64398956298828,2.565498113632202,0.44298091530799866,0.05451030656695366
258,S0 baseline,19,-92.15252685546875,2.0447075366973877,0.12451479583978653,0.02959023416042328,-79.38095092773438,1.1314314603805542,0.0484420470893383,0.04056602343916893,-88.2065658569336,0.030014529824256897,0.12687334418296814,0.052334658801555634,-83.47100067138672,0.08778537809848785,0.05888264253735542,0.04313766211271286
258,S0 baseline,20,-82.6098861694336,3.5708537101745605,0.2805987298488617,0.02345426380634308,-81.31873321533203,0.5656359195709229,0.23962657153606415,0.07151937484741211,-85.77698516845703,2.7600016593933105,0.1494682878255844,0.049156952649354935,-83.0076675415039,1.3049890995025635,0.06533435732126236,0.008062509819865227
258,S1 wind +20%,0,-82.40939331054688,0.6627370119094849,0.3621591329574585,0.08520539849996567,-82.5926284790039,2.4475691318511963,0.13395264744758606,0.09404153376817703,-83.95503234863281,0.5275650024414062,0.33471789956092834,0.02236214466392994,-83.53214263916016,2.9679696559906006,0.18618719279766083,0.0680619552731514
258,S1 wind +20%,1,-86.43782806396484,0.896070659160614,0.16619770228862762,0.022309839725494385,-75.58160400390625,1.9763826131820679,0.26059237122535706,0.035558849573135376,-80.96793365478516,2.0578529834747314,0.2841193974018097,0.0059408280067145824,-83.15867614746094,2.2745680809020996,0.23434607684612274,0.045070160180330276
258,S1 wind +20%,2,-79.1971664428711,0.8559150695800781,0.1533002406358719,0.024044064804911613,-80.30609130859375,3.1207265853881836,0.18562209606170654,0.014433247037231922,-86.46347045898438,1.5666329860687256,0.1575998216867447,0.06733601540327072,-91.05624389648438,1.6610404253005981,0.0025129690766334534,0.06854041665792465
258,S1 wind +20%,3,-76.31246948242188,1.4774444103240967,0.34356489777565,0.0297256950289011,-77.05745697021484,0.5182268023490906,0.19492430984973907,0.052429817616939545,-82.17467498779297,1.0984522104263306,0.13402941823005676,0.034950774163007736,-78.22247314453125,1.2132662534713745,0.19362807273864746,0.039667680859565735
258,S1 wind +20%,4,-85.0648422241211,2.2471377849578857,0.1434817910194397,0.04345705360174179,-77.91785430908203,2.8111255168914795,0.16551055014133453,0.035334330052137375,-77.65113067626953,0.3659273087978363,0.3053102493286133,0.03316110372543335,-73.93325805664062,0.9288972020149231,0.31518056988716125,0.02797212079167366
258,S1 wind +20%,5,-95.16162109375,1.8778676986694336,0.055669933557510376,0.0565606914460659,-82.31291198730469,2.0902578830718994,0.20030748844146729,0.0470772422850132,-78.25945281982422,1.975569248199463,0.32909783720970154,0.023089846596121788,-80.32665252685547,2.7909793853759766,0.39641618728637695,0.06262542307376862
258,S1 wind +20%,6,-87.50799560546875,0.2316841185092926,0.08769065141677856,0.020766200497746468,-81.46129608154297,2.7487823963165283,0.28104910254478455,0.044427692890167236,-82.22650146484375,1.6496336460113525,0.28509482741355896,0.037496987730264664,-82.10015106201172,0.5477591753005981,0.20162712037563324,0.022893505170941353
258,S1 wind +20%,7,-88.04107666015625,1.04550302028656,0.22764863073825836,0.002322780666872859,-69.95728302001953,2.837735891342163,0.3244059979915619,0.050600528717041016,-84.71761322021484,1.104044795036316,0.17523546516895294,0.01219639740884304,-75.33218383789062,0.7546095252037048,0.30897095799446106,0.03093603067100048
258,S1 wind +20%,8,-87.90723419189453,1.4622113704681396,0.2347307950258255,0.02772950939834118,-78.02056884765625,2.3343751430511475,0.12712609767913818,0.017675353214144707,-72.5788345336914,0.29261717200279236,0.2806577980518341,0.02156614325940609,-71.85575103759766,0.24915817379951477,0.4286280572414398,0.0218478012830019
258,S1 wind +20%,9,-87.16507720947266,2.6952145099639893,0.13917525112628937,0.05430278927087784,-77.83496856689453,0.6797439455986023,0.3745303452014923,0.033087316900491714,-83.03031158447266,0.2561897337436676,0.18441636860370636,0.026100676506757736,-79.78772735595703,0.6165787577629089,0.24833722412586212,0.040585923939943314
258,S1 wind +20%,10,-84.01406860351562,2.1579740047454834,0.10367657989263535,0.01993248239159584,-73.78572845458984,2.598101854324341,0.15598143637180328,0.01696564443409443,-78.46729278564453,0.4309159219264984,0.14209957420825958,0.01670447178184986,-83.81342315673828,1.7862266302108765,0.03751462697982788,0.013308159075677395
258,S1 wind +20%,11,-86.0587387084961,4.545894145965576,0.28952065110206604,0.04134093597531319,-82.43474578857422,2.624908208847046,0.08729847520589828,0.04265536740422249,-78.3271713256836,2.411356210708618,0.16224196553230286,0.03466125950217247,-71.6755142211914,0.31513383984565735,0.30657264590263367,0.03145039081573486
258,S1 wind +20%,12,-87.6472396850586,1.7073898315429688,0.11625368148088455,0.006319399457424879,-76.57034301757812,0.5506641864776611,0.22854943573474884,0.040904585272073746,-72.60030364990234,1.005438208580017,0.3448905944824219,0.038294777274131775,-75.56342315673828,2.4919419288635254,0.30587413907051086,0.042049240320920944
258,S1 wind +20%,13,-88.38358306884766,3.31011700630188,0.09517873078584671,0.026366978883743286,-79.02582550048828,1.5375654697418213,0.1928214579820633,0.018378453329205513,-80.89318084716797,1.645812749862671,0.14745250344276428,0.038804177194833755,-80.00993347167969,3.5724048614501953,0.27392128109931946,0.06910711526870728
258,S1 wind +20%,14,-83.30715942382812,4.002565860748291,0.28507697582244873,0.05761555954813957,-80.1259765625,1.7139841318130493,0.21833370625972748,0.06258924305438995,-83.03302764892578,0.8530404567718506,0.16150222718715668,0.030362512916326523,-81.99930572509766,1.4080792665481567,0.207001194357872,0.03593539074063301
258,S1 wind +20%,15,-85.80876922607422,2.397566318511963,0.23744964599609375,0.02606445550918579,-77.69268035888672,1.902191400527954,0.16955585777759552,0.04690837487578392,-80.84500885009766,2.944404363632202,0.1557607799768448,0.016098272055387497,-70.77687072753906,1.5890862941741943,0.3684396743774414,0.03547852113842964
258,S1 wind +20%,16,-79.16220092773438,2.2617950439453125,0.22082579135894775,0.03167017921805382,-78.1550521850586,2.596705436706543,0.11336487531661987,0.029759930446743965,-79.883544921875,1.7526236772537231,0.23947100341320038,0.07213144749403,-78.41867065429688,1.6411161422729492,0.2554578483104706,0.06283727288246155
258,S1 wind +20%,17,-81.67896270751953,3.1179986000061035,0.22234900295734406,0.043747346848249435,-76.35164642333984,0.5081779956817627,0.23446758091449738,0.030117299407720566,-78.8341293334961,3.933600425720215,0.27453672885894775,0.02466539293527603,-81.5681381225586,2.6225216388702393,0.16150721907615662,0.07864224910736084
258,S1 wind +20%,18,-72.63261413574219,1.636775016784668,0.44277942180633545,0.04702400416135788,-83.796875,2.0828006267547607,0.10110229253768921,0.030935028567910194,-83.0418701171875,3.5020010471343994,0.18238933384418488,0.02728959359228611,-68.96492004394531,1.596320390701294,0.43968304991722107,0.06660346686840057
258,S1 wind +20%,19,-91.76477813720703,1.8251068592071533,0.1242125853896141,0.03090386651456356,-79.31243896484375,1.18977952003479,0.04889792203903198,0.042747385799884796,-88.23907470703125,0.03867008164525032,0.13503843545913696,0.050721485167741776,-84.02776336669922,1.1086227893829346,0.06692414730787277,0.02357177436351776
258,S1 wind +20%,20,-83.34271240234375,4.258764266967773,0.2679203748703003,0.025556597858667374,-81.9334945678711,0.4888143241405487,0.2037561684846878,0.049142491072416306,-85.83306884765625,2.785904884338379,0.15665696561336517,0.04899854212999344,-82.94207763671875,1.1995248794555664,0.06433182209730148,0.01449910830706358
258,S2 heatwave +5K,0,-84.61278533935547,0.44605857133865356,0.2678118050098419,0.04634355753660202,-84.25066375732422,2.7940573692321777,0.12360739707946777,0.06506983190774918,-83.98361206054688,1.1500821113586426,0.3231412470340729,0.024911953136324883,-86.33267974853516,1.9671878814697266,0.12948881089687347,0.07682987302541733
258,S2 heatwave +5K,1,-86.95955657958984,0.5727379322052002,0.18333299458026886,0.035867683589458466,-76.24874877929688,2.477517604827881,0.22770947217941284,0.022620316594839096,-82.048828125,1.4987505674362183,0.2587309777736664,0.03448713943362236,-85.1203384399414,1.8976079225540161,0.13363498449325562,0.06575362384319305
258,S2 heatwave +5K,2,-86.56524658203125,1.1630550622940063,0.13118483126163483,0.024947164580225945,-82.48795318603516,3.272599935531616,0.19274775683879852,0.005361315794289112,-85.54489135742188,2.342407464981079,0.15104170143604279,0.05614331364631653,-85.957275390625,2.945849657058716,-0.15507735311985016,0.014149895869195461
258,S2 heatwave +5K,3,-79.80841827392578,0.870428740978241,0.25458016991615295,0.04235328361392021,-77.87939453125,0.7901882529258728,0.210316464304924,0.06260986626148224,-82.25174713134766,1.2473688125610352,0.16727882623672485,0.04227301478385925,-78.79822540283203,1.3597438335418701,0.1788567304611206,0.03711175173521042
258,S2 heatwave +5K,4,-89.4049072265625,0.9318183064460754,0.04990309476852417,0.04268908128142357,-76.96011352539062,2.5026204586029053,0.15863753855228424,0.020995767787098885,-78.55990600585938,0.764116644859314,0.336515873670578,0.028993723914027214,-75.77767181396484,1.8207615613937378,0.2789513170719147,0.05509042739868164
258,S2 heatwave +5K,5,-96.2116470336914,2.212597370147705,-0.04960579797625542,0.03085217997431755,-81.82586669921875,2.57332444190979,0.22485460340976715,0.032833281904459,-79.3844223022461,1.8381412029266357,0.3221379816532135,0.031746022403240204,-83.26892852783203,1.7279144525527954,0.346790075302124,0.06064710393548012
258,S2 heatwave +5K,6,-90.0107421875,0.41348016262054443,0.008345807902514935,0.018590927124023438,-83.6872329711914,2.025167226791382,0.23605471849441528,0.03956814110279083,-82.87892150878906,1.4744220972061157,0.28361189365386963,0.03158922120928764,-82.11236572265625,0.3290810286998749,0.13089685142040253,0.0008382815285585821
258,S2 heatwave +5K,7,-89.01290130615234,1.599143624305725,0.2038961499929428,0.007310154847800732,-82.40502166748047,2.357725143432617,0.20291852951049805,0.031019361689686775,-86.16767120361328,2.6054019927978516,0.1755610555410385,0.011728436686098576,-78.35840606689453,0.3097867965698242,0.30467191338539124,0.03457945957779884
258,S2 heatwave +5K,8,-88.78372955322266,1.240128993988037,0.21166841685771942,0.02096681296825409,-77.08944702148438,0.9235213994979858,0.20209361612796783,0.02572985738515854,-73.8342056274414,1.68384850025177,0.2846536338329315,0.03513073921203613,-72.77840423583984,0.09862128645181656,0.45499658584594727,0.02566763199865818
258,S2 heatwave +5K,9,-90.16973876953125,2.620368003845215,0.11117926239967346,0.05508448928594589,-79.74230194091797,1.0625492334365845,0.28995391726493835,0.041424211114645004,-84.08438110351562,0.6609320640563965,0.18637864291667938,0.021757006645202637,-79.94551086425781,0.18842096626758575,0.26740220189094543,0.038737669587135315
258,S2 heatwave +5K,10,-85.07886505126953,1.982099175453186,0.08832267671823502,0.03104100003838539,-74.81685638427734,3.1245484352111816,0.14484935998916626,0.050468046218156815,-78.2494125366211,0.8324435949325562,0.20589888095855713,0.013862412422895432,-80.21971893310547,0.4690462052822113,0.17351527512073517,0.02232998050749302
258,S2 heatwave +5K,11,-87.7826156616211,2.624694585800171,0.21886108815670013,0.043615203350782394,-81.10244750976562,2.3340063095092773,0.11915367841720581,0.03348813205957413,-80.1505126953125,2.502232789993286,0.1752360612154007,0.021199531853199005,-74.6250991821289,1.5313210487365723,0.20948250591754913,0.043775174766778946
258,S2 heatwave +5K,12,-89.5088119506836,1.275904655456543,0.08041724562644958,0.011462558060884476,-77.88794708251953,0.28805461525917053,0.21262042224407196,0.03144240379333496,-75.74451446533203,0.6497954726219177,0.3361583650112152,0.05392293259501457,-75.12163543701172,1.606150507926941,0.3431190550327301,0.04438608139753342
258,S2 heatwave +5K,13,-92.43655395507812,2.097078323364258,0.034984391182661057,0.02627607248723507,-79.91397857666016,1.6531003713607788,0.16891276836395264,0.039752595126628876,-82.97136688232422,0.8013907670974731,0.1593075841665268,0.028372321277856827,-74.9811019897461,2.93564510345459,0.4252447783946991,0.03318534046411514
258,S2 heatwave +5K,14,-86.32880401611328,2.6722569465637207,0.21887390315532684,0.03037257120013237,-77.01520538330078,1.8498992919921875,0.2173183560371399,0.03109973482787609,-81.86917877197266,0.5143606066703796,0.20090661942958832,0.015939461067318916,-69.590576171875,1.0752904415130615,0.2999596893787384,0.016456428915262222
258,S2 heatwave +5K,15,-88.74845123291016,0.9555176496505737,0.20265543460845947,0.017295511439442635,-78.76726531982422,1.335081696510315,0.14482708275318146,0.06072947755455971,-84.77281951904297,2.328512191772461,0.16644902527332306,0.013948594219982624,-78.5335693359375,1.1649235486984253,0.18675386905670166,0.033884502947330475
258,S2 heatwave +5K,16,-81.47261047363281,1.136911153793335,0.17738111317157745,0.033388592302799225,-76.62823486328125,0.9181563258171082,0.11796512454748154,0.024958297610282898,-84.895751953125,1.570894718170166,0.22166197001934052,0.08537868410348892,-78.64261627197266,1.708220362663269,0.25390520691871643,0.05312814190983772
258,S2 heatwave +5K,17,-84.71381378173828,1.817958116531372,0.15525619685649872,0.050716832280159,-76.69477081298828,1.26161789894104,0.21507816016674042,0.04473702237010002,-81.77165985107422,1.788312315940857,0.3092995285987854,0.040221862494945526,-81.78015899658203,2.325146436691284,0.19812671840190887,0.07641978561878204
258,S2 heatwave +5K,18,-82.26782989501953,0.9689465165138245,0.25945326685905457,0.014486102387309074,-83.20987701416016,2.694087505340576,0.16235239803791046,0.023408595472574234,-85.8664321899414,2.9110069274902344,0.19987852871418,0.03787870332598686,-74.11859130859375,2.9380955696105957,0.4147164821624756,0.056870490312576294
258,S2 heatwave +5K,19,-92.13191986083984,1.9489690065383911,0.11299628019332886,0.024327807128429413,-80.55477142333984,2.187391519546509,0.05985991656780243,0.07015065848827362,-86.9422607421875,1.2008490562438965,0.1666877716779709,0.06373367458581924,-78.8552017211914,1.203123927116394,0.20082314312458038,0.0352233424782753
258,S2 heatwave +5K,20,-86.96050262451172,2.1844284534454346,0.22239135205745697,0.027600836008787155,-80.00354766845703,1.0997461080551147,0.18753206729888916,0.05652568116784096,-85.647216796875,0.6559423208236694,0.18996424973011017,0.06526464968919754,-78.43791198730469,1.2675750255584717,0.21461522579193115,0.043757114559412
258,S3 drying RH -30%,0,-84.39517974853516,0.5431169271469116,0.28378763794898987,0.055401455610990524,-84.36942291259766,2.948745012283325,0.11218321323394775,0.06174664944410324,-83.56146240234375,0.651319146156311,0.3281884789466858,0.02785651944577694,-85.85406494140625,1.991551399230957,0.123407743871212,0.08086711913347244
258,S3 drying RH -30%,1,-85.0264892578125,0.48752450942993164,0.18605828285217285,0.03417156636714935,-75.90580749511719,2.2581772804260254,0.23796892166137695,0.02339852787554264,-81.34765625,1.9116934537887573,0.2445048838853836,0.017397157847881317,-85.1203384399414,1.8976079225540161,0.1317763775587082,0.055963970720767975
258,S3 drying RH -30%,2,-84.6634521484375,0.07128174602985382,0.12097571045160294,0.02850187011063099,-82.67266082763672,2.7992355823516846,0.1952841728925705,0.006540615577250719,-85.3547134399414,2.406709671020508,0.14894075691699982,0.05698942020535469,-85.95916748046875,2.7467455863952637,-0.14209097623825073,0.01143308449536562
258,S3 drying RH -30%,3,-83.78707122802734,0.5523934960365295,0.24558381736278534,0.04225769639015198,-78.69123077392578,1.4167275428771973,0.19182662665843964,0.04530848562717438,-82.63134002685547,0.5622362494468689,0.16507072746753693,0.04119395837187767,-80.01607513427734,1.2525817155838013,0.17547349631786346,0.03622887283563614
258,S3 drying RH -30%,4,-86.90390014648438,1.7930431365966797,0.04993641749024391,0.04416628181934357,-77.60228729248047,2.473423480987549,0.1532905250787735,0.013074160553514957,-78.13402557373047,0.4255272150039673,0.3508036434650421,0.03555798903107643,-78.29106903076172,1.6695261001586914,0.07745558768510818,0.0011043300619348884
258,S3 drying RH -30%,5,-96.36429595947266,2.0643060207366943,-0.04960579797625542,0.03085217997431755,-81.34650421142578,2.186741352081299,0.22066433727741241,0.0280416589230299,-78.06023406982422,1.9456340074539185,0.32364752888679504,0.03839528188109398,-81.675537109375,1.6229547262191772,0.3232652246952057,0.051865044981241226
258,S3 drying RH -30%,6,-89.84795379638672,0.46180176734924316,0.00554843433201313,0.022497227415442467,-84.4924087524414,2.2024905681610107,0.21585465967655182,0.0207957923412323,-82.32654571533203,1.6133191585540771,0.2846943438053131,0.03195090591907501,-82.31463623046875,0.30002981424331665,0.12511847913265228,0.00710869999602437
258,S3 drying RH -30%,7,-89.49662017822266,1.5164964199066162,0.17197208106517792,0.0057627009227871895,-81.70398712158203,2.9920406341552734,0.19751478731632233,0.032552361488342285,-86.2943115234375,2.1669845581054688,0.17290866374969482,0.00943075306713581,-78.6534652709961,0.5422013401985168,0.30871352553367615,0.022465236485004425
258,S3 drying RH -30%,8,-88.02889251708984,1.2207379341125488,0.19839417934417725,0.012000315822660923,-76.65186309814453,1.1724259853363037,0.18798695504665375,0.020326988771557808,-73.51775360107422,1.2766919136047363,0.29603514075279236,0.038173213601112366,-72.84623718261719,0.1999371498823166,0.4552156925201416,0.026755966246128082
258,S3 drying RH -30%,9,-88.41898345947266,2.7114555835723877,0.11034631729125977,0.054607342928647995,-78.80838775634766,1.1487635374069214,0.2947664260864258,0.05535639077425003,-83.43244934082031,0.14284361898899078,0.19314102828502655,0.01842566952109337,-79.94551086425781,0.18842096626758575,0.2703535556793213,0.04121597111225128
258,S3 drying RH -30%,10,-84.21080780029297,2.1124231815338135,0.08782922476530075,0.03251208737492561,-74.71450805664062,2.928957939147949,0.1387452632188797,0.03544342517852783,-77.41536712646484,0.4719066023826599,0.2212786227464676,0.016190603375434875,-80.60089874267578,0.6553296446800232,0.17670033872127533,0.01852656714618206
258,S3 drying RH -30%,11,-87.29000091552734,3.024474859237671,0.22482164204120636,0.046902526170015335,-82.01542663574219,2.6497039794921875,0.1112038865685463,0.022257275879383087,-78.7635269165039,3.572317123413086,0.1957579106092453,0.029598437249660492,-74.54700469970703,1.6053078174591064,0.2173289805650711,0.048654958605766296
258,S3 drying RH -30%,12,-88.95194244384766,1.540631651878357,0.08171392232179642,0.012127459980547428,-78.02848052978516,0.5865523219108582,0.1975153088569641,0.027720505371689796,-74.23899841308594,1.1284157037734985,0.3630259037017822,0.0512620285153389,-75.26699829101562,1.7595205307006836,0.3597540855407715,0.04075054079294205
258,S3 drying RH -30%,13,-90.66583251953125,3.89060115814209,0.04711758717894554,0.030621923506259918,-79.43541717529297,1.4935328960418701,0.20171572268009186,0.027713313698768616,-82.32355499267578,1.2791101932525635,0.18477433919906616,0.03045830689370632,-75.2305908203125,2.46575665473938,0.42364951968193054,0.031031383201479912
258,S3 drying RH -30%,14,-87.0589828491211,2.819333791732788,0.20848023891448975,0.026888692751526833,-78.43431854248047,1.8486456871032715,0.19998329877853394,0.030660878866910934,-80.82137298583984,0.6487751603126526,0.20502065122127533,0.017538340762257576,-70.92974090576172,1.5753965377807617,0.33562132716178894,0.003598674200475216
258,S3 drying RH -30%,15,-88.7750244140625,1.1821116209030151,0.21520860493183136,0.013022275641560555,-79.68767547607422,0.7562927603721619,0.1465006172657013,0.057491980493068695,-84.79739379882812,3.4309051036834717,0.1664639115333557,0.02150937356054783,-80.12805938720703,0.8139205574989319,0.2024276852607727,0.02567792870104313
258,S3 drying RH -30%,16,-80.9157485961914,1.3330858945846558,0.19085119664669037,0.028343087062239647,-78.45551300048828,1.6785846948623657,0.09062396734952927,0.02300531417131424,-83.4972152709961,1.5271201133728027,0.24663043022155762,0.09908059239387512,-78.74345397949219,1.481315016746521,0.2559998333454132,0.040819425135850906
258,S3 drying RH -30%,17,-85.6662368774414,2.667642831802368,0.14010925590991974,0.047910481691360474,-77.10909271240234,1.0899614095687866,0.23738276958465576,0.038868460804224014,-81.2134017944336,2.113185405731201,0.3080871105194092,0.034809332340955734,-82.41629791259766,2.3198513984680176,0.2107113152742386,0.07149919867515564
258,S3 drying RH -30%,18,-82.16104125976562,0.7644836902618408,0.2581123411655426,0.014042824506759644,-83.57547760009766,2.342650890350342,0.15243898332118988,0.01660905033349991,-84.72205352783203,3.432011127471924,0.20208756625652313,0.0348736047744751,-74.22527313232422,2.7866060733795166,0.4155254065990448,0.059433408081531525
258,S3 drying RH -30%,19,-93.32271575927734,1.4290744066238403,0.10083943605422974,0.022799350321292877,-79.63492584228516,1.780489444732666,0.015267281793057919,0.05920296162366867,-85.60953521728516,1.6524361371994019,0.17519646883010864,0.06574873626232147,-80.72949981689453,2.1035237312316895,0.20033037662506104,0.03364526107907295
258,S3 drying RH -30%,20,-85.8997802734375,2.9532339572906494,0.22071118652820587,0.026994803920388222,-82.9885482788086,1.8982305526733398,0.17574284970760345,0.0483415462076664,-84.69564819335938,2.329263210296631,0.2222219854593277,0.07541343569755554,-79.77993774414062,1.6035832166671753,0.2216954082250595,0.04463815689086914
258,S4 rain-out,0,-83.60030364990234,0.6195691823959351,0.29316723346710205,0.05692360922694206,-85.0107421875,2.94879150390625,0.11842825263738632,0.07069041579961777,-84.84284210205078,1.832431674003601,0.30254828929901123,0.029930274933576584,-85.31704711914062,2.6334753036499023,0.16802214086055756,0.08398471772670746
258,S4 rain-out,1,-85.7205810546875,0.35804644227027893,0.16676954925060272,0.036432866007089615,-76.68688201904297,1.854928970336914,0.22674264013767242,0.02948516421020031,-78.8873519897461,2.703774929046631,0.326296329498291,0.012699874117970467,-82.73611450195312,2.1361429691314697,0.2315332442522049,0.051491767168045044
258,S4 rain-out,2,-86.61344146728516,0.4641772210597992,0.08417538553476334,0.04338392615318298,-83.29085540771484,3.0265510082244873,0.11995895951986313,0.015433509834110737,-86.90605926513672,1.4989585876464844,0.1473827213048935,0.04284103214740753,-91.3556137084961,1.6727094650268555,0.017427802085876465,0.054424043744802475
258,S4 rain-out,3,-81.1889877319336,3.5976412296295166,0.28669044375419617,0.06699230521917343,-77.4207763671875,0.7296169400215149,0.2046307772397995,0.0415378101170063,-79.45154571533203,1.7019073963165283,0.2108188271522522,0.05404214560985565,-77.7989730834961,0.5860985517501831,0.2228900045156479,0.028717417269945145
258,S4 rain-out,4,-88.02130889892578,2.574653148651123,0.07377650588750839,0.05420626327395439,-77.77223205566406,2.6018683910369873,0.12987332046031952,0.014080105349421501,-76.16217041015625,0.6969460844993591,0.32489708065986633,0.026236828416585922,-74.15042877197266,0.8530188798904419,0.3187519907951355,0.02822588011622429
258,S4 rain-out,5,-96.0346908569336,2.4829492568969727,-0.02211153693497181,0.04837419092655182,-83.05892944335938,3.028536796569824,0.17296963930130005,0.03267068415880203,-76.90267944335938,2.4395179748535156,0.3316521942615509,0.020398858934640884,-80.12519836425781,2.6358425617218018,0.40534505248069763,0.06476808339357376
258,S4 rain-out,6,-91.65605926513672,2.946536064147949,-0.005980547051876783,0.024017710238695145,-85.03351593017578,1.6193739175796509,0.14745821058750153,0.03806028142571449,-82.3353271484375,1.7480592727661133,0.2794363498687744,0.02450500801205635,-82.10855102539062,0.4362170398235321,0.20362605154514313,0.02253337763249874
258,S4 rain-out,7,-89.98175048828125,2.239415168762207,0.18264512717723846,0.009931965731084347,-70.36441040039062,3.052708387374878,0.3245640993118286,0.025146078318357468,-81.38932037353516,1.402036190032959,0.28119412064552307,0.02132308855652809,-75.16187286376953,0.6018795967102051,0.33228591084480286,0.03488832712173462
258,S4 rain-out,8,-88.2177734375,2.6024324893951416,0.18414640426635742,0.02336779236793518,-77.40935516357422,1.6368446350097656,0.15416008234024048,0.03200308606028557,-74.08905792236328,0.9706069231033325,0.3178909420967102,0.048151567578315735,-71.8477554321289,0.15094032883644104,0.4546034634113312,0.02850898914039135
258,S4 rain-out,9,-89.55780029296875,3.479637622833252,0.09195727109909058,0.06141179800033569,-81.43061065673828,1.628582239151001,0.1940123289823532,0.039222121238708496,-80.57575225830078,0.4115939736366272,0.23537933826446533,0.0269914623349905,-77.54108428955078,0.9148946404457092,0.2768535315990448,0.06686042994260788
258,S4 rain-out,10,-89.4254379272461,3.547104835510254,0.07759816199541092,0.036031514406204224,-74.80237579345703,2.3384947776794434,0.12707047164440155,0.02390749752521515,-77.6977767944336,1.2619373798370361,0.2039884775876999,0.02839946560561657,-84.74674987792969,1.5995420217514038,0.051955800503492355,0.020887142047286034
258,S4 rain-out,11,-88.01888275146484,4.5437140464782715,0.23722444474697113,0.035004567354917526,-84.35059356689453,2.257319211959839,0.04809385538101196,0.017588745802640915,-78.57713317871094,2.8980486392974854,0.15848417580127716,0.02190854772925377,-74.00557708740234,0.42363440990448,0.27398431301116943,0.026037150993943214
258,S4 rain-out,12,-87.28592681884766,2.8509011268615723,0.08756151795387268,0.014993587508797646,-79.96444702148438,1.0745177268981934,0.17574119567871094,0.0341532938182354,-70.87744903564453,1.571263074874878,0.3461456596851349,0.039245814085006714,-76.22380065917969,1.7777563333511353,0.3123440444469452,0.048639316111803055
258,S4 rain-out,13,-93.00133514404297,3.8991341590881348,0.0380869098007679,0.025821056216955185,-80.25707244873047,1.6135311126708984,0.14766788482666016,0.019027795642614365,-80.01718139648438,1.381716251373291,0.1788681298494339,0.038887180387973785,-78.6564712524414,2.3931825160980225,0.2757880985736847,0.0670967549085617
258,S4 rain-out,14,-89.50215911865234,4.719208717346191,0.1794746369123459,0.05582565814256668,-82.15982055664062,1.812669038772583,0.1526784896850586,0.07411377131938934,-82.21025848388672,1.3576236963272095,0.189539834856987,0.024698514491319656,-82.97057342529297,0.49526137113571167,0.14895029366016388,0.04858290031552315
258,S4 rain-out,15,-86.55035400390625,2.507753372192383,0.20287615060806274,0.011836192570626736,-80.75963592529297,1.9599592685699463,0.1014847531914711,0.052143752574920654,-81.39257049560547,2.293272018432617,0.16804681718349457,0.004075846169143915,-72.24609375,0.18963150680065155,0.3538646996021271,0.024206049740314484
258,S4 rain-out,16,-81.25318145751953,2.5805704593658447,0.1711471527814865,0.04716736823320389,-81.24397277832031,2.5610196590423584,0.07051322609186172,0.027654927223920822,-78.4010238647461,1.7996186017990112,0.253458172082901,0.0701703205704689,-78.59341430664062,1.0366026163101196,0.24546878039836884,0.05492261052131653
258,S4 rain-out,17,-85.08103942871094,2.8893654346466064,0.1426953226327896,0.05150716379284859,-77.0103988647461,1.8193535804748535,0.19901961088180542,0.023383397608995438,-75.77098846435547,4.521057605743408,0.3245769739151001,0.026070551946759224,-79.4844970703125,2.4359264373779297,0.16322913765907288,0.0973324179649353
258,S4 rain-out,18,-79.56963348388672,3.1282052993774414,0.30849555134773254,0.041219763457775116,-84.96825408935547,2.6807847023010254,0.09193655103445053,0.018882939592003822,-84.66675567626953,2.8651223182678223,0.1997089385986328,0.009852796792984009,-67.92536163330078,1.205596923828125,0.42598509788513184,0.06773446500301361
258,S4 rain-out,19,-91.9884262084961,2.3329966068267822,0.09904175996780396,0.03740382939577103,-82.19344329833984,2.035442352294922,0.012023399583995342,0.029831063002347946,-86.6859130859375,1.0777209997177124,0.13498874008655548,0.058489978313446045,-83.5468521118164,0.30094319581985474,0.06735044717788696,0.0493469201028347
258,S4 rain-out,20,-84.9984359741211,3.1771905422210693,0.2362203598022461,0.025327764451503754,-81.30536651611328,0.7195394039154053,0.2158341407775879,0.06462087482213974,-84.7437744140625,2.772371530532837,0.15773116052150726,0.043108612298965454,-82.98562622070312,1.3120876550674438,0.06934654712677002,0.01670958660542965
258,S5 deep drought,0,-85.30077362060547,0.5993657112121582,0.2793167531490326,0.07263921946287155,-82.95994567871094,4.019158840179443,0.11994042992591858,0.06605999916791916,-81.22100067138672,0.9046232104301453,0.362752765417099,0.044086698442697525,-86.39398193359375,1.969058871269226,0.17056071758270264,0.06511717289686203
258,S5 deep drought,1,-85.36608123779297,0.5994695425033569,0.16576837003231049,0.03350638970732689,-75.67764282226562,2.1752912998199463,0.2308100312948227,0.03527955710887909,-80.14232635498047,2.4685187339782715,0.28870752453804016,0.004520126152783632,-85.08600616455078,2.0294241905212402,0.17634756863117218,0.050102636218070984
258,S5 deep drought,2,-84.7232666015625,0.21649017930030823,0.12405207008123398,0.023169459775090218,-82.24788665771484,3.498995065689087,0.19522692263126373,0.011664504185318947,-86.09881591796875,2.416982412338257,0.15822629630565643,0.059422265738248825,-84.48713684082031,1.678592324256897,0.0628645122051239,0.04720384255051613
258,S5 deep drought,3,-79.65579986572266,1.2501370906829834,0.2725847661495209,0.03203151747584343,-77.12848663330078,0.6481553912162781,0.19804386794567108,0.05539276450872421,-81.8439712524414,1.7013139724731445,0.15016566216945648,0.0402069017291069,-78.26123809814453,0.9420872926712036,0.19592101871967316,0.04318205639719963
258,S5 deep drought,4,-85.44576263427734,0.951073944568634,0.10798954218626022,0.04890381172299385,-77.08661651611328,2.8674845695495605,0.14828185737133026,0.018087834119796753,-71.66778564453125,1.1206696033477783,0.4240451753139496,0.018825309351086617,-75.48969268798828,1.9672417640686035,0.28926607966423035,0.058538395911455154
258,S5 deep drought,5,-96.2422866821289,2.235712766647339,-0.04938418045639992,0.03159530833363533,-81.20296478271484,2.3095133304595947,0.2497020959854126,0.03217439353466034,-76.75714874267578,2.953296184539795,0.3729546070098877,0.026887010782957077,-80.52584075927734,2.6251230239868164,0.38545966148376465,0.062191806733608246
258,S5 deep drought,6,-90.07757568359375,0.7407375574111938,0.025682993233203888,0.019521741196513176,-84.86898040771484,2.5512855052948,0.23719428479671478,0.03347981348633766,-82.33094024658203,1.6086684465408325,0.29386311769485474,0.037963442504405975,-82.21137237548828,0.15757739543914795,0.21124367415905,0.020249048247933388
258,S5 deep drought,7,-88.7068099975586,1.058032512664795,0.2157547026872635,0.006946344394236803,-81.47694396972656,2.873638391494751,0.21351198852062225,0.02838631346821785,-86.30912017822266,1.8892587423324585,0.18094509840011597,0.00878896564245224,-77.95482635498047,0.6646866202354431,0.30855703353881836,0.028780298307538033
258,S5 deep drought,8,-88.18441009521484,1.200129508972168,0.24286682903766632,0.046237315982580185,-77.89908599853516,1.3039647340774536,0.17716427147388458,0.024097990244627,-73.4358901977539,1.1663857698440552,0.27302026748657227,0.02066907100379467,-72.53197479248047,0.31506943702697754,0.4519881010055542,0.029439419507980347
258,S5 deep drought,9,-88.46234130859375,2.8685877323150635,0.10942458361387253,0.053876861929893494,-78.68704223632812,1.3309743404388428,0.2999494969844818,0.047645922750234604,-83.28006744384766,0.34883955121040344,0.16629384458065033,0.027149569243192673,-79.89835357666016,0.12211518734693527,0.2642095983028412,0.03968343138694763
258,S5 deep drought,10,-84.79859161376953,1.598824381828308,0.09286120533943176,0.043011024594306946,-74.84829711914062,2.6132209300994873,0.12773148715496063,0.03745657950639725,-77.94428253173828,0.6356299519538879,0.17013680934906006,0.009726092219352722,-79.0511474609375,0.7042695879936218,0.1864287108182907,0.015720656141638756
258,S5 deep drought,11,-85.1901626586914,3.3219244480133057,0.2498236894607544,0.03988797590136528,-83.09676361083984,2.2976186275482178,0.07758299261331558,0.024801135063171387,-79.23004150390625,3.1080479621887207,0.1559486985206604,0.0280553437769413,-73.10260772705078,1.451180100440979,0.29768577218055725,0.031962379813194275
258,S5 deep drought,12,-88.53418731689453,1.5696742534637451,0.09891312569379807,0.018747365102171898,-78.81258392333984,0.34149473905563354,0.1603953093290329,0.03233425319194794,-74.19060516357422,0.8365293741226196,0.31789347529411316,0.06719138473272324,-75.06951141357422,2.161170721054077,0.33961284160614014,0.04684348404407501
258,S5 deep drought,13,-90.9430923461914,3.80295991897583,0.06281674653291702,0.029898153617978096,-79.40357208251953,1.7228772640228271,0.17511850595474243,0.046590764075517654,-78.4013900756836,0.8627057671546936,0.22422762215137482,0.036321740597486496,-74.81900787353516,2.9256186485290527,0.4195824861526489,0.02913803607225418
258,S5 deep drought,14,-83.16905975341797,3.227576732635498,0.23315763473510742,0.03066147491335869,-76.72891998291016,1.4246081113815308,0.20946387946605682,0.05533474683761597,-81.87667083740234,1.1168787479400635,0.1964064985513687,0.006211917381733656,-82.73208618164062,1.0294288396835327,0.15685956180095673,0.036351848393678665
258,S5 deep drought,15,-85.14517211914062,2.0523619651794434,0.23079507052898407,0.02088695950806141,-79.38720703125,1.3922584056854248,0.1282392144203186,0.0624472051858902,-81.81107330322266,2.922633171081543,0.17911605536937714,0.0015428020851686597,-72.80565643310547,0.9998722672462463,0.3094641864299774,0.028690649196505547
258,S5 deep drought,16,-81.23819732666016,1.3986202478408813,0.19945605099201202,0.03439078852534294,-79.71057891845703,2.2923312187194824,0.08081257343292236,0.022620057687163353,-77.58392333984375,1.9349944591522217,0.311066210269928,0.09419436007738113,-78.6389389038086,1.5778703689575195,0.26295503973960876,0.046086233109235764
258,S5 deep drought,17,-83.28032684326172,2.667752981185913,0.15469197928905487,0.04824521392583847,-77.62225341796875,1.5277364253997803,0.21931035816669464,0.054452937096357346,-81.31624603271484,3.277878999710083,0.2871600091457367,0.032092105597257614,-81.20098114013672,2.3444952964782715,0.19391854107379913,0.07656079530715942
258,S5 deep drought,18,-78.69119262695312,0.9373807311058044,0.3324476480484009,0.03247234597802162,-81.97906494140625,2.346831798553467,0.14670045673847198,0.02765693888068199,-83.35611724853516,2.345048666000366,0.19972681999206543,0.028472717851400375,-71.19363403320312,2.4724533557891846,0.42330506443977356,0.057008933275938034
258,S5 deep drought,19,-92.2406005859375,2.058938503265381,0.10521308332681656,0.016578244045376778,-79.74410247802734,1.2507259845733643,0.05284211412072182,0.0442885123193264,-87.46858978271484,0.7903335094451904,0.137969508767128,0.056871071457862854,-83.98011779785156,0.2010728418827057,0.052771374583244324,0.04725048691034317
258,S5 deep drought,20,-83.10311126708984,3.342698812484741,0.23706096410751343,0.021748850122094154,-82.20477294921875,0.6445370316505432,0.23182106018066406,0.056359149515628815,-84.88671112060547,2.317596197128296,0.18425512313842773,0.06517219543457031,-82.748779296875,1.0437954664230347,0.07759969681501389,0.007616319693624973
258,S6 relocate: high-relief,0,-74.71085357666016,1.844823956489563,0.3946181833744049,0.03676101937890053,-84.39729309082031,0.8572984933853149,0.11446353793144226,0.041093308478593826,-83.90328979492188,2.1082804203033447,0.11742514371871948,0.036819975823163986,-83.54805755615234,3.0570075511932373,0.11435659974813461,0.059292200952768326
258,S6 relocate: high-relief,1,-78.63471221923828,2.831319808959961,0.2299877554178238,0.01895047351717949,-77.21849060058594,0.35409867763519287,0.20504210889339447,0.023724770173430443,-82.1903076171875,1.365494966506958,0.04962225630879402,0.06126841902732849,-84.3288803100586,2.2921628952026367,0.1530589610338211,0.04605380445718765
258,S6 relocate: high-relief,2,-79.8868179321289,2.044320821762085,0.16158407926559448,0.019896438345313072,-82.1677474975586,1.3021950721740723,0.12090331315994263,0.01882357895374298,-87.04073333740234,0.3986448347568512,-0.06613840907812119,0.011863978579640388,-90.9555892944336,1.249939203262329,-0.05915772542357445,0.03578810766339302
258,S6 relocate: high-relief,3,-72.24065399169922,1.6224162578582764,0.35372743010520935,0.01942160353064537,-80.49068450927734,1.3626545667648315,0.1463208794593811,0.025810375809669495,-83.56671905517578,1.0692520141601562,-0.08337017148733139,0.03601186349987984,-78.5396957397461,0.4893554151058197,0.17134560644626617,0.02492893673479557
258,S6 relocate: high-relief,4,-80.3230972290039,1.221808671951294,0.21457654237747192,0.03953799977898598,-79.673583984375,0.9081289768218994,0.10252553969621658,0.03424045443534851,-82.39669799804688,1.546910285949707,0.012483599595725536,0.014438793994486332,-74.28302001953125,1.0211116075515747,0.22475869953632355,0.023203350603580475
258,S6 relocate: high-relief,5,-89.2308120727539,0.9239838719367981,0.09361568838357925,0.029262440279126167,-82.97154235839844,0.5562158823013306,0.11767935752868652,0.03192223235964775,-79.26383209228516,0.8401091694831848,0.12445274740457535,0.03201668709516525,-80.41048431396484,3.0087454319000244,0.2899435758590698,0.05580433830618858
258,S6 relocate: high-relief,6,-82.3978500366211,1.426370620727539,0.13131839036941528,0.020510109141469002,-84.97348022460938,0.6939018368721008,0.11592444032430649,0.027661865577101707,-83.79593658447266,1.3744723796844482,0.0713188573718071,0.015513286925852299,-81.46839141845703,0.46527066826820374,0.1536630392074585,0.014272709377110004
258,S6 relocate: high-relief,7,-82.07880401611328,0.6754388213157654,0.28230658173561096,0.06715944409370422,-71.79592895507812,0.8383435606956482,0.22901111841201782,0.05368474870920181,-88.34929656982422,0.7055676579475403,-0.00211648759432137,0.050038211047649384,-75.68670654296875,0.9318353533744812,0.2902717888355255,0.03369399532675743
258,S6 relocate: high-relief,8,-80.73661041259766,1.443615436553955,0.35347509384155273,0.038740139454603195,-80.4893569946289,0.6891957521438599,0.11720596998929977,0.03156091645359993,-77.53253173828125,0.8655708432197571,0.11995082348585129,0.013046623207628727,-73.56985473632812,1.190007209777832,0.3480943739414215,0.01197601668536663
258,S6 relocate: high-relief,9,-82.71187591552734,1.221667766571045,0.24660943448543549,0.041978396475315094,-81.80875396728516,2.5294229984283447,0.16107578575611115,0.041188254952430725,-86.11249542236328,1.0524321794509888,0.04145311564207077,0.04536321386694908,-81.55835723876953,1.3233351707458496,0.18861091136932373,0.07691998779773712
258,S6 relocate: high-relief,10,-80.04389190673828,2.213197946548462,0.16038824617862701,0.0036023894790560007,-77.24932098388672,0.20119184255599976,0.10951727628707886,0.010890183970332146,-81.67401885986328,2.1540658473968506,0.029867857694625854,0.02308112010359764,-84.63977813720703,0.99452805519104,0.017146481201052666,0.011203150264918804
258,S6 relocate: high-relief,11,-78.08600616455078,0.8821699619293213,0.25600332021713257,0.06551565229892731,-84.73037719726562,1.3734955787658691,0.032446641474962234,0.011728513985872269,-80.53330993652344,1.2350794076919556,0.0414590947329998,0.03347286954522133,-74.21197509765625,0.8183459043502808,0.28121301531791687,0.01671779341995716
258,S6 relocate: high-relief,12,-79.73838806152344,1.3491253852844238,0.23559345304965973,0.05598382279276848,-78.6844711303711,1.6427756547927856,0.13498778641223907,0.02866034395992756,-75.23246002197266,1.3202542066574097,0.149958997964859,0.0376548208296299,-77.12528228759766,3.3899178504943848,0.23261864483356476,0.006403080187737942
258,S6 relocate: high-relief,13,-83.60952758789062,2.093721866607666,0.16081632673740387,0.02528698742389679,-80.98638153076172,1.3928579092025757,0.12348175048828125,0.019304631277918816,-85.2382583618164,0.84819495677948,-0.026854107156395912,0.051879942417144775,-82.53803253173828,3.4231159687042236,0.2010413408279419,0.045629970729351044
258,S6 relocate: high-relief,14,-81.05050659179688,2.7171974182128906,0.2878754436969757,0.07006266713142395,-82.8680648803711,1.648707628250122,0.1797773838043213,0.05619550496339798,-84.37413024902344,0.3214972913265228,-0.0018517269054427743,0.030827071517705917,-83.14978790283203,1.0005817413330078,0.1232699379324913,0.031469449400901794
258,S6 relocate: high-relief,15,-77.61688995361328,1.0463488101959229,0.22059811651706696,0.026238368824124336,-80.4347915649414,1.6646538972854614,0.035308483988046646,0.05196883901953697,-83.99004364013672,0.05478503182530403,-0.05684666708111763,0.032886479049921036,-73.18155670166016,1.3163994550704956,0.30032041668891907,0.008601181209087372
258,S6 relocate: high-relief,16,-71.2629623413086,1.3075047731399536,0.36104512214660645,0.025497877970337868,-80.67861938476562,1.8320361375808716,0.022923437878489494,0.0322495698928833,-82.91832733154297,1.5455976724624634,0.04829621687531471,0.069658562541008,-79.46576690673828,2.117678642272949,0.1801413744688034,0.038519877940416336
258,S6 relocate: high-relief,17,-75.09314727783203,1.0611462593078613,0.3082464039325714,0.008163015358150005,-75.71632385253906,3.2321789264678955,0.12060777097940445,0.032281678169965744,-77.78741455078125,0.9676811695098877,0.12869273126125336,0.03265907242894173,-80.37385559082031,2.142665386199951,0.11649952083826065,0.05280216038227081
258,S6 relocate: high-relief,18,-68.4079818725586,2.841384172439575,0.40142735838890076,0.028517916798591614,-84.25391387939453,0.6280068755149841,0.03602658212184906,0.0180826336145401,-87.56526947021484,0.8311104774475098,-0.05000458285212517,0.018877483904361725,-67.69992065429688,3.0248630046844482,0.34953293204307556,0.06370875984430313
258,S6 relocate: high-relief,19,-84.83011627197266,2.5203704833984375,0.12880295515060425,0.04975637048482895,-81.57707977294922,0.8973288536071777,-0.019681254401803017,0.005287140142172575,-91.57138061523438,2.497169256210327,-0.05588630959391594,0.03915896639227867,-85.82034301757812,1.606433629989624,-0.017290951684117317,0.04457257315516472
258,S6 relocate: high-relief,20,-76.62874603271484,0.7407495975494385,0.34744903445243835,0.05388180911540985,-82.86201477050781,1.9355578422546387,0.1045866534113884,0.03625330701470375,-88.35411834716797,0.8460274338722229,-0.0354590080678463,0.03874371573328972,-86.08089447021484,2.7630815505981445,-0.029586778953671455,0.003171414602547884
258,S7 compound extreme,0,-85.47500610351562,3.1807708740234375,0.24397289752960205,0.03238602355122566,-87.9404296875,2.2680742740631104,0.05864779278635979,0.04899267479777336,-85.4413070678711,0.6557618975639343,0.19498145580291748,0.06510311365127563,-91.10831451416016,3.759148597717285,-0.0972205325961113,0.1398419588804245
258,S7 compound extreme,1,-89.35620880126953,2.125471353530884,0.16722480952739716,0.01937207579612732,-77.4090576171875,2.0964362621307373,0.1873006671667099,0.023035380989313126,-84.2178726196289,0.3501587212085724,0.14339376986026764,0.06260378658771515,-87.95556640625,2.113982677459717,-0.03287394344806671,0.10005839169025421
258,S7 compound extreme,2,-83.90013885498047,2.190467596054077,0.15822677314281464,0.03631939738988876,-83.9223861694336,2.9511263370513916,0.1594364196062088,0.028594322502613068,-85.55728912353516,0.939649760723114,0.09034094959497452,0.056599728763103485,-87.33248138427734,2.2033519744873047,-0.2191077023744583,0.0036984351463615894
258,S7 compound extreme,3,-81.73770904541016,1.2098866701126099,0.24302756786346436,0.014422832988202572,-83.00118255615234,1.5319961309432983,0.16803181171417236,0.031965162605047226,-82.40665435791016,2.542771100997925,0.16171501576900482,0.03281274437904358,-82.46768951416016,2.2452750205993652,0.07613003998994827,0.05313260108232498
258,S7 compound extreme,4,-94.93563079833984,0.4094465970993042,0.0855080857872963,0.05738068372011185,-82.76368713378906,3.806593894958496,0.13000883162021637,0.013666220009326935,-79.30876922607422,1.3076049089431763,0.28895053267478943,0.05194440856575966,-83.47494506835938,2.637932538986206,-0.047868434339761734,0.008849287405610085
258,S7 compound extreme,5,-98.91973114013672,1.53803288936615,-0.007085373159497976,0.040656689554452896,-84.66954803466797,2.8503987789154053,0.13428300619125366,0.02766488678753376,-81.44949340820312,1.0033280849456787,0.19863677024841309,0.06920226663351059,-84.24947357177734,1.092362403869629,0.23386089503765106,0.05023616924881935
258,S7 compound extreme,6,-89.57184600830078,1.3036160469055176,0.1502886563539505,0.05809565633535385,-83.9103012084961,2.7186856269836426,0.21143151819705963,0.024158524349331856,-81.69278717041016,1.8539201021194458,0.1854569911956787,0.0683751031756401,-84.29670715332031,1.8419997692108154,0.053888291120529175,0.051193058490753174
258,S7 compound extreme,7,-91.5706787109375,0.5437220335006714,0.1944115161895752,0.03748679161071777,-84.51292419433594,3.542633056640625,0.12313754111528397,0.013187933713197708,-86.1415786743164,2.052187919616699,0.12138066440820694,0.04879893735051155,-78.20130157470703,0.6534243226051331,0.22470062971115112,0.055932171642780304
258,S7 compound extreme,8,-93.72733306884766,0.6453258991241455,0.12393826991319656,0.024636169895529747,-79.5338363647461,3.061011552810669,0.140764057636261,0.0022491554263979197,-75.44493103027344,0.5090585350990295,0.31220006942749023,0.03775841370224953,-76.0458984375,0.5251643061637878,0.42860016226768494,0.021591966971755028
258,S7 compound extreme,9,-94.77803802490234,2.723557710647583,0.09798631817102432,0.06541911512613297,-80.46770477294922,3.2430763244628906,0.31230583786964417,0.03761221095919609,-84.43942260742188,0.4423716366291046,0.17640413343906403,0.028414499014616013,-85.85488891601562,1.217147707939148,0.2131316214799881,0.04182381555438042
258,S7 compound extreme,10,-90.6319351196289,1.0939332246780396,0.01817392185330391,0.0271412655711174,-80.07115936279297,2.4825730323791504,0.1334654837846756,0.03785412758588791,-77.3426513671875,1.9608964920043945,0.24603243172168732,0.038533251732587814,-82.530517578125,0.977479100227356,0.11296724528074265,0.016411244869232178
258,S7 compound extreme,11,-91.4923324584961,2.2340917587280273,0.19800610840320587,0.034162480384111404,-82.21553802490234,1.9240816831588745,0.1227346658706665,0.04199859872460365,-78.85345458984375,3.2205073833465576,0.24194543063640594,0.05516422539949417,-78.39714813232422,0.9662216305732727,0.23426252603530884,0.04639561101794243
258,S7 compound extreme,12,-93.82544708251953,1.0711954832077026,-0.0060938685201108456,0.019269252195954323,-82.55999755859375,2.764756917953491,0.16172952950000763,0.05328945070505142,-76.80982208251953,2.2835187911987305,0.3242308497428894,0.054704293608665466,-78.60501098632812,1.5919673442840576,0.3246069848537445,0.04659098759293556
258,S7 compound extreme,13,-95.3083267211914,0.5525533556938171,0.0210963636636734,0.04617280140519142,-83.15096282958984,2.767090320587158,0.09962046891450882,0.012929398566484451,-81.97100830078125,1.395723819732666,0.194655179977417,0.018346618860960007,-77.02576446533203,3.4457600116729736,0.49454808235168457,0.049300070852041245
258,S7 compound extreme,14,-85.8284683227539,0.9344087839126587,0.18002359569072723,0.02301977202296257,-86.1082763671875,2.8161354064941406,0.06724979728460312,0.03342089802026749,-80.38392639160156,2.322026252746582,0.22462041676044464,0.0269437525421381,-76.18252563476562,0.7994428873062134,0.2731374204158783,0.04364853724837303
258,S7 compound extreme,15,-88.78533935546875,3.806162118911743,0.2127056121826172,0.017108270898461342,-85.17528533935547,1.9828935861587524,0.1019248366355896,0.058598753064870834,-84.98342895507812,2.0953240394592285,0.15241940319538116,0.03272446617484093,-81.2215347290039,0.5383535027503967,0.24297375977039337,0.04893546551465988
258,S7 compound extreme,16,-89.06952667236328,1.9284610748291016,0.0983867272734642,0.029060449451208115,-84.60033416748047,2.476532220840454,0.061926741153001785,0.02482016570866108,-86.16851806640625,1.8959416151046753,0.17685692012310028,0.07524581253528595,-85.44898223876953,2.026763677597046,0.1771039515733719,0.04063715413212776
258,S7 compound extreme,17,-90.89070892333984,2.09024977684021,0.05362902581691742,0.05106380209326744,-84.39708709716797,1.5342837572097778,0.17669932544231415,0.01392302569001913,-85.31344604492188,2.241580009460449,0.19310681521892548,0.04645156115293503,-87.6160659790039,1.9631198644638062,0.16040369868278503,0.0658496841788292
258,S7 compound extreme,18,-82.0285415649414,1.682936191558838,0.2699626684188843,0.028379587456583977,-89.6785888671875,2.07478404045105,0.028368771076202393,0.04653855040669441,-85.09325408935547,2.1639344692230225,0.12429779767990112,0.04381769895553589,-78.1746826171875,0.3083437979221344,0.19126544892787933,0.02865229919552803
258,S7 compound extreme,19,-91.48865509033203,1.981837511062622,0.11625105142593384,0.03362315520644188,-85.75472259521484,2.3132848739624023,-0.014973662793636322,0.03766117990016937,-87.12479400634766,0.9305821061134338,0.10914356261491776,0.08680140972137451,-87.35784912109375,0.564031183719635,0.09404432028532028,0.03949800878763199
258,S7 compound extreme,20,-91.9306640625,2.4895944595336914,0.1106981560587883,0.04440467432141304,-86.13641357421875,1.8537700176239014,0.05749766156077385,0.03146502003073692,-85.90291595458984,1.0758912563323975,0.1408604085445404,0.0988694578409195,-83.89158630371094,1.27511727809906,0.08780404180288315,0.012868093326687813
258,S8 pyro-feedback ON,0,-82.77191925048828,0.61747807264328,0.34508636593818665,0.08611636608839035,-82.50531005859375,2.5152251720428467,0.1401246339082718,0.08985646814107895,-83.80847930908203,0.7199435234069824,0.33481907844543457,0.027960198000073433,-84.68856048583984,2.693077802658081,0.17122423648834229,0.07353169471025467
258,S8 pyro-feedback ON,1,-85.33648681640625,0.6869771480560303,0.1830228716135025,0.02980118989944458,-75.58160400390625,1.9763826131820679,0.26059237122535706,0.035558849573135376,-80.96793365478516,2.0578529834747314,0.28475162386894226,0.00505478959530592,-84.3129653930664,1.9255300760269165,0.22932656109333038,0.042676813900470734
258,S8 pyro-feedback ON,2,-83.23030853271484,0.30120471119880676,0.13502635061740875,0.03330565616488457,-81.0816879272461,3.1997997760772705,0.1870431900024414,0.01403866894543171,-85.87479400634766,2.0395233631134033,0.16143807768821716,0.06689536571502686,-90.64347076416016,1.7390491962432861,0.019361531361937523,0.05743115395307541
258,S8 pyro-feedback ON,3,-79.4961929321289,1.2709981203079224,0.32322654128074646,0.05193474516272545,-76.8553466796875,0.33984607458114624,0.19358521699905396,0.05338265374302864,-82.17467498779297,1.0984522104263306,0.13402941823005676,0.034950774163007736,-78.26630401611328,1.1580570936203003,0.19362807273864746,0.039667680859565735
258,S8 pyro-feedback ON,4,-85.25406646728516,2.225907802581787,0.1067233458161354,0.05177559703588486,-77.01480865478516,2.5516932010650635,0.16285355389118195,0.027832768857479095,-77.55242919921875,0.48318368196487427,0.31182780861854553,0.03365220129489899,-73.93325805664062,0.9288972020149231,0.317819207906723,0.028224008157849312
258,S8 pyro-feedback ON,5,-95.55374145507812,2.100189685821533,0.011796366423368454,0.046911776065826416,-81.56233978271484,2.1555588245391846,0.2414890080690384,0.038269005715847015,-78.14559173583984,2.05777645111084,0.3297324478626251,0.02273387275636196,-80.40530395507812,2.858217477798462,0.394059419631958,0.06013689190149307
258,S8 pyro-feedback ON,6,-87.98885345458984,0.726371705532074,0.06631004810333252,0.01806156150996685,-83.1145248413086,2.2236948013305664,0.24147816002368927,0.04390180483460426,-82.302001953125,1.6853724718093872,0.2895653247833252,0.0358656607568264,-82.10015106201172,0.5477591753005981,0.1970328539609909,0.025678930804133415
258,S8 pyro-feedback ON,7,-88.20034790039062,1.2120411396026611,0.22958315908908844,0.0023731724359095097,-70.1558609008789,2.7034740447998047,0.3433152437210083,0.052886154502630234,-85.60662841796875,0.9227424263954163,0.1771136075258255,0.018004707992076874,-75.41082763671875,0.7644991874694824,0.30897095799446106,0.03093603067100048
258,S8 pyro-feedback ON,8,-87.98494720458984,1.3734822273254395,0.23615770041942596,0.023780446499586105,-77.97721099853516,1.522454023361206,0.16654197871685028,0.021613217890262604,-72.51412200927734,0.23889578878879547,0.27604424953460693,0.02389265038073063,-72.04584503173828,0.2988972067832947,0.4352412223815918,0.026338977739214897
258,S8 pyro-feedback ON,9,-87.5233154296875,3.017061471939087,0.13102898001670837,0.06436017155647278,-79.48548126220703,0.8509447574615479,0.295581579208374,0.051317717880010605,-83.1461410522461,0.1380176693201065,0.19273042678833008,0.029573464766144753,-79.60018157958984,0.46712228655815125,0.25193044543266296,0.03885597735643387
258,S8 pyro-feedback ON,10,-83.95850372314453,2.154921770095825,0.103271484375,0.027748171240091324,-74.54581451416016,2.8472580909729004,0.1602451354265213,0.02805040217936039,-78.4464340209961,0.4842071533203125,0.1412373036146164,0.017730923369526863,-84.23566436767578,1.4446327686309814,0.039964646100997925,0.012732469476759434
258,S8 pyro-feedback ON,11,-85.51199340820312,4.146005630493164,0.26300838589668274,0.046590544283390045,-82.59285736083984,2.5319011211395264,0.0909251794219017,0.028918148949742317,-78.8982162475586,2.9721014499664307,0.15940891206264496,0.02282135561108589,-73.34907531738281,0.918557345867157,0.27601486444473267,0.028655432164669037
258,S8 pyro-feedback ON,12,-87.92261505126953,1.8963629007339478,0.11621371656656265,0.006308821961283684,-77.31468963623047,0.38636571168899536,0.2284640073776245,0.0449574775993824,-72.67689514160156,0.8873971700668335,0.3358595371246338,0.03792053461074829,-75.81160736083984,2.216169834136963,0.3067016303539276,0.040451958775520325
258,S8 pyro-feedback ON,13,-90.32662200927734,3.9094741344451904,0.07052367180585861,0.017013899981975555,-78.86080169677734,1.366360068321228,0.19814467430114746,0.03143089637160301,-82.70661926269531,0.8875893950462341,0.1363217830657959,0.03712897747755051,-80.9037857055664,2.9973697662353516,0.27237293124198914,0.06615282595157623
258,S8 pyro-feedback ON,14,-83.54176330566406,3.9981346130371094,0.26301583647727966,0.06471621990203857,-80.22687530517578,1.5989388227462769,0.21482308208942413,0.07466668635606766,-82.4817886352539,1.2241268157958984,0.17734597623348236,0.02068132720887661,-83.19927215576172,1.0382237434387207,0.14801250398159027,0.04344862699508667
258,S8 pyro-feedback ON,15,-84.38961029052734,2.6046125888824463,0.2432183027267456,0.008581473492085934,-78.92945098876953,1.7804995775222778,0.14544999599456787,0.0583636611700058,-81.98741912841797,2.381450653076172,0.14191554486751556,0.0108568724244833,-72.50823211669922,0.9011204838752747,0.32550284266471863,0.02345874160528183
258,S8 pyro-feedback ON,16,-79.25305938720703,2.3630216121673584,0.2172001153230667,0.036530137062072754,-79.76925659179688,2.0373127460479736,0.08612678200006485,0.023321012035012245,-80.07840728759766,1.3611963987350464,0.2334122508764267,0.08037659525871277,-77.85137176513672,1.3574702739715576,0.24764318764209747,0.04498905688524246
258,S8 pyro-feedback ON,17,-81.81307220458984,3.165656089782715,0.1940533071756363,0.04856233298778534,-76.72126007080078,1.6385494470596313,0.2343088984489441,0.0363011360168457,-78.80435943603516,3.9423434734344482,0.28115326166152954,0.025324033573269844,-80.6570816040039,2.3342087268829346,0.16335691511631012,0.08032066375017166
258,S8 pyro-feedback ON,18,-76.44475555419922,2.2786216735839844,0.3734950125217438,0.03939118608832359,-81.79879760742188,2.1101744174957275,0.14948530495166779,0.021075738593935966,-84.18274688720703,3.079432725906372,0.18426698446273804,0.020406389608979225,-66.64398956298828,2.565498113632202,0.44298091530799866,0.05451030656695366
258,S8 pyro-feedback ON,19,-92.15252685546875,2.0447075366973877,0.12451479583978653,0.02959023416042328,-79.38095092773438,1.1314314603805542,0.0484420470893383,0.04056602343916893,-88.2065658569336,0.030014529824256897,0.12687334418296814,0.052334658801555634,-83.47100067138672,0.08778537809848785,0.05888264253735542,0.04313766211271286
258,S8 pyro-feedback ON,20,-82.6098861694336,3.5708537101745605,0.2805987298488617,0.02345426380634308,-81.31873321533203,0.5656359195709229,0.23962657153606415,0.07151937484741211,-85.77698516845703,2.7600016593933105,0.1494682878255844,0.049156952649354935,-83.0076675415039,1.3049890995025635,0.06533435732126236,0.008062509819865227
260,S0 baseline,0,-88.56998443603516,0.9506765007972717,0.02139059267938137,0.059149034321308136,-86.02977752685547,1.4733293056488037,0.13511237502098083,0.00483901659026742,-88.60895538330078,2.152918815612793,0.1025480404496193,0.022312385961413383,-88.9442138671875,0.6009436249732971,-0.06127859279513359,0.03587502986192703
260,S0 baseline,1,-90.7344741821289,1.2278681993484497,-0.015906495973467827,0.023086685687303543,-94.16387939453125,1.0607620477676392,0.005072794854640961,0.03475916013121605,-89.0834732055664,1.3785489797592163,0.035200875252485275,0.028629876673221588,-86.60650634765625,1.2397264242172241,0.02515183947980404,0.062437791377305984
260,S0 baseline,2,-90.09127044677734,2.212681770324707,0.13848532736301422,0.04030294716358185,-80.00675201416016,1.9852378368377686,0.1983843296766281,0.05870974063873291,-87.0129623413086,0.35151955485343933,0.09812802076339722,0.020641855895519257,-90.37136840820312,0.8696044087409973,0.11832467466592789,0.06673096120357513
260,S0 baseline,3,-82.5697250366211,0.6309057474136353,0.23354043066501617,0.03323930874466896,-86.61431884765625,1.556084394454956,0.13486216962337494,0.025683963671326637,-92.35741424560547,0.8372225761413574,0.10278598219156265,0.02642601542174816,-79.84368133544922,0.48131388425827026,0.3110904395580292,0.04844006896018982
260,S0 baseline,4,-81.1703872680664,0.7131265997886658,0.2776449918746948,0.04741919785737991,-87.1059799194336,1.931196928024292,0.09275209158658981,0.041365962475538254,-89.9894790649414,1.5407546758651733,0.3121301233768463,0.011827054433524609,-80.78316497802734,1.3566352128982544,0.24641583859920502,0.036281052976846695
260,S0 baseline,5,-90.60601806640625,1.5786911249160767,0.09116434305906296,0.02233094535768032,-89.98202514648438,0.13811248540878296,-0.004764464218169451,0.024050453677773476,-84.22148895263672,0.17377285659313202,0.1862816959619522,0.038680195808410645,-88.44769287109375,0.4993891417980194,0.0048511154018342495,0.045708414167165756
260,S0 baseline,6,-85.97344207763672,2.020827054977417,0.3503764867782593,0.07551736384630203,-82.51935577392578,1.7797677516937256,0.27750054001808167,0.02080787532031536,-87.52216339111328,1.035267949104309,0.2084915041923523,0.04421365633606911,-82.40221405029297,1.1345683336257935,0.2546731233596802,0.01057856809347868
260,S0 baseline,7,-81.5461654663086,2.3340063095092773,0.2870430648326874,0.02121601812541485,-78.83415985107422,1.0412029027938843,0.32353928685188293,0.007971332408487797,-90.7010498046875,0.4544104337692261,0.42270350456237793,0.053842976689338684,-82.95012664794922,0.618431806564331,0.5166944861412048,0.04414360597729683
260,S0 baseline,8,-83.66736602783203,1.3712965250015259,0.19958443939685822,0.018238458782434464,-87.33470916748047,1.1301014423370361,0.2198600023984909,0.012373862788081169,-72.31478118896484,0.7613782286643982,0.45770779252052307,0.04328756034374237,-79.78267669677734,0.8081982731819153,0.5081977248191833,0.046010181307792664
260,S0 baseline,9,-87.32064056396484,1.90155827999115,0.013689014129340649,0.045333437621593475,-84.93331146240234,0.7686715722084045,0.12897536158561707,0.018241645768284798,-87.74816131591797,0.6479830741882324,0.07661624997854233,0.030397385358810425,-82.36247253417969,1.6199400424957275,0.09401877969503403,0.019285468384623528
260,S0 baseline,10,-83.58467864990234,1.0212187767028809,0.1957186907529831,0.02065329998731613,-83.84510040283203,1.906427264213562,0.14858628809452057,0.03751843050122261,-81.44085693359375,0.819866418838501,0.14110510051250458,0.022772060707211494,-82.39640045166016,0.8001929521560669,0.13880868256092072,0.06293037533760071
260,S0 baseline,11,-85.22808074951172,1.331786036491394,0.1428423374891281,0.01950458623468876,-79.41405487060547,1.3312052488327026,0.4437768757343292,0.042663514614105225,-79.66895294189453,1.6050299406051636,0.33244529366493225,0.04201197996735573,-75.15491485595703,0.47539985179901123,0.6879495978355408,0.06179024651646614
260,S0 baseline,12,-69.9702377319336,0.8430193066596985,0.4535110890865326,0.011873693205416203,-74.95825958251953,1.0140159130096436,0.3769650459289551,0.04838525503873825,-82.88265228271484,0.9430046081542969,0.5543933510780334,0.030466558411717415,-76.26726531982422,0.6909288167953491,0.31097251176834106,0.027628151699900627
260,S0 baseline,13,-79.48509979248047,0.4138900935649872,0.1722983866930008,0.06328416615724564,-82.15508270263672,0.5306193828582764,0.13309906423091888,0.054224614053964615,-84.86988830566406,1.388558268547058,0.05711093544960022,0.01319926418364048,-80.8363265991211,2.0908000469207764,0.14886067807674408,0.03654339909553528
260,S0 baseline,14,-78.150146484375,0.6666809320449829,0.46806082129478455,0.034557122737169266,-82.58763885498047,0.8868758678436279,0.17886769771575928,0.01944725587964058,-84.58574676513672,0.6514254808425903,0.08057587593793869,0.043168697506189346,-83.70488739013672,1.1816022396087646,0.21023154258728027,0.033345457166433334
260,S0 baseline,15,-68.4069595336914,0.5582482814788818,0.5105193853378296,0.06615610420703888,-77.72307586669922,0.5688199996948242,0.31083741784095764,0.006674246862530708,-86.5187759399414,1.8168623447418213,0.2730756998062134,0.02796018496155739,-66.47249603271484,1.7236658334732056,0.5605472326278687,0.04316200315952301
260,S0 baseline,16,-83.70038604736328,3.018977165222168,0.18880398571491241,0.012360557913780212,-80.04476165771484,1.3681414127349854,0.09527251869440079,0.03487909212708473,-86.78289794921875,2.466414213180542,0.007518294733017683,0.02378351241350174,-82.48819732666016,0.484336256980896,0.042545635253190994,0.058724451810121536
260,S0 baseline,17,-89.2903060913086,1.8841737508773804,0.15087497234344482,0.042880669236183167,-83.10745239257812,0.9903834462165833,0.16551660001277924,0.01822929084300995,-90.76712799072266,0.6798166036605835,0.10264146327972412,0.010325241833925247,-83.9078598022461,0.7299990653991699,0.15268312394618988,0.038471538573503494
260,S0 baseline,18,-86.4034194946289,1.8385447263717651,0.1284981220960617,0.023829389363527298,-86.34273529052734,0.7258754968643188,0.0778595581650734,0.02468189038336277,-89.0237808227539,0.9949473738670349,0.06908423453569412,0.03305673599243164,-76.62476348876953,0.35007429122924805,0.25507625937461853,0.016240723431110382
260,S0 baseline,19,-67.84954071044922,1.3017786741256714,0.3590332567691803,0.04871988296508789,-75.63866424560547,1.6163527965545654,0.36675557494163513,0.016992777585983276,-78.46200561523438,1.4702858924865723,0.2906053066253662,0.05097723379731178,-69.06334686279297,2.9136741161346436,0.5214377045631409,0.04616015776991844
260,S0 baseline,20,-77.44888305664062,3.4925625324249268,0.286391019821167,0.042104076594114304,-79.40465545654297,1.297135353088379,0.20655305683612823,0.007972643710672855,-79.50310516357422,0.846747636795044,0.22688479721546173,0.010011398233473301,-59.77566909790039,2.419424057006836,0.21485133469104767,0.019500166177749634
260,S0 baseline,21,-84.27994537353516,0.13077276945114136,0.0957866683602333,0.026568222790956497,-82.91305541992188,1.6613820791244507,0.11427534371614456,0.014248932711780071,-70.94269561767578,1.8374273777008057,0.28634414076805115,0.0288967564702034,-78.065185546875,0.4814111590385437,0.37502264976501465,0.04310173541307449
260,S0 baseline,22,-83.07015228271484,3.2369556427001953,0.31429073214530945,0.022838378325104713,-72.72333526611328,2.1269681453704834,0.3451036512851715,0.04358609393239021,-75.90192413330078,1.412308692932129,0.12628492712974548,0.008605903945863247,-77.03797149658203,1.0978425741195679,0.2683494985103607,0.05645483732223511
260,S1 wind +20%,0,-88.6428451538086,0.1936851143836975,0.01941225677728653,0.07022971659898758,-85.74449920654297,1.01633882522583,0.13587254285812378,0.0049111745320260525,-88.60895538330078,2.152918815612793,0.103099524974823,0.022122103720903397,-88.98587036132812,0.6540923118591309,-0.07061772793531418,0.03374747186899185
260,S1 wind +20%,1,-90.16461181640625,1.0885392427444458,-0.0045706829987466335,0.027541475370526314,-93.85176849365234,1.3016483783721924,0.022085756063461304,0.03295821696519852,-89.0834732055664,1.3785489797592163,0.033181820064783096,0.029881609603762627,-87.00582885742188,1.0250922441482544,0.016028840094804764,0.05976160988211632
260,S1 wind +20%,2,-88.4144058227539,1.6563977003097534,0.19354648888111115,0.03290017321705818,-80.2454605102539,1.7509874105453491,0.20508556067943573,0.06012224406003952,-86.34271240234375,0.5807275772094727,0.1151789203286171,0.01716005988419056,-89.97870635986328,0.9640697836875916,0.1404779702425003,0.05807258188724518
260,S1 wind +20%,3,-82.36722564697266,1.5557867288589478,0.2397557944059372,0.03211413696408272,-86.91846466064453,1.4695773124694824,0.12993939220905304,0.02862509712576866,-92.35741424560547,0.8372225761413574,0.0972171425819397,0.031799569725990295,-79.88451385498047,0.511391282081604,0.3007701337337494,0.04892341047525406
260,S1 wind +20%,4,-81.1703872680664,0.7131265997886658,0.3096366226673126,0.05834697559475899,-86.8166732788086,1.4769171476364136,0.09843354672193527,0.03862345218658447,-89.9894790649414,1.5407546758651733,0.3119942247867584,0.008536734618246555,-80.84957122802734,1.3943939208984375,0.24182677268981934,0.03499351069331169
260,S1 wind +20%,5,-89.95458984375,1.6975775957107544,0.07610082626342773,0.024155473336577415,-90.1192855834961,0.22921521961688995,0.0038784798234701157,0.02236129529774189,-84.35234832763672,0.1381521075963974,0.1882544308900833,0.03662201389670372,-88.27737426757812,0.7392950654029846,0.0041793957352638245,0.044770821928977966
260,S1 wind +20%,6,-85.97344207763672,2.020827054977417,0.3565303385257721,0.0772244781255722,-81.50288391113281,0.7264037132263184,0.2853238582611084,0.017626743763685226,-87.58380889892578,0.9551658630371094,0.20732581615447998,0.045856207609176636,-82.9460220336914,0.6504513621330261,0.24338991940021515,0.014479880221188068
260,S1 wind +20%,7,-80.86373138427734,1.6170032024383545,0.3107539713382721,0.02307010255753994,-76.22257232666016,1.4288325309753418,0.3772798478603363,0.01937084272503853,-89.4413833618164,0.611470103263855,0.455978125333786,0.02618839405477047,-82.69893646240234,0.6025784611701965,0.5280294418334961,0.03787970915436745
260,S1 wind +20%,8,-82.44818878173828,1.4686989784240723,0.2606179714202881,0.02237301506102085,-83.74736785888672,0.279884934425354,0.29040834307670593,0.012941637076437473,-69.8922119140625,0.776300311088562,0.47151926159858704,0.024643810465931892,-79.02584838867188,0.443450003862381,0.5213913917541504,0.04533775895833969
260,S1 wind +20%,9,-86.70556640625,2.0597023963928223,0.046682968735694885,0.03404379263520241,-85.0223388671875,1.1214215755462646,0.14355327188968658,0.02542751468718052,-87.00701904296875,1.128525733947754,0.08187205344438553,0.03473280370235443,-82.3093490600586,1.5311321020126343,0.08681895583868027,0.020378397777676582
260,S1 wind +20%,10,-83.58467864990234,1.0212187767028809,0.22589737176895142,0.016740674152970314,-83.45523071289062,2.240104913711548,0.18293583393096924,0.034564174711704254,-81.44085693359375,0.819866418838501,0.1374872326850891,0.022697733715176582,-82.06983184814453,0.7988497614860535,0.1494632512331009,0.06175684556365013
260,S1 wind +20%,11,-85.21192169189453,1.3112620115280151,0.1647147536277771,0.021113798022270203,-79.4980697631836,1.4011591672897339,0.44964075088500977,0.03720642253756523,-79.8476333618164,1.57733952999115,0.32353708148002625,0.03575114533305168,-75.2196273803711,0.4530589282512665,0.6739144921302795,0.060562413185834885
260,S1 wind +20%,12,-69.81964111328125,0.9185982346534729,0.4822481870651245,0.02270435355603695,-74.45223999023438,1.2464039325714111,0.37701281905174255,0.0374167263507843,-79.53689575195312,2.1629698276519775,0.5689165592193604,0.026581646874547005,-76.4001693725586,0.6675392389297485,0.306926965713501,0.03239735960960388
260,S1 wind +20%,13,-79.40193176269531,0.38856247067451477,0.16339115798473358,0.06833930313587189,-82.12017059326172,0.6714443564414978,0.14806291460990906,0.0376414991915226,-84.6619644165039,1.2504613399505615,0.05509188398718834,0.011175377294421196,-81.9332046508789,1.8497815132141113,0.1483781933784485,0.03654450923204422
260,S1 wind +20%,14,-78.18647003173828,0.6163094639778137,0.4649712145328522,0.032499585300683975,-82.02848052978516,0.8190589547157288,0.17374281585216522,0.01680656708776951,-84.63165283203125,0.479817658662796,0.07982908934354782,0.04616786539554596,-83.7662582397461,1.1971499919891357,0.20145295560359955,0.03982387110590935
260,S1 wind +20%,15,-68.21048736572266,0.9456210136413574,0.5117543339729309,0.06755475699901581,-77.67716217041016,0.7770829200744629,0.31353631615638733,0.007314834278076887,-85.73580932617188,1.9359729290008545,0.25082525610923767,0.032297682017087936,-65.43738555908203,1.8294999599456787,0.5948654413223267,0.04152790457010269
260,S1 wind +20%,16,-83.3696517944336,2.952603816986084,0.18962471187114716,0.016809597611427307,-88.08383178710938,1.0649479627609253,0.044325392693281174,0.03253980726003647,-86.19869232177734,2.497244119644165,0.01483615580946207,0.028536273166537285,-82.1833267211914,0.5736475586891174,0.045098453760147095,0.0577152818441391
260,S1 wind +20%,17,-88.24884033203125,2.5678038597106934,0.17011207342147827,0.03801696002483368,-86.89803314208984,0.3965144455432892,0.200722798705101,0.014858058653771877,-90.41207885742188,1.108526349067688,0.10798183083534241,0.007564727216959,-82.86383056640625,0.41217902302742004,0.18352656066417694,0.03336125984787941
260,S1 wind +20%,18,-85.25273132324219,2.294635772705078,0.16610029339790344,0.01394424308091402,-86.997314453125,0.5756534337997437,0.08302393555641174,0.02488373965024948,-88.8912124633789,1.082497000694275,0.07131300121545792,0.030803658068180084,-76.63848114013672,0.3555731177330017,0.286666601896286,0.029848985373973846
260,S1 wind +20%,19,-72.35037994384766,2.050576686859131,0.3442173898220062,0.051102396100759506,-76.21856689453125,1.7061398029327393,0.3589755594730377,0.01438407227396965,-78.47300720214844,1.4930062294006348,0.27104851603507996,0.050130460411310196,-69.50030517578125,2.6565988063812256,0.5097222924232483,0.041287925094366074
260,S1 wind +20%,20,-77.54464721679688,2.9901552200317383,0.2882789373397827,0.0415106825530529,-79.2211685180664,1.172866940498352,0.22061224281787872,0.010709879919886589,-79.40748596191406,0.7402632236480713,0.2244897335767746,0.014268756844103336,-59.671329498291016,2.3423385620117188,0.21405017375946045,0.03256838768720627
260,S1 wind +20%,21,-86.75146484375,0.29953375458717346,0.09970888495445251,0.02105170115828514,-83.20768737792969,1.462501883506775,0.12712663412094116,0.01805293746292591,-71.06488800048828,1.9511994123458862,0.28922268748283386,0.027208223938941956,-77.20718383789062,1.2929255962371826,0.37459656596183777,0.052140671759843826
260,S1 wind +20%,22,-83.07015228271484,3.2369556427001953,0.247327983379364,0.006257392466068268,-72.72333526611328,2.1269681453704834,0.3472193777561188,0.041156984865665436,-77.41080474853516,2.6263296604156494,0.1265174001455307,0.015688026323914528,-76.17474365234375,0.6380875706672668,0.26424649357795715,0.062432967126369476
260,S2 heatwave +5K,0,-89.64270782470703,0.738591194152832,0.0014613233506679535,0.034711312502622604,-90.3968734741211,0.46398690342903137,0.059041764587163925,0.014633177779614925,-88.55145263671875,1.9228925704956055,0.07510251551866531,0.00975840538740158,-91.11962127685547,1.9882160425186157,-0.15133799612522125,0.03863690048456192
260,S2 heatwave +5K,1,-92.4894790649414,1.3512697219848633,-0.004643390886485577,0.008674654178321362,-92.66646575927734,0.750501275062561,0.013623136095702648,0.029142944142222404,-89.4311752319336,1.7344141006469727,0.037386342883110046,0.02954920381307602,-87.84075927734375,1.5446960926055908,-0.0020977649837732315,0.03832564130425453
260,S2 heatwave +5K,2,-90.03662872314453,2.231776475906372,0.12241192907094955,0.047484710812568665,-84.82479858398438,0.872722327709198,0.18767648935317993,0.039778318256139755,-88.32898712158203,1.0229884386062622,0.07645081728696823,0.030614089220762253,-90.61910247802734,0.9087100028991699,0.04117833077907562,0.039260976016521454
260,S2 heatwave +5K,3,-88.11370086669922,2.140132427215576,0.1346902996301651,0.03978518769145012,-91.90363311767578,1.6957148313522339,-0.0642097145318985,0.03584931045770645,-93.45880126953125,1.1636064052581787,-0.031373925507068634,0.013191267848014832,-84.1430892944336,0.9974873661994934,0.1481742113828659,0.05387093871831894
260,S2 heatwave +5K,4,-86.05562591552734,0.22967040538787842,0.10059612989425659,0.05764584243297577,-89.49915313720703,1.917649269104004,-0.08581975102424622,0.035695724189281464,-91.58121490478516,1.1155474185943604,0.12172522395849228,0.02298697642982006,-82.92354583740234,2.161155939102173,0.23381197452545166,0.01541750319302082
260,S2 heatwave +5K,5,-91.61351776123047,1.5503137111663818,0.10875731706619263,0.025251807644963264,-88.46215057373047,0.28086164593696594,0.0007938978378660977,0.021765025332570076,-84.03707885742188,0.883017361164093,0.1916118860244751,0.03355996310710907,-89.7541732788086,0.39755386114120483,-0.08293744176626205,0.008259419351816177
260,S2 heatwave +5K,6,-91.04595947265625,1.8576209545135498,0.09617140144109726,0.027270104736089706,-84.17107391357422,2.125607490539551,0.14871454238891602,0.007929190061986446,-89.46685791015625,1.0457453727722168,0.12442288547754288,0.03763513267040253,-84.89120483398438,1.200387954711914,0.1683139055967331,0.02408595010638237
260,S2 heatwave +5K,7,-88.7220687866211,3.0294456481933594,0.14153604209423065,0.03907817602157593,-82.84888458251953,0.4628070592880249,0.29005953669548035,0.0038578584790229797,-91.67510986328125,1.0918657779693604,0.27849313616752625,0.048546433448791504,-84.136962890625,0.5667732357978821,0.47518953680992126,0.03726997599005699
260,S2 heatwave +5K,8,-86.5966796875,1.7908618450164795,0.11040642112493515,0.030945079401135445,-87.53282928466797,1.4729301929473877,0.21885384619235992,0.022039595991373062,-88.32547760009766,0.8449757099151611,0.20934271812438965,0.014990152791142464,-81.5118637084961,0.16445523500442505,0.36743810772895813,0.057053469121456146
260,S2 heatwave +5K,9,-90.22198486328125,1.8044017553329468,-0.05018606409430504,0.05935037508606911,-85.71941375732422,0.5878329277038574,0.13972847163677216,0.018382582813501358,-88.2115478515625,0.5602591037750244,0.07769128680229187,0.030008794739842415,-85.69568634033203,1.7179572582244873,0.04048369824886322,0.023358585312962532
260,S2 heatwave +5K,10,-84.8681411743164,1.3864201307296753,0.1294010728597641,0.03374281898140907,-84.13607025146484,1.6030757427215576,0.1465010643005371,0.03722766786813736,-81.81916046142578,0.09612996876239777,0.1280454397201538,0.017634466290473938,-84.3960189819336,1.1376872062683105,0.05432264879345894,0.022270794957876205
260,S2 heatwave +5K,11,-87.9651107788086,0.9557897448539734,0.10172921419143677,0.03431256115436554,-81.59485626220703,1.0036894083023071,0.3612605035305023,0.023520760238170624,-75.4288558959961,1.2886499166488647,0.34623444080352783,0.0584927499294281,-75.18411254882812,0.4791131317615509,0.6960346102714539,0.045620277523994446
260,S2 heatwave +5K,12,-72.81388092041016,0.21694734692573547,0.34295177459716797,0.0025457192678004503,-74.38729858398438,1.1401833295822144,0.361149400472641,0.03337932750582695,-83.22818756103516,0.5914224982261658,0.35889682173728943,0.03850272297859192,-76.13321685791016,0.4244440495967865,0.363354355096817,0.03906438872218132
260,S2 heatwave +5K,13,-79.54708099365234,0.35425716638565063,0.12062453478574753,0.06865950673818588,-81.20781707763672,0.48495206236839294,0.1397256702184677,0.0569063201546669,-85.90530395507812,1.3967913389205933,0.08410659432411194,0.008104771375656128,-80.66939544677734,1.7243515253067017,0.1277189403772354,0.057038724422454834
260,S2 heatwave +5K,14,-80.76103973388672,0.905988335609436,0.3049096167087555,0.0384964644908905,-82.574462890625,1.5055071115493774,0.15582333505153656,0.003785554552450776,-84.67896270751953,0.15512502193450928,0.1009780764579773,0.021778052672743797,-85.92422485351562,0.8613828420639038,0.09541342407464981,0.05167311802506447
260,S2 heatwave +5K,15,-70.9210433959961,2.0001721382141113,0.47778263688087463,0.030195333063602448,-79.0429458618164,1.1283127069473267,0.29663607478141785,0.02273733913898468,-91.31598663330078,0.5190975069999695,0.2738845646381378,0.027343174442648888,-72.5830078125,1.614865779876709,0.34321916103363037,0.04979300871491432
260,S2 heatwave +5K,16,-88.2959213256836,1.8210585117340088,0.05325563624501228,0.04291103035211563,-80.55895233154297,1.4199535846710205,0.06351801753044128,0.03223593905568123,-89.21019744873047,1.757563829421997,0.008961358107626438,0.02415531501173973,-86.12824249267578,1.2410387992858887,-0.020836034789681435,0.047107379883527756
260,S2 heatwave +5K,17,-90.23885345458984,1.9410806894302368,0.07944235950708389,0.03475339710712433,-85.20441436767578,1.4608826637268066,0.01889367587864399,0.021734729409217834,-91.13297271728516,0.8506554961204529,0.0015793032944202423,0.02072972245514393,-85.9807357788086,0.6995484828948975,0.18377919495105743,0.036896202713251114
260,S2 heatwave +5K,18,-97.1157455444336,2.0906832218170166,-0.07588940858840942,0.015583387576043606,-88.13095092773438,1.5944206714630127,0.06952453404664993,0.010452847927808762,-90.52582550048828,0.44533413648605347,0.05993242189288139,0.026807278394699097,-80.6061019897461,0.6292175054550171,0.11739847809076309,0.03817304968833923
260,S2 heatwave +5K,19,-72.25511932373047,2.3666343688964844,0.3304121792316437,0.044392067939043045,-74.60425567626953,1.8689302206039429,0.36413219571113586,0.009744472801685333,-77.02747344970703,1.0088276863098145,0.27590420842170715,0.02847590483725071,-73.57421112060547,2.646517038345337,0.47212421894073486,0.06250108033418655
260,S2 heatwave +5K,20,-81.51677703857422,2.5378479957580566,0.2755003273487091,0.08588304370641708,-79.05863189697266,1.87162184715271,0.20883817970752716,0.0060403053648769855,-90.0463638305664,0.5548613667488098,0.17164693772792816,0.036641787737607956,-70.04515075683594,0.5984050035476685,0.1381736695766449,0.01707497425377369
260,S2 heatwave +5K,21,-85.71890258789062,0.9224761128425598,0.16493774950504303,0.05359216779470444,-81.25074005126953,2.084120988845825,0.13630031049251556,0.020974351093173027,-67.35295867919922,1.4923299551010132,0.3117345869541168,0.05064469948410988,-79.38103485107422,1.308400273323059,0.39189064502716064,0.04818940535187721
260,S2 heatwave +5K,22,-87.9253158569336,2.4328837394714355,0.3387245237827301,0.03759013116359711,-72.71823120117188,2.5951883792877197,0.35866740345954895,0.049596674740314484,-88.32894134521484,0.9800381660461426,0.13051177561283112,0.029997697100043297,-79.6775131225586,1.5102500915527344,0.18645267188549042,0.0350605770945549
260,S3 drying RH -30%,0,-89.462158203125,0.5688718557357788,0.013375043869018555,0.039438411593437195,-89.42715454101562,0.48827067017555237,0.06346539407968521,0.021137233823537827,-88.40314483642578,2.1101737022399902,0.08384296298027039,0.01443349290639162,-90.7920150756836,2.402945041656494,-0.1496901512145996,0.037240397185087204
260,S3 drying RH -30%,1,-91.0228271484375,2.0452284812927246,-0.011520612984895706,0.019111696630716324,-94.16178131103516,0.955351710319519,0.009468995966017246,0.033445246517658234,-88.72428131103516,1.3072102069854736,0.03416859731078148,0.027941172942519188,-87.15158081054688,1.487626314163208,0.0165345910936594,0.062132108956575394
260,S3 drying RH -30%,2,-90.0443344116211,2.2269222736358643,0.1267920434474945,0.044428616762161255,-83.60408020019531,1.2610288858413696,0.1954701989889145,0.048855941742658615,-88.4515609741211,0.9582821726799011,0.06749293953180313,0.02768700011074543,-91.0597152709961,0.8265203833580017,0.033753182739019394,0.05121620371937752
260,S3 drying RH -30%,3,-86.79595947265625,1.016001582145691,0.13121674954891205,0.030926920473575592,-91.97806549072266,1.202585220336914,0.006062787026166916,0.039873067289590836,-93.4322738647461,0.9674198627471924,-0.020953206345438957,0.010555227287113667,-87.9652099609375,1.0268443822860718,-0.0060582696460187435,0.05137106403708458
260,S3 drying RH -30%,4,-85.530517578125,0.559110164642334,0.12246134877204895,0.09260092675685883,-91.01844024658203,2.095850706100464,-0.10037191957235336,0.05625219643115997,-91.1496810913086,1.7143672704696655,0.12299617379903793,0.011217930354177952,-86.90771484375,1.014686942100525,0.06731157004833221,0.07069478183984756
260,S3 drying RH -30%,5,-91.03865814208984,2.0938475131988525,0.090799979865551,0.022907355800271034,-89.79605865478516,0.23205052316188812,-0.0009718003566376865,0.022476714104413986,-83.53337860107422,0.17712156474590302,0.188820481300354,0.03174184262752533,-89.18988800048828,0.8494856357574463,-0.0633511021733284,0.04051555320620537
260,S3 drying RH -30%,6,-89.27486419677734,1.9246424436569214,0.21658743917942047,0.03328957036137581,-83.94113159179688,2.2989566326141357,0.13798527419567108,0.00699755409732461,-88.77381134033203,1.0914888381958008,0.07883106917142868,0.030396340414881706,-84.76656341552734,1.1572707891464233,0.16010929644107819,0.02474416419863701
260,S3 drying RH -30%,7,-88.17035675048828,2.3632729053497314,0.18486444652080536,0.03103635273873806,-83.2190170288086,1.3456891775131226,0.2715056836605072,0.010906738229095936,-91.79344940185547,1.054036021232605,0.2677585184574127,0.04381580278277397,-84.029052734375,0.5781692862510681,0.4800196588039398,0.04058012738823891
260,S3 drying RH -30%,8,-87.11288452148438,2.1247940063476562,0.16857118904590607,0.019941112026572227,-87.879150390625,1.2820013761520386,0.21407900750637054,0.02177775651216507,-88.1768798828125,1.2469854354858398,0.22903572022914886,0.010542092844843864,-81.7153091430664,0.4149569869041443,0.3663572371006012,0.04548915475606918
260,S3 drying RH -30%,9,-91.04877471923828,1.8452426195144653,-0.05182558298110962,0.05449732020497322,-86.5822982788086,0.696151852607727,0.11762315779924393,0.02484489604830742,-88.2115478515625,0.5602591037750244,0.07577382773160934,0.03131692484021187,-85.361572265625,2.6403424739837646,-0.13563226163387299,0.040774669498205185
260,S3 drying RH -30%,10,-83.28778076171875,1.0902085304260254,0.19289083778858185,0.021921874955296516,-83.88226318359375,1.7289879322052002,0.1466803401708603,0.038204602897167206,-81.20453643798828,0.39171966910362244,0.13844676315784454,0.02137591503560543,-84.22283172607422,1.2297292947769165,0.04430403932929039,0.031137412413954735
260,S3 drying RH -30%,11,-87.30413818359375,0.9614558219909668,0.09726115316152573,0.029579559341073036,-81.0509262084961,0.6866167187690735,0.35340556502342224,0.02055637538433075,-75.44793701171875,1.3151901960372925,0.34462669491767883,0.056077536195516586,-77.27096557617188,0.7282102704048157,0.6744565963745117,0.06287986040115356
260,S3 drying RH -30%,12,-71.24658966064453,0.692381739616394,0.41092991828918457,0.004101248923689127,-75.14888763427734,0.925086498260498,0.26298725605010986,0.03926582634449005,-82.93161010742188,0.9861324429512024,0.3836423456668854,0.03525152802467346,-76.55638885498047,0.6589735150337219,0.3447093963623047,0.0336742028594017
260,S3 drying RH -30%,13,-80.51878356933594,0.36075538396835327,0.11822863668203354,0.07070290297269821,-82.47288513183594,0.18510757386684418,0.14759202301502228,0.052896253764629364,-85.7247543334961,1.4133963584899902,0.08672159910202026,0.010957315564155579,-80.88831329345703,1.498656988143921,0.1289893537759781,0.04851329326629639
260,S3 drying RH -30%,14,-78.95206451416016,1.0965670347213745,0.3881988823413849,0.05040265992283821,-82.34076690673828,1.495970368385315,0.17137511074543,0.00806958694010973,-84.03547668457031,0.5645086169242859,0.11283329129219055,0.031058814376592636,-85.4856185913086,0.9536349177360535,0.0990149974822998,0.049631454050540924
260,S3 drying RH -30%,15,-70.19931030273438,1.0357304811477661,0.5300300121307373,0.04788124933838844,-76.94835662841797,0.82673180103302,0.31441530585289,0.016459282487630844,-91.64061737060547,0.2921062707901001,0.12286867946386337,0.022104555740952492,-72.18531036376953,1.832213282585144,0.3770507872104645,0.05437123030424118
260,S3 drying RH -30%,16,-85.99169921875,2.4261624813079834,0.11123824119567871,0.05946454405784607,-81.87920379638672,0.9995819330215454,0.06273369491100311,0.034002553671598434,-88.89998626708984,2.0051746368408203,0.024345586076378822,0.027440721169114113,-85.56038665771484,1.504411220550537,-0.020899003371596336,0.053379759192466736
260,S3 drying RH -30%,17,-90.55371856689453,1.8444868326187134,0.06555340439081192,0.031811315566301346,-86.188720703125,1.37509286403656,0.023424111306667328,0.024683749303221703,-91.07364654541016,0.880688488483429,0.010333395563066006,0.02340145781636238,-83.65062713623047,0.8928894400596619,0.17650054395198822,0.031224152073264122
260,S3 drying RH -30%,18,-93.52873992919922,2.010094165802002,-0.01875315047800541,0.02585884928703308,-88.42908477783203,0.5883042216300964,0.06079043075442314,0.02078275755047798,-89.91119384765625,0.9169306755065918,0.06399077922105789,0.034558314830064774,-79.92937469482422,0.9120251536369324,0.12377091497182846,0.030046120285987854
260,S3 drying RH -30%,19,-70.67750549316406,1.8196461200714111,0.3763246536254883,0.05129420384764671,-74.24529266357422,2.5161941051483154,0.36187782883644104,0.008361195214092731,-88.77835083007812,0.9525704383850098,0.27878284454345703,0.03400810807943344,-74.97057342529297,2.971660614013672,0.4509911835193634,0.06152292713522911
260,S3 drying RH -30%,20,-78.38829803466797,2.8791213035583496,0.3424413204193115,0.07503800094127655,-79.39170837402344,2.0039114952087402,0.22457987070083618,0.0010367613285779953,-89.4079818725586,0.6893098950386047,0.2000640630722046,0.02444285713136196,-69.46050262451172,1.2493975162506104,0.09916295856237411,0.02402315102517605
260,S3 drying RH -30%,21,-85.75525665283203,0.6983103156089783,0.14712651073932648,0.033053722232580185,-82.24932861328125,2.2520813941955566,0.14274318516254425,0.023443054407835007,-86.25662231445312,1.0109212398529053,0.2532120943069458,0.051345210522413254,-80.97940063476562,0.4382454752922058,0.247004434466362,0.06186188384890556
260,S3 drying RH -30%,22,-84.36144256591797,3.4768195152282715,0.37942585349082947,0.0051296548917889595,-73.45977020263672,3.0724833011627197,0.3495469391345978,0.050515539944171906,-87.45621490478516,0.7057276964187622,0.09631675481796265,0.029006998986005783,-79.46306610107422,1.046036720275879,0.20034563541412354,0.03371014818549156
260,S4 rain-out,0,-88.094482421875,1.1527986526489258,0.1056961640715599,0.09322566539049149,-87.27880859375,1.0105119943618774,0.092556893825531,0.0315622054040432,-93.14669799804688,1.677796483039856,-0.003165980102494359,0.01670236699283123,-87.91900634765625,1.024418830871582,-0.056043218821287155,0.047028232365846634
260,S4 rain-out,1,-91.75152587890625,1.3834341764450073,0.0010205457219853997,0.04565388336777687,-95.5723648071289,0.6775444746017456,-0.027683192864060402,0.07216532528400421,-91.24390411376953,0.47220131754875183,-0.020411554723978043,0.0103693176060915,-85.92398834228516,0.9103317260742188,0.023593248799443245,0.06596928089857101
260,S4 rain-out,2,-91.40060424804688,0.5702343583106995,0.17851833999156952,0.01797323301434517,-85.06578826904297,0.9794542193412781,0.0626189336180687,0.07456612586975098,-88.09869384765625,0.9593238234519958,0.09102022647857666,0.03177372366189957,-89.54895782470703,1.2386484146118164,0.10813524574041367,0.04734425991773605
260,S4 rain-out,3,-83.18208312988281,1.0052741765975952,0.21606309711933136,0.025041207671165466,-88.54046630859375,2.147406816482544,0.09619232267141342,0.018188893795013428,-92.56143951416016,0.749396562576294,0.09504518657922745,0.02280416153371334,-79.4569091796875,0.5721766352653503,0.3071592152118683,0.04860493168234825
260,S4 rain-out,4,-80.35310363769531,0.6447256803512573,0.32902631163597107,0.08083294332027435,-89.09869384765625,1.7404361963272095,0.04059956595301628,0.05650397017598152,-93.16162109375,1.0110419988632202,0.19272685050964355,0.014338048174977303,-80.20738983154297,1.3923107385635376,0.22454309463500977,0.018261032178997993
260,S4 rain-out,5,-91.84264373779297,1.5166025161743164,0.05013860762119293,0.0371943898499012,-91.0440902709961,0.7481032013893127,-0.026766948401927948,0.03504819795489311,-85.93143463134766,1.188675880432129,0.10491836071014404,0.043542828410863876,-85.52059173583984,0.5155729651451111,0.005079201888293028,0.04536748304963112
260,S4 rain-out,6,-90.41739654541016,1.2454544305801392,0.27501532435417175,0.0787673369050026,-88.51424407958984,0.6266162395477295,0.1553012877702713,0.01546140480786562,-88.528564453125,0.5971791744232178,0.18963082134723663,0.039864130318164825,-82.18640899658203,0.7001243829727173,0.25333088636398315,0.0034918873570859432
260,S4 rain-out,7,-87.6131820678711,1.446947455406189,0.283358097076416,0.06633219122886658,-79.42371368408203,1.0206644535064697,0.2827340066432953,0.02096029557287693,-90.8049545288086,0.8856484293937683,0.4421941339969635,0.05489548668265343,-81.95941925048828,1.019888997077942,0.5055499076843262,0.04091424122452736
260,S4 rain-out,8,-85.36327362060547,1.2014352083206177,0.19916655123233795,0.06589402258396149,-88.92610931396484,1.4450653791427612,0.15488766133785248,0.028013145551085472,-72.7090072631836,0.3122449815273285,0.4059258699417114,0.057541053742170334,-78.91463470458984,1.3128124475479126,0.5153310894966125,0.033645544201135635
260,S4 rain-out,9,-89.1139907836914,1.3673889636993408,0.027682950720191002,0.08278533071279526,-86.17852020263672,0.973663866519928,0.08699283003807068,0.02637370489537716,-90.42510986328125,0.48616844415664673,0.002034814329817891,0.007047758437693119,-82.03632354736328,1.250442624092102,0.09362852573394775,0.02282228134572506
260,S4 rain-out,10,-86.56458282470703,0.7412670850753784,0.11659274250268936,0.030405374243855476,-88.48675537109375,1.376844048500061,0.08408356457948685,0.045172352343797684,-82.96318817138672,0.8738592863082886,0.12182274460792542,0.025703268125653267,-82.03035736083984,1.2062456607818604,0.1780097931623459,0.018918238580226898
260,S4 rain-out,11,-87.5571060180664,0.80763840675354,0.12697283923625946,0.04832223430275917,-79.954345703125,1.5512535572052002,0.4073188602924347,0.03072977252304554,-79.02175903320312,1.571811556816101,0.3872067928314209,0.028446635231375694,-75.20410919189453,1.1748396158218384,0.6504945755004883,0.055207863450050354
260,S4 rain-out,12,-72.6491470336914,0.6215798854827881,0.4100770950317383,0.04102133587002754,-76.90704345703125,1.1918666362762451,0.32068607211112976,0.04996514320373535,-84.63750457763672,0.5999011993408203,0.40097543597221375,0.02441578172147274,-75.65530395507812,0.29162701964378357,0.32714203000068665,0.03179031237959862
260,S4 rain-out,13,-81.04615020751953,0.05300579592585564,0.17759786546230316,0.08730510622262955,-82.4227066040039,0.5957616567611694,0.0918002650141716,0.04506124556064606,-85.162109375,1.4626911878585815,0.050196290016174316,0.010736094787716866,-78.1203384399414,2.2227730751037598,0.1546187847852707,0.034620244055986404
260,S4 rain-out,14,-83.81959533691406,0.02468271180987358,0.25853776931762695,0.030096907168626785,-86.3119125366211,1.548439621925354,0.08110009878873825,0.032583631575107574,-85.8582992553711,0.3957286477088928,0.05928501486778259,0.0445890873670578,-83.63034057617188,1.2216171026229858,0.22836057841777802,0.043242473155260086
260,S4 rain-out,15,-70.33379364013672,1.1803683042526245,0.5109969973564148,0.04216916486620903,-81.18578338623047,1.5760138034820557,0.2066967487335205,0.007930908352136612,-87.18316650390625,2.2337000370025635,0.2694612443447113,0.024326659739017487,-66.53430938720703,2.146588087081909,0.537295401096344,0.038615014404058456
260,S4 rain-out,16,-84.77468872070312,1.9219707250595093,0.1899164766073227,0.03772544488310814,-80.91614532470703,1.7380547523498535,0.05747335031628609,0.031314071267843246,-85.73827362060547,1.8223602771759033,0.0164847020059824,0.037742502987384796,-82.93990325927734,0.1240864172577858,0.07784256339073181,0.0632990226149559
260,S4 rain-out,17,-91.5185775756836,2.3271939754486084,0.08204954862594604,0.04062971845269203,-83.38644409179688,1.0558198690414429,0.09666138887405396,0.03941342234611511,-90.0857925415039,0.33732151985168457,0.12558072805404663,0.01426477450877428,-83.2579574584961,0.37175631523132324,0.15231478214263916,0.04417579621076584
260,S4 rain-out,18,-92.32018280029297,1.7119061946868896,0.017699547111988068,0.01613432727754116,-89.910888671875,0.7402098178863525,-0.00585472397506237,0.03060823492705822,-90.04521942138672,1.1640042066574097,0.033141784369945526,0.017634985968470573,-77.03646087646484,0.55597323179245,0.2401064783334732,0.020674968138337135
260,S4 rain-out,19,-71.0447998046875,2.8019156455993652,0.36859485507011414,0.03743196651339531,-80.1343765258789,1.7065975666046143,0.23937635123729706,0.020151792094111443,-80.56619262695312,1.921246886253357,0.25391075015068054,0.04525027424097061,-70.01393127441406,2.724968194961548,0.47425198554992676,0.03589174896478653
260,S4 rain-out,20,-78.09840393066406,3.2531707286834717,0.28443700075149536,0.0541263222694397,-79.05921173095703,1.230576992034912,0.22296373546123505,0.01396179012954235,-79.80078887939453,0.8184818625450134,0.21393078565597534,0.015393801033496857,-59.65023422241211,2.635206937789917,0.206889808177948,0.013460712507367134
260,S4 rain-out,21,-85.57105255126953,1.1531511545181274,0.07579737156629562,0.009871152229607105,-84.62166595458984,1.428086519241333,0.045394301414489746,0.011247636750340462,-71.13296508789062,1.7955243587493896,0.2852010726928711,0.030903616920113564,-75.03414154052734,0.8031429052352905,0.3786430060863495,0.045181479305028915
260,S4 rain-out,22,-82.8714828491211,2.775073766708374,0.2895497977733612,0.025583414360880852,-77.31580352783203,1.7658464908599854,0.1843116134405136,0.042247235774993896,-76.81766510009766,1.4531786441802979,0.10784653574228287,0.011562212370336056,-77.0849838256836,0.8653549551963806,0.26349225640296936,0.050053469836711884
260,S5 deep drought,0,-90.37393951416016,0.47824305295944214,-0.014965440146625042,0.04030114784836769,-86.2646713256836,1.6560114622116089,0.10975518077611923,0.016366593539714813,-88.3970947265625,2.2783591747283936,0.10527173429727554,0.002684239065274596,-89.4294662475586,1.326942801475525,-0.14078561961650848,0.03792642429471016
260,S5 deep drought,1,-90.124267578125,1.5168662071228027,0.00915649812668562,0.027669770643115044,-93.06424713134766,1.0039806365966797,0.008472463116049767,0.030657270923256874,-88.8231430053711,1.5366299152374268,0.06521639972925186,0.025167357176542282,-86.92843627929688,0.9998293519020081,0.01572161726653576,0.0694187581539154
260,S5 deep drought,2,-90.63916015625,1.2397658824920654,0.1372171938419342,0.03181631118059158,-83.13232421875,1.2268763780593872,0.19511401653289795,0.046214912086725235,-89.053466796875,0.8325307369232178,0.08062156289815903,0.049408771097660065,-89.83698272705078,1.0577844381332397,0.12164419889450073,0.0642816498875618
260,S5 deep drought,3,-85.1657943725586,0.49897709488868713,0.21586823463439941,0.01664227619767189,-88.501220703125,2.144423246383667,0.0690775215625763,0.03764421120285988,-94.0068130493164,0.8053780198097229,-0.013792034238576889,0.005952570587396622,-84.09274291992188,1.8818992376327515,0.19473476707935333,0.02664262056350708
260,S5 deep drought,4,-84.86626434326172,0.34690970182418823,0.18336085975170135,0.046401482075452805,-88.17926025390625,1.4657679796218872,0.021749867126345634,0.010330493561923504,-90.0831298828125,1.5906760692596436,0.29973557591438293,0.007482991553843021,-84.2419662475586,1.592379093170166,0.22348208725452423,0.04285004362463951
260,S5 deep drought,5,-90.45250701904297,1.516135811805725,0.0758390724658966,0.032264579087495804,-90.16765594482422,0.26472365856170654,-0.004698675125837326,0.02625790424644947,-85.3875732421875,0.08098594844341278,0.16696105897426605,0.03348338603973389,-89.8452377319336,0.5690318942070007,-0.028070896863937378,0.045736681669950485
260,S5 deep drought,6,-89.7485580444336,2.5866832733154297,0.2397288680076599,0.03261450678110123,-84.24849700927734,2.2060720920562744,0.18003880977630615,0.025684049353003502,-89.54288482666016,1.3370696306228638,0.18168918788433075,0.04427376016974449,-84.0058822631836,0.44582512974739075,0.24459481239318848,0.022016208618879318
260,S5 deep drought,7,-84.98189544677734,2.352452039718628,0.2436094731092453,0.030243318527936935,-80.63774871826172,1.3504524230957031,0.29475080966949463,0.010219378396868706,-91.33612823486328,0.7428687810897827,0.2696561813354492,0.05079193785786629,-84.11976623535156,0.43799400329589844,0.4868210256099701,0.05747370049357414
260,S5 deep drought,8,-84.67162322998047,1.862572193145752,0.20479293167591095,0.01828770525753498,-88.63488006591797,1.677608609199524,0.21775592863559723,0.020760316401720047,-85.79842376708984,2.06245756149292,0.3357101380825043,0.03125523775815964,-80.57872009277344,1.2209656238555908,0.46217402815818787,0.049079373478889465
260,S5 deep drought,9,-88.83404541015625,1.77095365524292,-0.013741339556872845,0.052287206053733826,-85.6373519897461,0.1959749460220337,0.12858714163303375,0.02435336820781231,-88.69039154052734,1.0953730344772339,0.11626213788986206,0.021881364285945892,-82.5435791015625,1.6111829280853271,0.0649658739566803,0.028236476704478264
260,S5 deep drought,10,-84.19669342041016,0.650600016117096,0.18378861248493195,0.020667674019932747,-84.5564956665039,2.0774669647216797,0.1398041993379593,0.03794335201382637,-82.2081069946289,0.6428545713424683,0.11819422245025635,0.024879051372408867,-84.33991241455078,1.2396788597106934,0.03690937161445618,0.026936108246445656
260,S5 deep drought,11,-87.23333740234375,0.9585374593734741,0.10694509744644165,0.029897989705204964,-80.06373596191406,1.454965591430664,0.3827603757381439,0.02575916238129139,-79.61627960205078,1.6616392135620117,0.3319128751754761,0.044546324759721756,-75.4006576538086,0.48707783222198486,0.6904395222663879,0.06079821288585663
260,S5 deep drought,12,-70.2254409790039,0.5915831327438354,0.4756360352039337,0.010468658059835434,-74.72652435302734,1.537211537361145,0.3579021394252777,0.0473669059574604,-82.9830322265625,0.9752303957939148,0.36790454387664795,0.04627609997987747,-75.95368194580078,0.5507715344429016,0.32746097445487976,0.03233439847826958
260,S5 deep drought,13,-79.55904388427734,0.602213442325592,0.16249383985996246,0.06535329669713974,-81.36292266845703,1.0394078493118286,0.141508087515831,0.05530930683016777,-84.91486358642578,1.095314860343933,0.08483322709798813,0.0016805622726678848,-80.42715454101562,1.7948284149169922,0.15715624392032623,0.044421885162591934
260,S5 deep drought,14,-80.07901000976562,0.9235961437225342,0.40106794238090515,0.052085451781749725,-82.4025650024414,1.384161114692688,0.1457066535949707,0.012060497887432575,-84.10525512695312,0.574810802936554,0.09349992126226425,0.01896541938185692,-83.5259017944336,0.44074416160583496,0.2094704657793045,0.027720827609300613
260,S5 deep drought,15,-69.98294830322266,1.4487335681915283,0.5298425555229187,0.06433238834142685,-77.56658935546875,0.48571741580963135,0.3378911018371582,0.02353045903146267,-92.21324920654297,0.45162805914878845,0.2620898485183716,0.026379989460110664,-71.76808166503906,1.9150466918945312,0.503394365310669,0.07061160355806351
260,S5 deep drought,16,-84.59796905517578,2.4154250621795654,0.17035137116909027,0.05181727185845375,-80.01380157470703,1.4326145648956299,0.08030948787927628,0.03142464533448219,-87.89263153076172,2.249804973602295,0.02097015269100666,0.02237718552350998,-85.42145538330078,1.1083438396453857,-0.019328005611896515,0.04772017151117325
260,S5 deep drought,17,-90.3328628540039,1.9564943313598633,0.09440609067678452,0.026223544031381607,-84.2937240600586,0.8938329219818115,0.09450298547744751,0.02634788304567337,-90.92279815673828,0.6699087023735046,0.11895272880792618,0.012052834033966064,-83.3720703125,0.707935631275177,0.18355847895145416,0.047329097986221313
260,S5 deep drought,18,-90.41287231445312,2.217266082763672,0.07593123614788055,0.04122370481491089,-86.48614501953125,0.49923402070999146,0.06497486680746078,0.03491443768143654,-88.91503143310547,1.0663690567016602,0.07621494680643082,0.03296014294028282,-79.27436065673828,1.2722328901290894,0.13757379353046417,0.03901677206158638
260,S5 deep drought,19,-66.64282989501953,1.014374017715454,0.4008300304412842,0.05624297261238098,-74.8269271850586,1.5552719831466675,0.385540634393692,0.01570877991616726,-76.62982940673828,0.882963240146637,0.30954769253730774,0.04725033417344093,-69.9894790649414,2.9378414154052734,0.5147146582603455,0.047519147396087646
260,S5 deep drought,20,-75.64520263671875,4.734103679656982,0.3895881175994873,0.04798867553472519,-78.93187713623047,1.6928629875183105,0.2049463391304016,0.006726010236889124,-74.94049072265625,1.7020137310028076,0.36406078934669495,0.018498502671718597,-61.04603958129883,2.268662214279175,0.20082856714725494,0.011199681088328362
260,S5 deep drought,21,-82.45800018310547,1.7996015548706055,0.1463138908147812,0.024044638499617577,-83.57159423828125,1.378872275352478,0.10879848152399063,0.01661762408912182,-69.52299499511719,1.662937879562378,0.3324242830276489,0.03940354660153389,-78.27465057373047,0.45608994364738464,0.37129464745521545,0.04334861785173416
260,S5 deep drought,22,-80.39703369140625,3.862445116043091,0.398769736289978,0.023321492597460747,-74.10013580322266,2.533437490463257,0.33714258670806885,0.04886605590581894,-87.36254119873047,1.0389196872711182,0.13603536784648895,0.02224166877567768,-78.60086822509766,1.6823264360427856,0.22589711844921112,0.034879446029663086
260,S6 relocate: high-relief,0,-92.74974822998047,2.0560343265533447,-0.04518881440162659,0.08356747776269913,-88.30657958984375,2.5583720207214355,0.003399824956431985,0.0379408523440361,-92.29686737060547,1.9033564329147339,-0.04477475956082344,0.007494856137782335,-90.46923065185547,0.25595200061798096,-0.18064232170581818,0.02759379707276821
260,S6 relocate: high-relief,1,-93.46768951416016,2.3030807971954346,-0.0943290963768959,0.03876415267586708,-96.42073822021484,2.031909942626953,-0.10463470965623856,0.0473194383084774,-92.55562591552734,0.8150790333747864,-0.1049991324543953,0.029719853773713112,-88.00093841552734,1.1500369310379028,-0.0832221582531929,0.05615952983498573
260,S6 relocate: high-relief,2,-92.3329086303711,2.738708972930908,0.05915870890021324,0.052586544305086136,-82.88925170898438,2.6509287357330322,0.089714415371418,0.06554342061281204,-90.44547271728516,0.6931354999542236,-0.04430646076798439,0.03675973415374756,-92.46441650390625,0.621289849281311,-0.055176425725221634,0.06724821031093597
260,S6 relocate: high-relief,3,-86.83309936523438,0.6538960933685303,0.17244543135166168,0.04981253668665886,-90.0362548828125,2.1165452003479004,0.05976128205657005,0.05612057074904442,-97.4261703491211,0.7898709177970886,-0.05334468558430672,0.0515141487121582,-82.39219665527344,1.5682793855667114,0.17153142392635345,0.09941337257623672
260,S6 relocate: high-relief,4,-84.3055648803711,1.5541092157363892,0.2159814089536667,0.06689447164535522,-86.77544403076172,3.4528188705444336,0.0056871771812438965,0.08357173949480057,-94.76090240478516,0.8711129426956177,0.14987163245677948,0.0428633838891983,-83.56744384765625,1.4282253980636597,0.10844119638204575,0.09954124689102173
260,S6 relocate: high-relief,5,-92.000244140625,2.305117607116699,0.03156522288918495,0.030854037031531334,-92.13824462890625,0.6021398305892944,-0.08681339770555496,0.0639588013291359,-88.0029296875,0.9741334319114685,0.014972127974033356,0.015262041240930557,-89.72634887695312,0.8417256474494934,-0.09657997637987137,0.04065181687474251
260,S6 relocate: high-relief,6,-88.71954345703125,1.0076985359191895,0.28013119101524353,0.07061922550201416,-85.25170135498047,1.986488699913025,0.18175442516803741,0.03829621523618698,-91.43903350830078,0.8564381003379822,0.06091098114848137,0.07818711549043655,-83.90394592285156,1.31952702999115,0.14063303172588348,0.04502185434103012
260,S6 relocate: high-relief,7,-84.2682876586914,1.8831987380981445,0.24899129569530487,0.014914356172084808,-81.97250366210938,0.7762719392776489,0.2214069366455078,0.032208479940891266,-93.96634674072266,0.9397742748260498,0.2849639654159546,0.07552135735750198,-84.57233428955078,0.17549875378608704,0.3854428231716156,0.07031520456075668
260,S6 relocate: high-relief,8,-86.82897186279297,1.4643843173980713,0.14056910574436188,0.035693246871232986,-89.66600799560547,1.3793387413024902,0.10526462644338608,0.0487506240606308,-75.45464324951172,1.4659249782562256,0.3105768859386444,0.07214630395174026,-80.9596176147461,0.3439088463783264,0.39604878425598145,0.07573210448026657
260,S6 relocate: high-relief,9,-89.67154693603516,2.1089203357696533,-0.059504490345716476,0.06588130444288254,-87.28665924072266,0.15018330514431,0.02713617868721485,0.02700250782072544,-90.8963851928711,0.9231169819831848,-0.04319007322192192,0.019579768180847168,-83.56147003173828,1.3846023082733154,0.05017593502998352,0.042385753244161606
260,S6 relocate: high-relief,10,-86.2490234375,1.40830659866333,0.11926264315843582,0.042687516659498215,-87.6156005859375,1.6710209846496582,0.02453867346048355,0.038206931203603745,-85.05062103271484,0.3675498068332672,0.015042846091091633,0.01168776210397482,-83.43997955322266,1.136507511138916,0.05990521237254143,0.05435679852962494
260,S6 relocate: high-relief,11,-87.14810180664062,1.4065512418746948,0.07186249643564224,0.019485533237457275,-83.05186462402344,0.9772378206253052,0.3019619584083557,0.02323116920888424,-82.99160766601562,1.9933515787124634,0.19878490269184113,0.06363638490438461,-76.41693878173828,1.4793821573257446,0.5737889409065247,0.07085543870925903
260,S6 relocate: high-relief,12,-73.73573303222656,1.4722110033035278,0.3927061855792999,0.04056558012962341,-77.57677459716797,0.8995562791824341,0.23827509582042694,0.05214035511016846,-86.99322509765625,1.0225651264190674,0.4105762541294098,0.010178926400840282,-77.70095825195312,0.8709003925323486,0.2428678274154663,0.03095550462603569
260,S6 relocate: high-relief,13,-82.5201187133789,0.4054569900035858,0.09207987040281296,0.09550120681524277,-84.4188232421875,0.7533795237541199,0.018634993582963943,0.052396729588508606,-88.41766357421875,0.9661870002746582,-0.08592251688241959,0.015298762358725071,-81.42410278320312,2.2327754497528076,0.10479577630758286,0.052307114005088806
260,S6 relocate: high-relief,14,-81.72035217285156,1.4891588687896729,0.3568527400493622,0.0494149811565876,-85.13373565673828,1.3589853048324585,0.09547878056764603,0.03039487823843956,-86.6922378540039,0.7542230486869812,-0.031148048117756844,0.025287356227636337,-83.39479064941406,0.994546115398407,0.1782359480857849,0.05004299804568291
260,S6 relocate: high-relief,15,-72.50557708740234,1.2911591529846191,0.44932007789611816,0.08412960916757584,-80.68549346923828,0.6125599145889282,0.23637281358242035,0.010893197730183601,-88.32058715820312,2.590602397918701,0.173133984208107,0.04408334940671921,-66.74430084228516,1.8976123332977295,0.5053629279136658,0.05484120547771454
260,S6 relocate: high-relief,16,-86.8755111694336,2.233992576599121,0.12514014542102814,0.020606715232133865,-82.34899139404297,1.9967541694641113,-0.017481055110692978,0.03835025429725647,-90.96224975585938,2.362408399581909,-0.09898126125335693,0.032452113926410675,-82.51736450195312,0.4906820058822632,0.02040845900774002,0.06432603299617767
260,S6 relocate: high-relief,17,-91.52754974365234,2.040735960006714,0.10095234960317612,0.03876088932156563,-85.69878387451172,1.857081651687622,0.06879209727048874,0.02161441557109356,-94.74567413330078,1.4231104850769043,-0.02314331941306591,0.02123241499066353,-84.96438598632812,1.7937731742858887,0.10028672218322754,0.040226176381111145
260,S6 relocate: high-relief,18,-88.2226791381836,1.5233538150787354,0.05794336274266243,0.011586885899305344,-88.74874877929688,0.9166221618652344,-0.046228017657995224,0.06632939726114273,-93.34326171875,0.9732710719108582,-0.0756274089217186,0.046349022537469864,-76.74507904052734,0.35867735743522644,0.1951511651277542,0.03087404929101467
260,S6 relocate: high-relief,19,-71.48992156982422,0.6136502623558044,0.2946314513683319,0.056031521409749985,-78.53878021240234,3.168604612350464,0.20509541034698486,0.054646119475364685,-83.22618865966797,1.2412363290786743,0.15192492306232452,0.06673096120357513,-69.18636322021484,3.3150501251220703,0.4438036382198334,0.05729885771870613
260,S6 relocate: high-relief,20,-82.2775650024414,2.446842670440674,0.22815249860286713,0.044819533824920654,-82.11161041259766,3.45589542388916,0.013984307646751404,0.03336626663804054,-85.15282440185547,1.5573325157165527,0.1333911269903183,0.025567952543497086,-60.673370361328125,1.4937087297439575,0.1671876758337021,0.02822466567158699
260,S6 relocate: high-relief,21,-87.14408111572266,1.3611421585083008,0.039450597018003464,0.027261776849627495,-82.5244369506836,3.224698305130005,0.056669991463422775,0.011128881946206093,-75.20638275146484,3.283667802810669,0.2214074283838272,0.040479324758052826,-79.22116088867188,0.6749287247657776,0.31210336089134216,0.05592706426978111
260,S6 relocate: high-relief,22,-86.11577606201172,2.7365121841430664,0.24211668968200684,0.022621959447860718,-75.86087036132812,3.1339476108551025,0.22546453773975372,0.06184728071093559,-80.50347137451172,2.645664930343628,0.01815950684249401,0.03865114226937294,-76.98983764648438,1.5240815877914429,0.21570579707622528,0.05157807841897011
260,S7 compound extreme,0,-92.71493530273438,1.173343539237976,0.0034960731863975525,0.053954776376485825,-90.86519622802734,2.9273927211761475,0.03675664961338043,0.0024750735610723495,-87.25817108154297,1.5938520431518555,0.08265355974435806,0.019816694781184196,-92.31856536865234,1.1668071746826172,-0.21875442564487457,0.05394540727138519
260,S7 compound extreme,1,-93.73493194580078,0.28277355432510376,-0.04409835860133171,0.02491934970021248,-94.51306915283203,0.5158309936523438,0.038663189858198166,0.026926757767796516,-88.93341827392578,1.543545126914978,0.019943511113524437,0.020998144522309303,-91.03392791748047,2.0083529949188232,-0.19296033680438995,0.04484720528125763
260,S7 compound extreme,2,-88.7831802368164,1.255328893661499,0.18383629620075226,0.03253922238945961,-85.95769500732422,1.186835527420044,0.17056261003017426,0.06843164563179016,-85.4290771484375,0.25879865884780884,0.10089895129203796,0.034978874027729034,-92.84457397460938,0.667689859867096,-0.09926366060972214,0.03367780148983002
260,S7 compound extreme,3,-88.61394500732422,2.098325490951538,0.1699373573064804,0.02594173140823841,-94.12372589111328,1.8669967651367188,-0.10485168546438217,0.028644926846027374,-92.68401336669922,0.7938178181648254,-0.041614871472120285,0.009760715067386627,-84.63414001464844,1.0703940391540527,-0.02217509038746357,0.06225382909178734
260,S7 compound extreme,4,-89.64581298828125,0.05293108522891998,0.1156163141131401,0.07162507623434067,-94.93670654296875,0.6221129298210144,-0.1228640154004097,0.022954823449254036,-90.21600341796875,1.0994443893432617,0.0871506929397583,0.01507217064499855,-93.07101440429688,1.5216997861862183,-0.14133219420909882,0.0767023116350174
260,S7 compound extreme,5,-93.9295883178711,1.2171037197113037,0.04969541355967522,0.01409977674484253,-89.00153350830078,1.5195456743240356,0.025802070274949074,0.037593159824609756,-83.44197845458984,0.26644036173820496,0.2099200040102005,0.03258518874645233,-90.66989135742188,1.5331100225448608,-0.1851784735918045,0.023526212200522423
260,S7 compound extreme,6,-92.9115219116211,1.489029884338379,0.09416607767343521,0.03412303701043129,-85.7829818725586,1.0479927062988281,0.13064242899417877,0.023346154019236565,-89.1610336303711,0.6404358744621277,0.07087460160255432,0.017667410895228386,-88.38961029052734,0.35065174102783203,0.012308170087635517,0.0273544080555439
260,S7 compound extreme,7,-90.8989028930664,1.916669487953186,0.07181698083877563,0.023491347208619118,-87.83956146240234,1.7213687896728516,0.07958097010850906,0.024104170501232147,-90.90719604492188,0.1415683478116989,0.12273667007684708,0.027339188382029533,-85.91043090820312,0.9845548272132874,0.22063206136226654,0.03951035439968109
260,S7 compound extreme,8,-93.65201568603516,2.999934434890747,0.01089542731642723,0.022618699818849564,-92.02057647705078,0.26036128401756287,0.04125827178359032,0.024998700246214867,-90.0018081665039,0.24619311094284058,0.06366906315088272,0.018858477473258972,-85.50625610351562,0.9382795095443726,0.1718636155128479,0.05633220076560974
260,S7 compound extreme,9,-91.04779815673828,2.4077775478363037,0.06735774129629135,0.010426967404782772,-86.63936614990234,1.9176768064498901,0.11615724116563797,0.0207402091473341,-86.6895751953125,1.5215849876403809,0.07761340588331223,0.02762996032834053,-91.1537094116211,1.475839614868164,-0.1952192783355713,0.02558280900120735
260,S7 compound extreme,10,-84.6288833618164,1.5208193063735962,0.21495018899440765,0.012641244567930698,-86.39373779296875,2.1702539920806885,0.1810588836669922,0.05227213725447655,-79.20406341552734,0.5651940107345581,0.14162306487560272,0.017733188346028328,-84.94761657714844,0.6840254068374634,0.028891904279589653,0.029517775401473045
260,S7 compound extreme,11,-89.21674346923828,0.9379858374595642,0.08189622312784195,0.02501441165804863,-85.46208953857422,0.4546719491481781,0.27455219626426697,0.015728773549199104,-85.54378509521484,1.1887671947479248,0.12373171001672745,0.034484975039958954,-80.26343536376953,1.1843560934066772,0.4278723895549774,0.05461187660694122
260,S7 compound extreme,12,-77.4983139038086,0.5200276970863342,0.21343369781970978,0.01915828138589859,-77.79890441894531,2.8833701610565186,0.1189970076084137,0.035412777215242386,-79.95140075683594,1.4660146236419678,0.17165736854076385,0.020920423790812492,-81.21552276611328,0.8449522256851196,0.1552218794822693,0.05442143976688385
260,S7 compound extreme,13,-82.35562133789062,0.5803830623626709,0.09824112802743912,0.03629865124821663,-84.5241470336914,1.1603758335113525,0.1733783334493637,0.004002562258392572,-81.67212677001953,2.275864601135254,0.1122007966041565,0.031245216727256775,-87.53055572509766,0.9035494327545166,-0.1565057635307312,0.04219184070825577
260,S7 compound extreme,14,-86.80797576904297,0.7795961499214172,0.14361806213855743,0.03783777356147766,-90.02498626708984,0.6481297016143799,0.09806760400533676,0.026023978367447853,-81.81053924560547,0.7308793663978577,0.11614272743463516,0.00892427284270525,-88.8130111694336,1.1064473390579224,-0.023982109501957893,0.028912821784615517
260,S7 compound extreme,15,-79.55109405517578,1.825719952583313,0.3113062381744385,0.06240443140268326,-82.98307800292969,1.2890100479125977,0.19981776177883148,0.025355860590934753,-91.8921127319336,0.972923994064331,0.12352170795202255,0.04618978127837181,-73.33184814453125,0.8990605473518372,0.3729351758956909,0.052596017718315125
260,S7 compound extreme,16,-90.04278564453125,2.5394387245178223,0.011353008449077606,0.03732402250170708,-88.0824203491211,1.8051190376281738,0.039636626839637756,0.02162669599056244,-88.319091796875,1.8639991283416748,0.021281542256474495,0.031751878559589386,-89.29576873779297,0.5457693934440613,-0.08584608882665634,0.03392836079001427
260,S7 compound extreme,17,-95.42654418945312,1.4260884523391724,-0.03382984176278114,0.033980291336774826,-94.27689361572266,1.9683490991592407,-0.02954215556383133,0.03349869325757027,-91.78685760498047,0.7132011651992798,-0.008676948957145214,0.010215522721409798,-78.14495086669922,2.9806151390075684,0.04348607361316681,0.05130535736680031
260,S7 compound extreme,18,-96.40564727783203,2.2860167026519775,-0.03509294614195824,0.020860476419329643,-93.44495391845703,0.791897177696228,0.009422688744962215,0.02146298438310623,-88.9189682006836,0.9185346961021423,0.06444913893938065,0.014447099529206753,-81.11840057373047,2.023848295211792,-0.007998334243893623,0.034130390733480453
260,S7 compound extreme,19,-88.7214126586914,3.961082935333252,0.1408972293138504,0.017960339784622192,-81.16083526611328,3.3074049949645996,0.27482566237449646,0.007155391853302717,-91.2027587890625,0.7493425011634827,0.11949056386947632,0.01515952032059431,-75.1605224609375,0.641459584236145,0.24848580360412598,0.029475191608071327
260,S7 compound extreme,20,-89.47869873046875,3.91070294380188,0.14773961901664734,0.054325398057699203,-82.89022064208984,2.5640509128570557,0.21671587228775024,0.03822650387883186,-89.97003936767578,0.5478245615959167,0.09084144234657288,0.028609244152903557,-71.47238159179688,1.3631489276885986,0.09518680721521378,0.059183649718761444
260,S7 compound extreme,21,-95.16173553466797,1.9326472282409668,0.019811302423477173,0.037190377712249756,-84.1705551147461,1.8794989585876465,0.15085433423519135,0.019668711349368095,-87.92058563232422,1.1020052433013916,0.17577753961086273,0.03359139338135719,-68.00394439697266,0.7212819457054138,0.2803632616996765,0.03104212135076523
260,S7 compound extreme,22,-92.61263275146484,2.6738440990448,0.1001637652516365,0.042360298335552216,-77.58322143554688,2.9448158740997314,0.19651293754577637,0.02939464896917343,-87.96560668945312,1.0621248483657837,0.10338538140058517,0.03276554122567177,-80.14305877685547,0.20371975004673004,0.18966662883758545,0.020680569112300873
260,S8 pyro-feedback ON,0,-88.56998443603516,0.9506765007972717,0.02139059267938137,0.059149034321308136,-86.02977752685547,1.4733293056488037,0.13511237502098083,0.00483901659026742,-88.60895538330078,2.152918815612793,0.1025480404496193,0.022312385961413383,-88.9442138671875,0.6009436249732971,-0.06127859279513359,0.03587502986192703
260,S8 pyro-feedback ON,1,-90.7344741821289,1.2278681993484497,-0.015906495973467827,0.023086685687303543,-94.16387939453125,1.0607620477676392,0.005072794854640961,0.03475916013121605,-89.0834732055664,1.3785489797592163,0.035200875252485275,0.028629876673221588,-86.60650634765625,1.2397264242172241,0.02515183947980404,0.062437791377305984
260,S8 pyro-feedback ON,2,-90.09127044677734,2.212681770324707,0.13848532736301422,0.04030294716358185,-80.00675201416016,1.9852378368377686,0.1983843296766281,0.05870974063873291,-87.0129623413086,0.35151955485343933,0.09812802076339722,0.020641855895519257,-90.37136840820312,0.8696044087409973,0.11832467466592789,0.06673096120357513
260,S8 pyro-feedback ON,3,-82.5697250366211,0.6309057474136353,0.23354043066501617,0.03323930874466896,-86.61431884765625,1.556084394454956,0.13486216962337494,0.025683963671326637,-92.35741424560547,0.8372225761413574,0.10278598219156265,0.02642601542174816,-79.84368133544922,0.48131388425827026,0.3110904395580292,0.04844006896018982
260,S8 pyro-feedback ON,4,-81.1703872680664,0.7131265997886658,0.2776449918746948,0.04741919785737991,-87.1059799194336,1.931196928024292,0.09275209158658981,0.041365962475538254,-89.9894790649414,1.5407546758651733,0.3121301233768463,0.011827054433524609,-80.78316497802734,1.3566352128982544,0.24641583859920502,0.036281052976846695
260,S8 pyro-feedback ON,5,-90.60601806640625,1.5786911249160767,0.09116434305906296,0.02233094535768032,-89.98202514648438,0.13811248540878296,-0.004764464218169451,0.024050453677773476,-84.22148895263672,0.17377285659313202,0.1862816959619522,0.038680195808410645,-88.44769287109375,0.4993891417980194,0.0048511154018342495,0.045708414167165756
260,S8 pyro-feedback ON,6,-85.97344207763672,2.020827054977417,0.3503764867782593,0.07551736384630203,-82.51935577392578,1.7797677516937256,0.27750054001808167,0.02080787532031536,-87.52216339111328,1.035267949104309,0.2084915041923523,0.04421365633606911,-82.40221405029297,1.1345683336257935,0.2546731233596802,0.01057856809347868
260,S8 pyro-feedback ON,7,-81.5461654663086,2.3340063095092773,0.2870430648326874,0.02121601812541485,-78.83415985107422,1.0412029027938843,0.32353928685188293,0.007971332408487797,-90.7010498046875,0.4544104337692261,0.42270350456237793,0.053842976689338684,-82.95012664794922,0.618431806564331,0.5166944861412048,0.04414360597729683
260,S8 pyro-feedback ON,8,-83.66736602783203,1.3712965250015259,0.19958443939685822,0.018238458782434464,-87.33470916748047,1.1301014423370361,0.2198600023984909,0.012373862788081169,-72.31478118896484,0.7613782286643982,0.45770779252052307,0.04328756034374237,-79.78267669677734,0.8081982731819153,0.5081977248191833,0.046010181307792664
260,S8 pyro-feedback ON,9,-87.32064056396484,1.90155827999115,0.013689014129340649,0.045333437621593475,-84.93331146240234,0.7686715722084045,0.12897536158561707,0.018241645768284798,-87.74816131591797,0.6479830741882324,0.07661624997854233,0.030397385358810425,-82.36247253417969,1.6199400424957275,0.09401877969503403,0.019285468384623528
260,S8 pyro-feedback ON,10,-83.58467864990234,1.0212187767028809,0.1957186907529831,0.02065329998731613,-83.84510040283203,1.906427264213562,0.14858628809452057,0.03751843050122261,-81.44085693359375,0.819866418838501,0.14110510051250458,0.022772060707211494,-82.39640045166016,0.8001929521560669,0.13880868256092072,0.06293037533760071
260,S8 pyro-feedback ON,11,-85.22808074951172,1.331786036491394,0.1428423374891281,0.01950458623468876,-79.41405487060547,1.3312052488327026,0.4437768757343292,0.042663514614105225,-79.66895294189453,1.6050299406051636,0.33244529366493225,0.04201197996735573,-75.15491485595703,0.47539985179901123,0.6879495978355408,0.06179024651646614
260,S8 pyro-feedback ON,12,-69.9702377319336,0.8430193066596985,0.4535110890865326,0.011873693205416203,-74.95825958251953,1.0140159130096436,0.3769650459289551,0.04838525503873825,-82.88265228271484,0.9430046081542969,0.5543933510780334,0.030466558411717415,-76.26726531982422,0.6909288167953491,0.31097251176834106,0.027628151699900627
260,S8 pyro-feedback ON,13,-79.48509979248047,0.4138900935649872,0.1722983866930008,0.06328416615724564,-82.15508270263672,0.5306193828582764,0.13309906423091888,0.054224614053964615,-84.86988830566406,1.388558268547058,0.05711093544960022,0.01319926418364048,-80.8363265991211,2.0908000469207764,0.14886067807674408,0.03654339909553528
260,S8 pyro-feedback ON,14,-78.150146484375,0.6666809320449829,0.46806082129478455,0.034557122737169266,-82.58763885498047,0.8868758678436279,0.17886769771575928,0.01944725587964058,-84.58574676513672,0.6514254808425903,0.08057587593793869,0.043168697506189346,-83.70488739013672,1.1816022396087646,0.21023154258728027,0.033345457166433334
260,S8 pyro-feedback ON,15,-68.4069595336914,0.5582482814788818,0.5105193853378296,0.06615610420703888,-77.72307586669922,0.5688199996948242,0.31083741784095764,0.006674246862530708,-86.5187759399414,1.8168623447418213,0.2730756998062134,0.02796018496155739,-66.47249603271484,1.7236658334732056,0.5605472326278687,0.04316200315952301
260,S8 pyro-feedback ON,16,-83.70038604736328,3.018977165222168,0.18880398571491241,0.012360557913780212,-80.04476165771484,1.3681414127349854,0.09527251869440079,0.03487909212708473,-86.78289794921875,2.466414213180542,0.007518294733017683,0.02378351241350174,-82.48819732666016,0.484336256980896,0.042545635253190994,0.058724451810121536
260,S8 pyro-feedback ON,17,-89.2903060913086,1.8841737508773804,0.15087497234344482,0.042880669236183167,-83.10745239257812,0.9903834462165833,0.16551660001277924,0.01822929084300995,-90.76712799072266,0.6798166036605835,0.10264146327972412,0.010325241833925247,-83.9078598022461,0.7299990653991699,0.15268312394618988,0.038471538573503494
260,S8 pyro-feedback ON,18,-86.4034194946289,1.8385447263717651,0.1284981220960617,0.023829389363527298,-86.34273529052734,0.7258754968643188,0.0778595581650734,0.02468189038336277,-89.0237808227539,0.9949473738670349,0.06908423453569412,0.03305673599243164,-76.62476348876953,0.35007429122924805,0.25507625937461853,0.016240723431110382
260,S8 pyro-feedback ON,19,-67.84954071044922,1.3017786741256714,0.3590332567691803,0.04871988296508789,-75.63866424560547,1.6163527965545654,0.36675557494163513,0.016992777585983276,-78.46200561523438,1.4702858924865723,0.2906053066253662,0.05097723379731178,-69.06334686279297,2.9136741161346436,0.5214377045631409,0.04616015776991844
260,S8 pyro-feedback ON,20,-77.44888305664062,3.4925625324249268,0.286391019821167,0.042104076594114304,-79.40465545654297,1.297135353088379,0.20655305683612823,0.007972643710672855,-79.50310516357422,0.846747636795044,0.22688479721546173,0.010011398233473301,-59.77566909790039,2.419424057006836,0.21485133469104767,0.019500166177749634
260,S8 pyro-feedback ON,21,-84.27994537353516,0.13077276945114136,0.0957866683602333,0.026568222790956497,-82.91305541992188,1.6613820791244507,0.11427534371614456,0.014248932711780071,-70.94269561767578,1.8374273777008057,0.28634414076805115,0.0288967564702034,-78.065185546875,0.4814111590385437,0.37502264976501465,0.04310173541307449
260,S8 pyro-feedback ON,22,-83.07015228271484,3.2369556427001953,0.31429073214530945,0.022838378325104713,-72.72333526611328,2.1269681453704834,0.3451036512851715,0.04358609393239021,-75.90192413330078,1.412308692932129,0.12628492712974548,0.008605903945863247,-77.03797149658203,1.0978425741195679,0.2683494985103607,0.05645483732223511
